jornada,conductor,perfil,semana,dia,km_declarado_base,autopista_real,congestion_real,paradas_extra_km,estilo,aux_kw,zona_relieve,desnivel_ruta_m,masa_kg,cda_m2,ralenti_l_h,p0_kw,cilindrada_l,origen,km_dia,horas_dia,detenciones_km,vel_mov_media,vel_media,pct_detenido,acel_pos_media,pct_sobre_60,energia_cinetica_km,desnivel_pos_km,ahorro_conservador,ahorro_base,litros_base,kml_base,e_freno_kwh,e_regen_kwh,e_asist_kwh,pct_energia_frenos,ahorro_optimista
S001-01,S001,colectivo,1,1,211.0577932391222,0.015636687198646113,0.8148234095967247,1.1044264520620217,0.9585039084772317,1.428383924884288,plano,19.51227437810875,1408.9460466248552,0.6193913579541304,0.6785787232953359,10.660431993544755,1.6400664605453468,sintetico,232.79101643956247,12.552777777777777,3.458037222879669,21.907674244386456,18.544980287285348,15.355167072361143,0.607530842072661,3.308254038504094,0.21680303632018155,4.823441362690915,14.059718404790784,17.697417544234053,21.186720681014492,10.987590762366894,17.94352754117655,15.447293675715548,13.54497605843067,67.95264852787764,20.012576123765914
S001-02,S001,colectivo,1,2,211.0577932391222,0.015636687198646113,0.8148234095967247,1.1044264520620217,0.9585039084772317,0.6385772694021717,plano,19.51227437810875,1408.9460466248552,0.6193913579541304,0.6785787232953359,10.660431993544755,1.6400664605453468,sintetico,218.0254476637982,10.314166666666667,3.0730357725633946,25.096499556895793,21.138445277252792,15.776574829657159,0.6280760874259014,7.667447685222591,0.20745269733513316,1.3303746870864506,14.479531887267315,18.252809315034856,17.446138610073334,12.497060383201996,15.339026079523121,13.161394574488378,11.626741814003095,60.31577104319755,20.652573664399203
S001-03,S001,colectivo,1,3,211.0577932391222,0.015636687198646113,0.8148234095967247,1.1044264520620217,0.9585039084772317,1.4804683561944008,plano,19.51227437810875,1408.9460466248552,0.6193913579541304,0.6785787232953359,10.660431993544755,1.6400664605453468,sintetico,220.71464841300707,12.099444444444444,3.624589512985196,21.76369556269341,18.24171757855791,16.187611919739197,0.6159907594518705,3.0901326966343725,0.21993458176286668,4.459938035573857,14.239467534926785,17.824396549455248,20.41441667578478,10.811704880836242,17.462423107474567,14.966230757489095,13.145853782624032,69.50045950279548,20.141923222051098
S001-04,S001,colectivo,1,4,211.0577932391222,0.015636687198646113,0.8148234095967247,1.1044264520620217,0.9585039084772317,1.1134435223101766,plano,19.51227437810875,1408.9460466248552,0.6193913579541304,0.6785787232953359,10.660431993544755,1.6400664605453468,sintetico,237.25120820687096,11.899166666666666,3.114841882514797,23.43164249668315,19.93847257148576,14.912342134136377,0.6222908617877653,3.886826808600042,0.21493163615822009,3.0421268244758366,14.448588748496958,18.374187430151807,20.106766872059115,11.79957024998193,17.749463239301,15.215093260192472,13.369724031221867,67.03299392007558,20.813299314640712
S001-05,S001,colectivo,1,5,211.0577932391222,0.015636687198646113,0.8148234095967247,1.1044264520620217,0.9585039084772317,0.7087207664991577,plano,19.51227437810875,1408.9460466248552,0.6193913579541304,0.6785787232953359,10.660431993544755,1.6400664605453468,sintetico,249.4218268263919,12.20861111111111,2.9909170720622114,23.798473346656312,20.429991958658754,14.158949739482606,0.6084077257371501,5.9498077404382155,0.20409827196072902,3.2928788269552896,14.200248262710954,17.939516507193606,20.15533941479094,12.374975270491072,17.471496189858144,14.953099529450817,13.14345026114304,62.341358143127295,20.3009393131101
S001-06,S001,colectivo,2,6,211.0577932391222,0.015636687198646113,0.8148234095967247,1.1044264520620217,0.9585039084772317,1.2249604719372658,plano,19.51227437810875,1408.9460466248552,0.6193913579541304,0.6785787232953359,10.660431993544755,1.6400664605453468,sintetico,234.31627884673856,13.0975,3.7556076100695925,21.26186212852399,17.890152994597333,15.86392653390172,0.617972215540414,3.3106402833449984,0.22779546263088357,3.2520312725883906,14.654862347527713,18.410193902086036,21.488643771226233,10.90419113189885,18.875344560529726,16.273017414623553,14.253536277520416,70.18841511618194,20.757689275650634
S001-07,S001,colectivo,2,7,211.0577932391222,0.015636687198646113,0.8148234095967247,1.1044264520620217,0.9585039084772317,1.1403149363144651,plano,19.51227437810875,1408.9460466248552,0.6193913579541304,0.6785787232953359,10.660431993544755,1.6400664605453468,sintetico,191.76580054319274,8.73,2.8315789283694324,25.85757752692286,21.966300176768925,15.053455517373044,0.6164280160744945,8.37151584574265,0.19941906159520748,3.2149311137601497,13.344730324159745,17.171078711066354,15.71479386371281,12.202883614401147,13.09223450614824,11.160462279647225,9.972333255659613,59.16571345050318,19.527509674506987
S001-08,S001,colectivo,2,8,211.0577932391222,0.015636687198646113,0.8148234095967247,1.1044264520620217,0.9585039084772317,1.2511673564750585,plano,19.51227437810875,1408.9460466248552,0.6193913579541304,0.6785787232953359,10.660431993544755,1.6400664605453468,sintetico,231.37873744500888,12.600833333333334,3.5526168440406605,21.973602784280253,18.362177430990716,16.440711593148603,0.617537617670482,3.059762361395851,0.2249624992772601,2.0691772850384176,14.503999465009025,18.238526273101776,20.829307814076355,11.108325802773155,18.151007589806,15.63458223447436,13.710860057470919,69.38764555314407,20.59970078981716
S001-09,S001,colectivo,2,9,211.0577932391222,0.015636687198646113,0.8148234095967247,1.1044264520620217,0.9585039084772317,1.5535012424993266,plano,19.51227437810875,1408.9460466248552,0.6193913579541304,0.6785787232953359,10.660431993544755,1.6400664605453468,sintetico,231.34022214843168,10.729722222222222,2.675712827849017,25.203148044022527,21.560690701694515,14.456209387216196,0.6092952959960329,5.69032024231755,0.20969661706695528,3.2400363884853824,14.106248628316129,17.873084270240575,19.519730243483913,11.851609590027905,16.805753662051092,14.38293648456052,12.6877575918806,64.49212562740182,20.2149430035546
S001-10,S001,colectivo,2,10,211.0577932391222,0.015636687198646113,0.8148234095967247,1.1044264520620217,0.9585039084772317,0.8950524183728943,plano,19.51227437810875,1408.9460466248552,0.6193913579541304,0.6785787232953359,10.660431993544755,1.6400664605453468,sintetico,231.458409820518,12.134444444444444,3.426101478079468,22.490226759732312,19.074495818923744,15.193205750389158,0.6239442253776851,5.079663034520649,0.22493988987596175,2.119797418979443,14.981160971802131,18.942628470460118,20.04215918036603,11.548576564907357,18.16034743007633,15.610493407433244,13.68656950040144,68.14056703956993,21.40529996500904
S002-01,S002,colectivo,1,1,168.1121388765426,0.014827602902976186,0.9551990515015272,1.2353302761311133,0.9863767388247431,0.6472000512305014,intermedio,137.80703062630914,1298.4072324529316,0.6375300893239343,0.5062855624433525,7.945675795343894,1.2224116608221376,sintetico,164.19765873188118,8.668611111111112,3.5445085179341653,22.418164617432144,18.941633974261293,15.509340853013748,0.6261712524061284,5.389816387348993,0.21634049006634373,7.622965791087896,16.73443093253651,20.991752781338885,11.798689632288506,13.916601237016602,12.033380795646865,10.294835981307768,9.203789859348014,65.23624195695598,23.838730101226275
S002-02,S002,colectivo,1,2,168.1121388765426,0.014827602902976186,0.9551990515015272,1.2353302761311133,0.9863767388247431,0.8446357478475006,intermedio,137.80703062630914,1298.4072324529316,0.6375300893239343,0.5062855624433525,7.945675795343894,1.2224116608221376,sintetico,165.04079296205373,9.609166666666667,3.7990607579312843,20.140490308296503,17.17534919386562,14.725522504552943,0.6105152102890016,2.064001387563958,0.22355040848863206,7.73047442048767,17.32737502457462,21.464646366630543,12.439719227561863,13.267244215318284,12.78554650266508,11.078432924093233,9.82954679727251,71.6897305675351,24.22773498184553
S002-03,S002,colectivo,1,3,168.1121388765426,0.014827602902976186,0.9551990515015272,1.2353302761311133,0.9863767388247431,1.3699563568800772,intermedio,137.80703062630914,1298.4072324529316,0.6375300893239343,0.5062855624433525,7.945675795343894,1.2224116608221376,sintetico,176.95717522920447,8.270833333333334,3.0176792735775444,25.479912656691646,21.39532597229676,16.0335852225021,0.6267782006461773,8.34592779177162,0.20490115300598902,7.810349610910855,14.766358039949411,18.628263422161773,12.89480592003417,13.723135991854894,11.747352277787117,10.034565049896756,8.943608208866536,58.872675771682836,21.10731781675672
S002-04,S002,colectivo,1,4,168.1121388765426,0.014827602902976186,0.9551990515015272,1.2353302761311133,0.9863767388247431,1.0186075390562492,intermedio,137.80703062630914,1298.4072324529316,0.6375300893239343,0.5062855624433525,7.945675795343894,1.2224116608221376,sintetico,188.96324749583547,10.311666666666667,3.4662825109122632,22.119775009912114,18.32518967148881,17.1569419751091,0.6309190118853155,3.860244598890146,0.22546651937347384,7.977942616182842,17.045783696325337,21.211060227979136,14.256363145456735,13.254660081807394,14.448078124689163,12.53897820298996,11.12815150886839,68.60855988039448,23.870143500313524
S002-05,S002,colectivo,1,5,168.1121388765426,0.014827602902976186,0.9551990515015272,1.2353302761311133,0.9863767388247431,1.0765981607168835,intermedio,137.80703062630914,1298.4072324529316,0.6375300893239343,0.5062855624433525,7.945675795343894,1.2224116608221376,sintetico,194.8630818731771,11.592222222222222,3.9207016160056156,20.01797573575531,16.809812487861535,16.028467363174542,0.634122812101805,2.06556120003834,0.23798587871853744,7.96618086911057,17.231670567976145,21.288817618394155,15.465279004545627,12.600036625003792,15.799918203035407,13.65367032559301,11.996743097199909,71.98983198233391,24.031081127879087
S002-06,S002,colectivo,2,6,168.1121388765426,0.014827602902976186,0.9551990515015272,1.2353302761311133,0.9863767388247431,1.396383916404142,intermedio,137.80703062630914,1298.4072324529316,0.6375300893239343,0.5062855624433525,7.945675795343894,1.2224116608221376,sintetico,156.01135330911947,6.718055555555556,2.6664726071296965,27.28224489039652,23.22269472453298,14.881124664047965,0.595914903996574,9.530700847632831,0.1786714842799967,8.279051962763837,13.489449416679557,16.7242874893822,10.801591670899523,14.443367057600252,8.77104280584023,7.618004189237273,6.970513270134774,51.53734325698143,18.81605310669439
S002-07,S002,colectivo,2,7,168.1121388765426,0.014827602902976186,0.9551990515015272,1.2353302761311133,0.9863767388247431,1.4837098777328568,intermedio,137.80703062630914,1298.4072324529316,0.6375300893239343,0.5062855624433525,7.945675795343894,1.2224116608221376,sintetico,164.78532725192014,7.339444444444444,2.7429626626222157,26.40728376734416,22.452016429752195,14.979940958292332,0.6370403198542485,8.349103020210432,0.20333192038762252,7.69495251081269,15.806853207462183,19.912867328629666,11.74593341084931,14.029138552727847,11.290562365616903,9.723799863884212,8.73642259877829,60.59023380452416,22.521869383086614
S002-08,S002,colectivo,2,8,168.1121388765426,0.014827602902976186,0.9551990515015272,1.2353302761311133,0.9863767388247431,1.0180141281625152,intermedio,137.80703062630914,1298.4072324529316,0.6375300893239343,0.5062855624433525,7.945675795343894,1.2224116608221376,sintetico,197.84912648872574,10.694722222222222,3.568375623029252,21.976634739765686,18.49969754965878,15.822965637256175,0.6325721052316419,3.3947170203371337,0.23345905268357373,7.731345530452126,17.09140998677107,21.564745638379012,15.000419622047934,13.189572790212008,15.575076549499975,13.391726190407006,11.757618614850761,69.65266993149572,24.451930145813137
S002-09,S002,colectivo,2,9,168.1121388765426,0.014827602902976186,0.9551990515015272,1.2353302761311133,0.9863767388247431,1.5695719762708427,intermedio,137.80703062630914,1298.4072324529316,0.6375300893239343,0.5062855624433525,7.945675795343894,1.2224116608221376,sintetico,149.63767083290395,7.178333333333334,3.0406781759393016,24.67522850400476,20.84574007423784,15.52124448572092,0.6215419885954474,7.441374506617135,0.21810443382474104,7.753813238696688,16.005550562086633,20.27007171049045,11.316628239189303,13.222814045857856,11.03309890577438,9.514396488693121,8.597087013557719,63.98962785276072,22.93633928862355
S002-10,S002,colectivo,2,10,168.1121388765426,0.014827602902976186,0.9551990515015272,1.2353302761311133,0.9863767388247431,0.48299322340608764,intermedio,137.80703062630914,1298.4072324529316,0.6375300893239343,0.5062855624433525,7.945675795343894,1.2224116608221376,sintetico,177.0078198371602,10.367222222222223,3.819040314839716,20.373972112826728,17.073794314714558,16.199560580890626,0.6255919509494862,1.8782487540860617,0.22501316001032115,7.948876163569249,17.64577471233133,21.88711819991,12.901938321690423,13.719474967538716,13.540553563852727,11.735424659119808,10.401201393415635,70.6624382129016,24.703436424833917
S003-01,S003,colectivo,1,1,142.73449669067614,0.03352737476566334,0.9329109285850911,1.7145308757546913,0.9512739558148029,0.9639659109399851,plano,35.75226333875934,1480.296178825709,0.6558904025408532,0.6451145216581016,10.377986562034916,1.596613317236141,sintetico,145.31906727091786,8.391944444444444,3.9499290133062424,21.03304393847327,17.316495388279247,17.675681043328588,0.6202186716544443,3.422594419251266,0.2257858722520585,3.885505788323399,15.375643007616103,19.436905756447825,13.271253783552732,10.949912468030263,12.27439565630682,10.56488514332685,9.439273718010163,70.20930944952335,21.910072844773183
S003-02,S003,colectivo,1,2,142.73449669067614,0.03352737476566334,0.9329109285850911,1.7145308757546913,0.9512739558148029,1.2055153375327419,plano,35.75226333875934,1480.296178825709,0.6558904025408532,0.6451145216581016,10.377986562034916,1.596613317236141,sintetico,169.89366882734706,9.086666666666666,3.6552274389405635,22.849840863001976,18.697028851138707,18.179872829542674,0.6369878715360906,4.909513328442162,0.22156941196632424,1.4166139740911892,14.455518601295116,18.583553969926903,15.38634166527828,11.04184948724615,13.796392648685305,11.736320944859132,10.440095028295971,66.21215372209625,21.065138097228704
S003-03,S003,colectivo,1,3,142.73449669067614,0.03352737476566334,0.9329109285850911,1.7145308757546913,0.9512739558148029,1.3172234526451243,plano,35.75226333875934,1480.296178825709,0.6558904025408532,0.6451145216581016,10.377986562034916,1.596613317236141,sintetico,151.52487602081058,8.66,4.09173738518584,21.279686508403955,17.497098847668656,17.782909930715935,0.6320033565636427,3.3038234539389277,0.2282918160326969,3.1239418456934076,15.02196005747432,19.016887273922315,14.19729630867991,10.672798026210925,12.90409631924187,11.055523431596754,9.884219892996175,70.51943545120865,21.486337951697227
S003-04,S003,colectivo,1,4,142.73449669067614,0.03352737476566334,0.9329109285850911,1.7145308757546913,0.9512739558148029,1.3294077966284703,plano,35.75226333875934,1480.296178825709,0.6558904025408532,0.6451145216581016,10.377986562034916,1.596613317236141,sintetico,130.19495144249285,6.859444444444445,3.4947591666100326,22.985240437583897,18.980393018262504,17.429335061148457,0.6205810825882941,5.61674900785616,0.21313364510045307,2.429466585051129,13.8583435124932,17.782634722832565,11.728523254960832,11.1007113693895,10.050235396726556,8.574104855493324,7.815139179916919,64.80465017662932,20.167096602590046
S003-05,S003,colectivo,1,5,142.73449669067614,0.03352737476566334,0.9329109285850911,1.7145308757546913,0.9512739558148029,0.46446050493713664,plano,35.75226333875934,1480.296178825709,0.6558904025408532,0.6451145216581016,10.377986562034916,1.596613317236141,sintetico,144.39424819087296,7.720277777777778,3.628953414455477,22.673492329173566,18.703245187174563,17.515201669485123,0.6152433872558539,5.217141006728313,0.20942215267713524,1.8194440014762194,14.76766061512603,18.751347861361413,12.12581547905078,11.908003089799308,10.947223589578556,9.359634290650094,8.454426366413948,63.199505827682515,21.221034966951546
S003-06,S003,colectivo,2,6,142.73449669067614,0.03352737476566334,0.9329109285850911,1.7145308757546913,0.9512739558148029,0.548668815701833,plano,35.75226333875934,1480.296178825709,0.6558904025408532,0.6451145216581016,10.377986562034916,1.596613317236141,sintetico,129.84179732029534,5.321111111111111,2.6031679087606703,29.618167752098632,24.40125654380159,17.618500730841514,0.6105019076521792,11.82397160158697,0.18555604005120085,2.4062736266091123,12.983524117139241,16.512338136782187,10.04636173571501,12.924260616527995,8.012244720225963,6.871757468544998,6.382105963171394,47.12797013951083,18.707695969145117
S003-07,S003,colectivo,2,7,142.73449669067614,0.03352737476566334,0.9329109285850911,1.7145308757546913,0.9512739558148029,0.8235329873056308,plano,35.75226333875934,1480.296178825709,0.6558904025408532,0.6451145216581016,10.377986562034916,1.596613317236141,sintetico,135.93813145766015,7.9175,3.9061887515011744,20.685637962403803,17.16932509727315,17.005227519910186,0.6156305379538461,3.7855664316036908,0.22039526005246132,1.5414765776845833,14.718012293575526,18.708676099771324,12.433998905910547,10.932776533625193,11.106473337972366,9.547026757775575,8.604234206188508,68.32735234895881,21.1390423795972
S003-08,S003,colectivo,2,8,142.73449669067614,0.03352737476566334,0.9329109285850911,1.7145308757546913,0.9512739558148029,1.3732324984320585,plano,35.75226333875934,1480.296178825709,0.6558904025408532,0.6451145216581016,10.377986562034916,1.596613317236141,sintetico,157.41351738203784,8.739722222222222,3.792558669222155,21.331605652336382,18.011272369937267,15.570670311159141,0.6364382808522158,3.52159679623685,0.23641191362067973,3.2012697574395723,15.251232682557893,19.507321062920845,14.791064728091204,10.642473701239231,13.89558914471408,11.809093976597282,10.525857472076659,71.29121427887581,22.215786423497836
S003-09,S003,colectivo,2,9,142.73449669067614,0.03352737476566334,0.9329109285850911,1.7145308757546913,0.9512739558148029,0.45791916509710173,plano,35.75226333875934,1480.296178825709,0.6558904025408532,0.6451145216581016,10.377986562034916,1.596613317236141,sintetico,127.23702818457436,6.956666666666667,3.607440432624369,22.045764198245006,18.289941761079206,17.042006069318,0.6258708696528296,4.599904168663152,0.22712264405796992,2.740273276439502,15.910507397471775,20.14845164392894,10.903064125316073,11.66984131452917,10.555983014010085,9.015129189817726,8.185829229396152,67.31718527470404,22.74447648843082
S003-10,S003,colectivo,2,10,142.73449669067614,0.03352737476566334,0.9329109285850911,1.7145308757546913,0.9512739558148029,0.5490573894194906,plano,35.75226333875934,1480.296178825709,0.6558904025408532,0.6451145216581016,10.377986562034916,1.596613317236141,sintetico,160.93685761294765,9.098888888888888,3.8959378808546883,21.413503575144293,17.687528617859677,17.407497862986933,0.6431019589280343,4.518256197337892,0.23511031501625196,1.6843683152374176,16.016373764860855,20.485759117650453,14.205454045626702,11.329230103876458,14.007409408255514,11.91482213695658,10.5979503139967,69.92722459983895,23.245423235595617
S004-01,S004,colectivo,1,1,216.49886691674646,0.01181389569328253,0.6643757226557844,1.0359369133492806,0.9908487476230152,0.5541437247037725,plano,19.064187143182437,1383.6934961260542,0.6517392199888177,0.5921402871923728,9.658709146613406,1.4859552533251394,sintetico,203.01064072784257,7.876111111111111,2.1033380243966575,29.73295992097756,25.775492227559894,13.310291316921774,0.6144554805933597,12.714255484235029,0.19969378131820148,1.634549115234827,14.984746052070117,19.204946735389186,13.846670070057739,14.661332992026438,12.973366483016916,11.034861168677718,9.855159157920442,56.09506812035484,21.81588269938943
S004-02,S004,colectivo,1,2,216.49886691674646,0.01181389569328253,0.6643757226557844,1.0359369133492806,0.9908487476230152,0.7304480463046266,plano,19.064187143182437,1383.6934961260542,0.6517392199888177,0.5921402871923728,9.658709146613406,1.4859552533251394,sintetico,220.79604745382318,10.74,2.984654877655008,24.012490941480188,20.5582911968178,14.385474860335195,0.6327435611385684,4.901200082764329,0.22934807054584694,1.8908596319575375,16.455867062686444,20.93636298095207,17.083202760769147,12.92474546756958,17.253467777195517,14.74079948780018,12.992671368606446,67.50535628330238,23.768677500344268
S004-03,S004,colectivo,1,3,216.49886691674646,0.01181389569328253,0.6643757226557844,1.0359369133492806,0.9908487476230152,1.2084395416254847,plano,19.064187143182437,1383.6934961260542,0.6517392199888177,0.5921402871923728,9.658709146613406,1.4859552533251394,sintetico,256.79438345159616,12.572777777777778,3.0218729458554154,24.395600630565443,20.4246339186458,16.27855596305952,0.6320770137299788,5.7509610710971675,0.2119661359428709,2.404727088479903,14.64928942737277,18.465397145974023,20.629820573828635,12.447727430909902,18.298635747128337,15.726518562524861,13.758414921307464,63.18778192838136,20.868858652432827
S004-04,S004,colectivo,1,4,216.49886691674646,0.01181389569328253,0.6643757226557844,1.0359369133492806,0.9908487476230152,0.9245768281236248,plano,19.064187143182437,1383.6934961260542,0.6517392199888177,0.5921402871923728,9.658709146613406,1.4859552533251394,sintetico,229.27968886533336,10.026666666666667,2.6605060527549886,27.024279905768054,22.86699024587766,15.383976063829788,0.6346919003156175,9.391622340425531,0.213026931536947,2.2752945095487442,15.180752894246336,19.444325460684855,17.231541623830548,13.305814062988334,16.23903808657342,13.834502615746336,12.233692937373114,60.427542049571535,22.11792963394073
S004-05,S004,colectivo,1,5,216.49886691674646,0.01181389569328253,0.6643757226557844,1.0359369133492806,0.9908487476230152,1.311587463751136,plano,19.064187143182437,1383.6934961260542,0.6517392199888177,0.5921402871923728,9.658709146613406,1.4859552533251394,sintetico,214.55486064904107,9.191944444444445,2.4702306831768754,27.16725171638064,23.341618516712938,14.082378894563478,0.6242184845923389,8.824151582001148,0.20364336980220668,1.5980346760636208,14.341396607113582,18.22756419289755,16.21846201765081,13.229050967689636,14.323499089754861,12.241439841481263,10.901208127689612,60.066525524931656,20.657518736237378
S004-06,S004,colectivo,2,6,216.49886691674646,0.01181389569328253,0.6643757226557844,1.0359369133492806,0.9908487476230152,1.3937076733131772,plano,19.064187143182437,1383.6934961260542,0.6517392199888177,0.5921402871923728,9.658709146613406,1.4859552533251394,sintetico,254.1582072025577,11.389166666666666,2.773862814660684,26.07252432993666,22.315786101051383,14.409404648667106,0.6335697818698007,6.968122728713934,0.22410784790358526,4.1984748214261725,15.620155455953581,19.874077214452644,20.045418983861968,12.679116730220192,19.28626547268562,16.40854715228491,14.401996235541667,64.61429641179664,22.539954136867884
S004-07,S004,colectivo,2,7,216.49886691674646,0.01181389569328253,0.6643757226557844,1.0359369133492806,0.9908487476230152,0.7689204020138058,plano,19.064187143182437,1383.6934961260542,0.6517392199888177,0.5921402871923728,9.658709146613406,1.4859552533251394,sintetico,203.00101016443975,8.329166666666667,2.369446337288513,28.212964088053614,24.372307373419478,13.613473403368351,0.6417988388755087,8.951142237785561,0.2116024214108196,2.4319944094530253,15.833278575072756,20.34997164593342,14.500151658580286,13.999923238341884,14.251881408387133,12.174456969414988,10.85741237818361,61.13817872477152,23.085920983688613
S004-08,S004,colectivo,2,8,216.49886691674646,0.01181389569328253,0.6643757226557844,1.0359369133492806,0.9908487476230152,0.474082728597369,plano,19.064187143182437,1383.6934961260542,0.6517392199888177,0.5921402871923728,9.658709146613406,1.4859552533251394,sintetico,222.56886116472353,10.16611111111111,2.704780879273399,25.856438304839898,21.893215481529175,15.32870648669326,0.632196764445417,5.951144871304443,0.21935080385365546,1.9860033542586368,16.416340283817693,21.041322801340684,16.224354451783455,13.718195187744913,16.44244454458933,14.068738097902278,12.429204508680684,64.73396552444201,23.87760021760223
S004-09,S004,colectivo,2,9,216.49886691674646,0.01181389569328253,0.6643757226557844,1.0359369133492806,0.9908487476230152,1.483639037162868,plano,19.064187143182437,1383.6934961260542,0.6517392199888177,0.5921402871923728,9.658709146613406,1.4859552533251394,sintetico,203.6604683173911,9.000833333333333,2.4992577312881252,26.244674786453206,22.626845845835508,13.785760577724284,0.6210830121285124,6.872820417862544,0.2108405077970177,3.1691871245288605,14.572730367104437,18.570724302758176,15.94738604640804,12.770774327825542,14.299841756333072,12.244241232273785,10.903639389956796,61.85164845827567,21.05600738118864
S004-10,S004,colectivo,2,10,216.49886691674646,0.01181389569328253,0.6643757226557844,1.0359369133492806,0.9908487476230152,1.483779833866012,plano,19.064187143182437,1383.6934961260542,0.6517392199888177,0.5921402871923728,9.658709146613406,1.4859552533251394,sintetico,224.9957527644691,9.804444444444444,2.56893738169833,26.644092518878583,22.948342870356097,13.871260199456028,0.6495736564624435,6.663644605621033,0.21933840196560633,1.8683144294447198,15.321648349444931,19.50512813623536,17.538254259739137,12.828856819630559,16.47474338492203,14.097899520952845,12.43176803131239,63.95504882049414,22.108185703973824
S005-01,S005,colectivo,1,1,203.7982169644149,0.02777523254196664,0.6185266482497731,1.2439017583669472,1.0550898470258607,0.9335118645307228,plano,38.52839337389802,1600.7758615079745,0.6464027591207483,0.8029611609516896,13.73770383287459,2.1134928973653215,sintetico,196.9890997610071,5.962777777777778,1.6752195954007891,38.1453799763125,33.03646506753124,13.393273083015,0.6477527717274707,20.60467716388708,0.18508004098940323,2.6613019295346545,11.861757425349603,16.040899803840524,15.935856732030256,12.36137492156723,13.121876138414397,10.527410901458088,9.49905879351672,47.35414990572103,18.714890882392236
S005-02,S005,colectivo,1,2,203.7982169644149,0.02777523254196664,0.6185266482497731,1.2439017583669472,1.0550898470258607,0.6926682073064897,plano,38.52839337389802,1600.7758615079745,0.6464027591207483,0.8029611609516896,13.73770383287459,2.1134928973653215,sintetico,196.9531709867007,8.086388888888889,2.579293328739057,28.589976433553332,24.356133954591822,14.808835148225757,0.67316174314463,9.546219642059702,0.22835496761344196,2.8688753408868974,14.710860502760877,19.604151055591764,18.003250748291936,10.939867124018516,17.73226766070761,14.37123507238753,12.74900847610746,63.28557942396311,22.654407922432313
S005-03,S005,colectivo,1,3,203.7982169644149,0.02777523254196664,0.6185266482497731,1.2439017583669472,1.0550898470258607,0.7560985268502327,plano,38.52839337389802,1600.7758615079745,0.6464027591207483,0.8029611609516896,13.73770383287459,2.1134928973653215,sintetico,187.10020284979382,7.8436111111111115,2.5761596869403456,27.495641517706567,23.853834694169272,13.245033112582782,0.6822914390293764,9.207777030137763,0.23217546996256697,2.199094519295713,15.1309520624796,20.086725464983502,17.04664955410793,10.975775753230412,17.141840708759318,13.936576485130713,12.324578624856615,66.82212736498259,23.220259417381257
S005-04,S005,colectivo,1,4,203.7982169644149,0.02777523254196664,0.6185266482497731,1.2439017583669472,1.0550898470258607,0.5099201028346771,plano,38.52839337389802,1600.7758615079745,0.6464027591207483,0.8029611609516896,13.73770383287459,2.1134928973653215,sintetico,200.63471698362432,8.02138888888889,2.357518215746311,29.473801564557558,25.012466015896646,15.136613914187762,0.6663301157330371,10.65207604668075,0.23399539285706292,3.3967492940221726,15.35573108257521,20.722081847436268,17.717373425909248,11.324179502263206,18.45876960589963,14.948945773428182,13.202193812486518,65.29618235084216,24.049971428534914
S005-05,S005,colectivo,1,5,203.7982169644149,0.02777523254196664,0.6185266482497731,1.2439017583669472,1.0550898470258607,0.43055340305423834,plano,38.52839337389802,1600.7758615079745,0.6464027591207483,0.8029611609516896,13.73770383287459,2.1134928973653215,sintetico,228.9142174045092,8.745555555555555,2.2322772512509492,31.182502749214205,26.174920043712145,16.0589505780714,0.6712396543592553,12.841443272773473,0.22560483829532185,2.2335050764756765,14.762876969751748,19.77011975688764,19.744023353516077,11.594101835568559,19.703516108951845,15.913185928894647,14.022861455290503,60.409463793759905,22.93270064999477
S005-06,S005,colectivo,2,6,203.7982169644149,0.02777523254196664,0.6185266482497731,1.2439017583669472,1.0550898470258607,1.3237586466039686,plano,38.52839337389802,1600.7758615079745,0.6464027591207483,0.8029611609516896,13.73770383287459,2.1134928973653215,sintetico,239.57429616967863,9.460833333333333,2.279042487985836,29.806036294264686,25.322747767428375,15.04154555330456,0.6628450101658099,10.637423294870665,0.21985697208729374,2.8181971915939656,13.724370656460225,18.246532077131704,22.157232918568667,10.812464582114204,20.321556324453752,16.503907217129957,14.514444437707997,60.57979795573389,21.093653885244596
S005-07,S005,colectivo,2,7,203.7982169644149,0.02777523254196664,0.6185266482497731,1.2439017583669472,1.0550898470258607,0.4511971473329927,plano,38.52839337389802,1600.7758615079745,0.6464027591207483,0.8029611609516896,13.73770383287459,2.1134928973653215,sintetico,190.73617173653318,5.832222222222223,1.7406242191889891,37.22690258885983,32.703858746976536,12.1499333206325,0.6704130825529849,18.3273004381787,0.19241887318828435,2.050261844657798,12.715317680736076,17.21463909497277,15.186204588155553,12.559831564846522,13.420423785643612,10.749682360406084,9.673742022257443,48.809460724349925,20.066409326353487
S005-08,S005,colectivo,2,8,203.7982169644149,0.02777523254196664,0.6185266482497731,1.2439017583669472,1.0550898470258607,0.9701562036944192,plano,38.52839337389802,1600.7758615079745,0.6464027591207483,0.8029611609516896,13.73770383287459,2.1134928973653215,sintetico,209.54456172632229,7.240277777777778,1.923218606485918,33.36549260094477,28.941508621322086,13.259159792825628,0.6793761759928788,15.21580663725302,0.2210183290829321,1.890410253325911,14.174318533178026,19.31070073125239,17.94404778696475,11.677664048495435,17.65367430574809,14.12395822334233,12.54032608387161,60.04682960412658,22.455175611268846
S005-09,S005,colectivo,2,9,203.7982169644149,0.02777523254196664,0.6185266482497731,1.2439017583669472,1.0550898470258607,0.500468728352403,plano,38.52839337389802,1600.7758615079745,0.6464027591207483,0.8029611609516896,13.73770383287459,2.1134928973653215,sintetico,217.4941531952237,8.135833333333334,2.257531951028018,31.44114972102981,26.732867339369907,14.97490525453242,0.6598258816631509,13.86185940114036,0.21125122260979964,3.574688604204683,13.546100033446345,18.34406823552242,18.80322328255211,11.566854784787932,17.600943665826495,14.106330506983657,12.476631136893293,57.326829109229976,21.38981701207181
S005-10,S005,colectivo,2,10,203.7982169644149,0.02777523254196664,0.6185266482497731,1.2439017583669472,1.0550898470258607,0.5354141613766834,plano,38.52839337389802,1600.7758615079745,0.6464027591207483,0.8029611609516896,13.73770383287459,2.1134928973653215,sintetico,220.96736861027296,8.253055555555555,2.249200880319005,31.045643640361497,26.77400716896041,13.75921375921376,0.6863811133618885,11.167581030594729,0.22758898940223174,3.9026898002156334,15.291833521924175,20.523279266503966,19.02757355158489,11.613008248856177,19.788633227585446,15.90971685740319,14.014917029832858,62.639521348203985,23.779490073851363
S006-01,S006,colectivo,1,1,150.75444439653884,0.011450526900080742,0.693242775720115,1.05066868163798,1.0124708755764953,0.7171304563368357,plano,21.985402709025788,1488.011934353342,0.7167153568779226,0.6723682103013472,10.90811438171651,1.6781714433410015,sintetico,171.96029644339558,8.895555555555555,3.308903344367626,22.81985650236745,19.33103507357682,15.28853359980015,0.6539649394009647,3.556707469397952,0.23714432238239846,2.8032316901005587,15.923397153221632,20.563108444467844,15.210459924649447,11.305397555055109,15.219849741513421,12.791092244345016,11.373141716522193,70.08197909361796,23.476604860199654
S006-02,S006,colectivo,1,2,150.75444439653884,0.011450526900080742,0.693242775720115,1.05066868163798,1.0124708755764953,0.46905968133257625,plano,21.985402709025788,1488.011934353342,0.7167153568779226,0.6723682103013472,10.90811438171651,1.6781714433410015,sintetico,167.25489536411447,7.252222222222223,2.529073956724122,26.980222400448632,23.062571752367553,14.520453500842653,0.6512859916964328,6.633981921250191,0.23124602018240578,3.8046788739195962,16.65539450045589,21.729765720077417,13.34159400212085,12.536350254514321,14.178534792719425,11.866841586707224,10.553962022158515,64.89589728257889,24.810326764594787
S006-03,S006,colectivo,1,3,150.75444439653884,0.011450526900080742,0.693242775720115,1.05066868163798,1.0124708755764953,1.2509862130039489,plano,21.985402709025788,1488.011934353342,0.7167153568779226,0.6723682103013472,10.90811438171651,1.6781714433410015,sintetico,164.95743343799552,6.478888888888889,2.2793759102788873,29.895628291219488,25.460759748618756,14.834505230663694,0.6266611900525224,12.600754587549307,0.19500779732364307,2.341814321342885,13.029677684614207,16.953839734780903,13.262310946307375,12.438061066870448,11.02625857718018,9.264585108240697,8.399685541953025,52.755548392975506,19.34503616000781
S006-04,S006,colectivo,1,4,150.75444439653884,0.011450526900080742,0.693242775720115,1.05066868163798,1.0124708755764953,1.5660561092617415,plano,21.985402709025788,1488.011934353342,0.7167153568779226,0.6723682103013472,10.90811438171651,1.6781714433410015,sintetico,138.95600937866575,6.766944444444444,3.209648880924724,24.17794266617674,20.53452788322305,15.069167932350888,0.63427430191274,6.68691761421945,0.22392260115067839,3.0380950834994795,14.012358464078904,18.065723147312266,12.900483657816526,10.771379822993767,11.317703721405676,9.554597482463594,8.649694192302464,62.359304240261714,20.6057025026803
S006-05,S006,colectivo,1,5,150.75444439653884,0.011450526900080742,0.693242775720115,1.05066868163798,1.0124708755764953,1.590553443107118,plano,21.985402709025788,1488.011934353342,0.7167153568779226,0.6723682103013472,10.90811438171651,1.6781714433410015,sintetico,144.94217997039055,6.654444444444445,2.683828821116577,25.790423482275898,21.7812593042831,15.54516613791952,0.6308174068740829,6.966939388879613,0.2162824429783708,1.354015608314939,13.766441211529605,17.799527691378742,12.937168757868072,11.203547134858253,11.230482387990943,9.449683443880375,8.566848501707353,61.292764237736236,20.32144384578642
S006-06,S006,colectivo,2,6,150.75444439653884,0.011450526900080742,0.693242775720115,1.05066868163798,1.0124708755764953,1.0270454551440267,plano,21.985402709025788,1488.011934353342,0.7167153568779226,0.6723682103013472,10.90811438171651,1.6781714433410015,sintetico,162.45393862757467,7.005,2.6222817593644443,27.359383376649934,23.191140417926434,15.235149496391468,0.6732422695790408,9.005472281703545,0.22823057068401428,2.1953068997261584,15.481300008561817,20.185770830310485,13.47417648428175,12.056687755061299,13.322396535328359,11.137604917080022,10.005154586274688,63.24423855530353,23.10335306282714
S006-07,S006,colectivo,2,7,150.75444439653884,0.011450526900080742,0.693242775720115,1.05066868163798,1.0124708755764953,1.2396048729138445,plano,21.985402709025788,1488.011934353342,0.7167153568779226,0.6723682103013472,10.90811438171651,1.6781714433410015,sintetico,163.93638001293897,7.33,2.6290686665521257,26.04116701436616,22.365126877617868,14.116264968925268,0.6353236811941607,6.916022434439897,0.2252795764822047,2.5000307745053036,15.146393769028732,19.68784142144644,13.992609499130522,11.715926183970595,13.412140458989127,11.275691518788081,10.102525467816037,64.7641572763872,22.47095585809951
S006-08,S006,colectivo,2,8,150.75444439653884,0.011450526900080742,0.693242775720115,1.05066868163798,1.0124708755764953,0.9071332715783598,plano,21.985402709025788,1488.011934353342,0.7167153568779226,0.6723682103013472,10.90811438171651,1.6781714433410015,sintetico,179.12297050851325,8.101111111111111,2.713219854607657,25.575801920860176,22.110913929181446,13.547524345082978,0.6468625802071573,6.11027293924016,0.21797435593638825,2.1977884376460417,15.235568741710614,19.677299676280644,14.790714460464457,12.110501557399981,14.129582727257485,11.91930631755134,10.628531367862564,64.86927268085647,22.41348712105956
S006-09,S006,colectivo,2,9,150.75444439653884,0.011450526900080742,0.693242775720115,1.05066868163798,1.0124708755764953,1.2731965411375459,plano,21.985402709025788,1488.011934353342,0.7167153568779226,0.6723682103013472,10.90811438171651,1.6781714433410015,sintetico,168.57501073506614,7.772222222222222,2.8829895835735795,25.47626206482676,21.689422396220092,14.864188706218728,0.6572800604618255,7.466047176554682,0.22693621857829174,1.801245061747496,14.95130228564717,19.33342031051179,14.61209603039012,11.536675531317696,13.891841615298391,11.569027008515036,10.35638115361069,65.17221918492199,22.119345475751356
S006-10,S006,colectivo,2,10,150.75444439653884,0.011450526900080742,0.693242775720115,1.05066868163798,1.0124708755764953,1.4767120337411717,plano,21.985402709025788,1488.011934353342,0.7167153568779226,0.6723682103013472,10.90811438171651,1.6781714433410015,sintetico,135.68040964610174,5.3225,2.3290024022202607,29.778057350848403,25.491857143466742,14.393820781796357,0.6457588993685608,12.13402223266009,0.2150297768661373,5.646088976727031,14.013521325650196,18.620602098491176,11.304797441536824,12.002020411933778,10.595469202085823,8.664623695497248,7.907208426703532,58.55067702290855,21.60600362194985
S007-01,S007,colectivo,1,1,220.028514518637,0.031972739066359904,0.8675244281864343,1.0933957881124774,1.025841105132711,1.1932187453151855,plano,34.75979127718742,1292.0119256745982,0.7199222184827292,0.6112012325312095,9.490785681444278,1.4601208740683504,sintetico,228.39291509476865,10.565555555555555,2.9379195047341,25.84442366068923,21.61674451417518,16.358186980755075,0.6445767636731091,7.8609738142812065,0.21694760959768022,2.4686294314182677,13.810005810863526,17.60369788117243,17.99168622088659,12.694358510411705,15.410130211035543,13.160889837226613,11.640838543068208,58.56148908275862,19.988072153328982
S007-02,S007,colectivo,1,2,220.028514518637,0.031972739066359904,0.8675244281864343,1.0933957881124774,1.025841105132711,0.9896023364071044,plano,34.75979127718742,1292.0119256745982,0.7199222184827292,0.6112012325312095,9.490785681444278,1.4601208740683504,sintetico,223.83851550235516,11.139444444444445,3.1808645549765027,23.649077179329655,20.09422611860951,15.031669243429254,0.6461746749638683,4.7503865143883095,0.23111693079706003,2.0242940429062037,15.474136444559164,19.333600910073333,17.631162075404134,12.695618958356405,16.351183537732283,14.126709430145294,12.457242630921153,65.57195310144063,21.808201217297096
S007-03,S007,colectivo,1,3,220.028514518637,0.031972739066359904,0.8675244281864343,1.0933957881124774,1.025841105132711,0.7289295097859504,plano,34.75979127718742,1292.0119256745982,0.7199222184827292,0.6112012325312095,9.490785681444278,1.4601208740683504,sintetico,224.73162670379557,9.850277777777778,2.718798457349842,26.930093074151657,22.81475018001929,15.28157694368461,0.64181201165849,8.96477820704436,0.21027123130829772,3.22931419058004,13.775986341294155,17.406091347288108,16.91383974978973,13.286848523357294,14.369166037532644,12.255779364665248,10.863825550567316,52.89787113364936,19.778196580285766
S007-04,S007,colectivo,1,4,220.028514518637,0.031972739066359904,0.8675244281864343,1.0933957881124774,1.025841105132711,0.8976364306554077,plano,34.75979127718742,1292.0119256745982,0.7199222184827292,0.6112012325312095,9.490785681444278,1.4601208740683504,sintetico,238.44648498294293,11.265,3.095034091413812,25.162167549130725,21.167020415707317,15.8775953050254,0.6443828584978828,8.231000641120481,0.22239094516990698,1.9417200183440781,14.622314734089292,18.447075324818588,18.468886269648625,12.91071272526058,16.443744026728723,14.166099348774646,12.44176180147058,59.72022061875835,20.881058756232168
S007-05,S007,colectivo,1,5,220.028514518637,0.031972739066359904,0.8675244281864343,1.0933957881124774,1.025841105132711,1.2210114925991542,plano,34.75979127718742,1292.0119256745982,0.7199222184827292,0.6112012325312095,9.490785681444278,1.4601208740683504,sintetico,253.7717187283573,12.755833333333333,3.2864182194105385,23.38670354858915,19.89456212674128,14.93216611136517,0.6525873965279891,5.529060778293156,0.23074863490933764,2.578743444453753,15.060339698761558,18.96555433137179,20.57693205106302,12.332825811865732,18.757510492202766,16.160831230481936,14.14633421361628,66.61835695295194,21.462163085667875
S007-06,S007,colectivo,2,6,220.028514518637,0.031972739066359904,0.8675244281864343,1.0933957881124774,1.025841105132711,0.7873848102329817,plano,34.75979127718742,1292.0119256745982,0.7199222184827292,0.6112012325312095,9.490785681444278,1.4601208740683504,sintetico,246.93752677487686,10.058333333333334,2.3771194587817535,28.54769095663317,24.550541187228852,14.0016570008285,0.6346265032280263,10.541286937310135,0.206629832199031,2.3334099271597104,14.280947881884527,18.342245724626267,17.57485072277966,14.05061873184553,15.74322882030435,13.413919097573181,11.853584128479861,56.189923205193665,20.87055318409793
S007-07,S007,colectivo,2,7,220.028514518637,0.031972739066359904,0.8675244281864343,1.0933957881124774,1.025841105132711,0.4581233617578826,plano,34.75979127718742,1292.0119256745982,0.7199222184827292,0.6112012325312095,9.490785681444278,1.4601208740683504,sintetico,249.56543308791208,11.155277777777778,2.796861694199942,26.457257763015598,22.37196043518224,15.44112154187106,0.6491852947435208,8.979307253666676,0.21252098245244133,1.8910555736976198,15.013618804201018,19.034839800899988,17.87227774387426,13.963829158454685,16.478192710374934,14.1550215767758,12.445126214470841,58.207179220691685,21.610502443698778
S007-08,S007,colectivo,2,8,220.028514518637,0.031972739066359904,0.8675244281864343,1.0933957881124774,1.025841105132711,0.8724112235380981,plano,34.75979127718742,1292.0119256745982,0.7199222184827292,0.6112012325312095,9.490785681444278,1.4601208740683504,sintetico,231.63131778173707,10.88888888888889,2.9011620986123137,24.956536198912204,21.27226387791463,14.762755102040817,0.6634789287972009,7.221938775510204,0.2373267648982608,2.496635193879061,15.82639878220487,20.185362980235233,17.69344302305571,13.091364833848694,17.280946516440007,14.78705130731865,13.035381643470593,64.95886636089776,22.919982983093945
S007-09,S007,colectivo,2,9,220.028514518637,0.031972739066359904,0.8675244281864343,1.0933957881124774,1.025841105132711,0.7572502852891558,plano,34.75979127718742,1292.0119256745982,0.7199222184827292,0.6112012325312095,9.490785681444278,1.4601208740683504,sintetico,212.33057720442864,8.79,2.6091390476776093,28.367478584426,24.155924596635796,14.846416382252558,0.6356926947661806,11.635697130577677,0.19576889191910718,3.104279509611098,12.906888924078945,16.43618280066549,15.573394045244006,13.634187678521673,12.486367572165314,10.694835927692878,9.552043667405972,49.201871463944,18.66372980235816
S007-10,S007,colectivo,2,10,220.028514518637,0.031972739066359904,0.8675244281864343,1.0933957881124774,1.025841105132711,0.6913421350248188,plano,34.75979127718742,1292.0119256745982,0.7199222184827292,0.6112012325312095,9.490785681444278,1.4601208740683504,sintetico,257.1860142219561,10.964166666666667,2.574012439994821,27.124557660955112,23.456959570293176,13.521319449722583,0.6439746056125235,9.36383674089838,0.22255828773563663,2.079748035952666,15.364342034951026,19.485779978974914,18.452261828058823,13.937912686176752,17.439776511348786,14.960318633582341,13.167006590727494,59.38859474312015,22.096070401927662
S008-01,S008,colectivo,1,1,171.99564141084585,0.030227367307798986,0.7854498144541893,1.7750390494528414,1.046480493034423,0.939778339254525,intermedio,97.32246242208555,1372.771848670068,0.6410564801168752,0.4909402433976043,8.407444177906157,1.293452950447101,sintetico,184.74318056352405,7.7825,2.7226986049806756,28.35054563402901,23.738282115454425,16.26869400720991,0.6662561830224132,10.147410500767391,0.21706568545726024,6.009650686953734,15.966095478353209,20.550857025065163,13.426499277963917,13.759594123445984,13.459180098826357,11.413215637941898,10.12857202405079,56.47094859660524,23.382645928049534
S008-02,S008,colectivo,1,2,171.99564141084585,0.030227367307798986,0.7854498144541893,1.7750390494528414,1.046480493034423,0.5547309388077379,intermedio,97.32246242208555,1372.771848670068,0.6410564801168752,0.4909402433976043,8.407444177906157,1.293452950447101,sintetico,194.2052454861879,9.270555555555555,3.161603583172363,25.318276372502226,20.94860920927298,17.25894408821238,0.6684488298744441,6.636902978366393,0.22789575000139417,4.672859412503116,17.738678697408655,22.954444741090846,13.703953225438463,14.171476090978429,15.273727494746367,12.952072778200952,11.471622744715376,66.48921099153914,26.125365645975986
S008-03,S008,colectivo,1,3,171.99564141084585,0.030227367307798986,0.7854498144541893,1.7750390494528414,1.046480493034423,1.331818878447502,intermedio,97.32246242208555,1372.771848670068,0.6410564801168752,0.4909402433976043,8.407444177906157,1.293452950447101,sintetico,176.08915303581523,7.835277777777778,2.867865460726515,27.067504309519,22.473887720386244,16.970964654163858,0.6696408032194595,9.008402169674195,0.23265998703466306,4.442642800648021,16.082435469593687,20.967565342513467,13.383381949021764,13.157298633973918,13.893267942536387,11.56288825579075,10.356340923307998,63.27794322275236,24.060107465557653
S008-04,S008,colectivo,1,4,171.99564141084585,0.030227367307798986,0.7854498144541893,1.7750390494528414,1.046480493034423,1.3347957307249387,intermedio,97.32246242208555,1372.771848670068,0.6410564801168752,0.4909402433976043,8.407444177906157,1.293452950447101,sintetico,182.9568754534845,7.398055555555556,2.492390618662127,29.140994232038945,24.73040031662014,15.135358389967335,0.6836249883451371,9.491983629332031,0.23608816700873286,5.212862673431512,17.068866290063184,22.160492024777213,13.389339995822308,13.664368483477903,14.54474813944514,12.221205495059579,10.906620689068408,62.90918686495794,25.304464178740993
S008-05,S008,colectivo,1,5,171.99564141084585,0.030227367307798986,0.7854498144541893,1.7750390494528414,1.046480493034423,0.5199254695007426,intermedio,97.32246242208555,1372.771848670068,0.6410564801168752,0.4909402433976043,8.407444177906157,1.293452950447101,sintetico,179.73191509982283,9.19,3.4273267474943143,23.715679887085816,19.55733570183056,17.53415548301294,0.676718511907676,5.138435497521461,0.2340091170819494,5.276765094285287,18.16960843713295,23.07949241373608,13.198781260173105,13.617311443910209,14.569330129775146,12.537904219946657,11.156385816972133,67.29275806323905,26.11011809102654
S008-06,S008,colectivo,2,6,171.99564141084585,0.030227367307798986,0.7854498144541893,1.7750390494528414,1.046480493034423,0.6516266688845327,intermedio,97.32246242208555,1372.771848670068,0.6410564801168752,0.4909402433976043,8.407444177906157,1.293452950447101,sintetico,168.18018479622384,8.040277777777778,3.2465180167423586,25.29976454249324,20.917210753719324,17.322508205216792,0.6649624065813222,6.971843150803247,0.23591876902972234,4.216996310843389,18.04614115763594,23.192973056739028,12.30398058100652,13.668762209836482,13.742832248823708,11.731945280388578,10.449660145975322,65.55637110776856,26.334127451319805
S008-07,S008,colectivo,2,7,171.99564141084585,0.030227367307798986,0.7854498144541893,1.7750390494528414,1.046480493034423,0.7703965960177386,intermedio,97.32246242208555,1372.771848670068,0.6410564801168752,0.4909402433976043,8.407444177906157,1.293452950447101,sintetico,159.25463684118364,8.132777777777777,3.4912641228429027,23.39877122799205,19.581825692610874,16.312589657763507,0.6707711589336732,4.552906619304597,0.25568097341007245,4.330002270215801,18.453025611582916,23.70398929211747,12.345848568399392,12.899448422590735,14.157276925851521,12.023367892029325,10.717594406533225,70.00214961821116,26.952173583289753
S008-08,S008,colectivo,2,8,171.99564141084585,0.030227367307798986,0.7854498144541893,1.7750390494528414,1.046480493034423,1.3094439835984581,intermedio,97.32246242208555,1372.771848670068,0.6410564801168752,0.4909402433976043,8.407444177906157,1.293452950447101,sintetico,181.6991420671666,8.885,3.285651177039207,24.76214837378103,20.45010040148189,17.41386856749828,0.6808623277640785,6.205840055024073,0.23356911850118028,5.025748074087289,17.09440147230913,21.541535429604124,14.059664519942004,12.923433685736061,14.532322422354639,12.472262930389439,11.0572413017134,65.33949681521494,24.302262706122573
S008-09,S008,colectivo,2,9,171.99564141084585,0.030227367307798986,0.7854498144541893,1.7750390494528414,1.046480493034423,0.4336425369754515,intermedio,97.32246242208555,1372.771848670068,0.6410564801168752,0.4909402433976043,8.407444177906157,1.293452950447101,sintetico,184.05610599052324,10.593333333333334,4.09114381697704,21.174127810241387,17.374711075253924,17.943675267463814,0.6638998244218638,2.7873924900356615,0.2609257673780655,4.687121532118318,19.55065573066171,24.717589676692516,14.293892655964052,12.87655577249118,16.975861685201544,14.504464858668529,12.766950548173517,73.93009647729453,27.995531461761438
S008-10,S008,colectivo,2,10,171.99564141084585,0.030227367307798986,0.7854498144541893,1.7750390494528414,1.046480493034423,0.731273389545497,intermedio,97.32246242208555,1372.771848670068,0.6410564801168752,0.4909402433976043,8.407444177906157,1.293452950447101,sintetico,175.811356387399,6.094722222222222,1.9566426598859665,33.93677656807702,28.846492092185244,14.999316348388861,0.6512665782929409,16.480561505856617,0.20399443972636472,4.468976587676527,15.252714135784423,20.159960727732475,11.461078856318322,15.339860984420053,11.583264098008314,9.595589861840017,8.695662483976887,52.27679642779924,23.190699487644327
S009-01,S009,colectivo,1,1,170.59571689704907,0.0243198552376942,0.8339349804112761,0.8720132117381848,0.9642094124288143,0.9393668975482985,piedemonte,263.59827373463816,1340.2267124971618,0.6478284334393306,0.5152557117134897,9.098973128880935,1.3998420198278363,sintetico,189.73002892480838,9.800277777777778,3.420649876447361,22.49644666399315,19.359658289994904,13.948017346447097,0.6194731876416605,4.118363991950342,0.22147554969623173,11.23076615478774,16.806355057202556,20.99999310973778,14.950484997520793,12.690560136093973,15.057149576021473,13.004188377000986,11.51195888450836,66.40074969140532,23.706382397209264
S009-02,S009,colectivo,1,2,170.59571689704907,0.0243198552376942,0.8339349804112761,0.8720132117381848,0.9642094124288143,1.3907897616656295,piedemonte,263.59827373463816,1340.2267124971618,0.6478284334393306,0.5152557117134897,9.098973128880935,1.3998420198278363,sintetico,161.4424711538144,7.44,2.570575122110269,25.265770203357597,21.69925687551269,14.120370370370368,0.5963779473643857,5.745967741935484,0.19669844241315682,11.370777302340253,15.681838981554087,19.517135595669405,12.199320900730823,13.233726079305194,11.48201071432915,9.917892836276788,8.942174515316383,60.72553970423097,22.018368143593392
S009-03,S009,colectivo,1,3,170.59571689704907,0.0243198552376942,0.8339349804112761,0.8720132117381848,0.9642094124288143,0.421522527967212,piedemonte,263.59827373463816,1340.2267124971618,0.6478284334393306,0.5152557117134897,9.098973128880935,1.3998420198278363,sintetico,182.1319908212884,9.718333333333334,3.43706779449989,22.19442535459731,18.74107262781222,15.563368204424627,0.6303555331966635,4.041616646658664,0.23148862687315278,10.83831549859549,17.704709285293237,22.3899538822354,13.863649216321573,13.137377322477674,15.058045253485776,12.846243711736104,11.396357876824224,68.69644516571442,25.473911351821258
S009-04,S009,colectivo,1,4,170.59571689704907,0.0243198552376942,0.8339349804112761,0.8720132117381848,0.9642094124288143,1.04485438971794,piedemonte,263.59827373463816,1340.2267124971618,0.6478284334393306,0.5152557117134897,9.098973128880935,1.3998420198278363,sintetico,165.19114142938406,6.959444444444444,2.4577589118091843,27.59061682177133,23.736254057068038,13.973816556238525,0.6018366513365027,9.068412229584098,0.1877309750156026,11.374271639332942,14.962361023145265,18.765793946752066,11.96775731065554,13.803015647911367,10.899177318097523,9.389352789634176,8.488864722802882,53.807359756161794,21.204351762413577
S009-05,S009,colectivo,1,5,170.59571689704907,0.0243198552376942,0.8339349804112761,0.8720132117381848,0.9642094124288143,1.3669269203238121,piedemonte,263.59827373463816,1340.2267124971618,0.6478284334393306,0.5152557117134897,9.098973128880935,1.3998420198278363,sintetico,165.92373526316953,7.311388888888889,2.5071759585220743,26.525543719438744,22.69387359702938,14.448539189240531,0.6152354521670804,9.220774286691235,0.19550709444592015,11.441600383669565,14.988447693626892,18.643784712875632,12.60673591723208,13.161514316831946,11.380350662399051,9.809882013808554,8.807447797397284,56.14934266823137,21.06458164168179
S009-06,S009,colectivo,2,6,170.59571689704907,0.0243198552376942,0.8339349804112761,0.8720132117381848,0.9642094124288143,0.6128110700392145,piedemonte,263.59827373463816,1340.2267124971618,0.6478284334393306,0.5152557117134897,9.098973128880935,1.3998420198278363,sintetico,169.92665179408834,6.163611111111111,1.9302445881029884,31.76589607636634,27.569333744590477,13.213754563071792,0.6004309109759584,14.6649240614719,0.18188639312287103,11.07247621167653,15.506104683075431,19.654578270736653,10.978827323732617,15.477668678399082,10.476899415269974,9.016350525393104,8.041741604857004,52.85899191814624,22.2598876326617
S009-07,S009,colectivo,2,7,170.59571689704907,0.0243198552376942,0.8339349804112761,0.8720132117381848,0.9642094124288143,1.1848438755636077,piedemonte,263.59827373463816,1340.2267124971618,0.6478284334393306,0.5152557117134897,9.098973128880935,1.3998420198278363,sintetico,171.7262059868751,8.508611111111112,2.975666975598677,23.45772608450282,20.182636595369082,13.966243348241978,0.6171484234129132,5.56952107342235,0.2131851959597087,10.841591622389299,16.181974246013166,20.284206187706644,13.419165072123453,12.797085739977494,13.07282538012038,11.272290581688942,9.837964204435929,65.69351854984068,22.91492379736729
S009-08,S009,colectivo,2,8,170.59571689704907,0.0243198552376942,0.8339349804112761,0.8720132117381848,0.9642094124288143,1.4094346786772158,piedemonte,263.59827373463816,1340.2267124971618,0.6478284334393306,0.5152557117134897,9.098973128880935,1.3998420198278363,sintetico,167.5013619070203,9.609722222222222,3.635791333673184,20.541394768515975,17.430406210876516,15.149588090764562,0.5953198723582385,1.9656019656019657,0.22120026601252846,11.187018405950507,15.263673425136707,19.003075602014693,14.434487875939455,11.604246949850214,13.172517379486647,11.378534226960312,10.090294864615046,67.89553546787423,21.452018324124793
S009-09,S009,colectivo,2,9,170.59571689704907,0.0243198552376942,0.8339349804112761,0.8720132117381848,0.9642094124288143,1.4350432663980972,piedemonte,263.59827373463816,1340.2267124971618,0.6478284334393306,0.5152557117134897,9.098973128880935,1.3998420198278363,sintetico,158.86334148148035,7.945555555555556,2.945928215003318,23.469638219480682,19.993987880482774,14.812613620472662,0.6034588852874091,5.597119284016221,0.20586804027074662,11.59910558691683,15.465587899489533,19.447591237522744,12.7137131708784,12.495432242829523,12.024399342554938,10.275769351466558,9.213284315953254,63.882946034284906,22.056381893825986
S009-10,S009,colectivo,2,10,170.59571689704907,0.0243198552376942,0.8339349804112761,0.8720132117381848,0.9642094124288143,1.0449459834569024,piedemonte,263.59827373463816,1340.2267124971618,0.6478284334393306,0.5152557117134897,9.098973128880935,1.3998420198278363,sintetico,151.56753297587682,7.899444444444445,3.4176184690057854,22.987239720492468,19.187112972542252,16.53421478303678,0.6356929890276812,4.92650678669386,0.22077393610584672,10.859097861828976,17.050551299432257,21.520180090918416,11.844241848996347,12.796727296540325,12.270401107962805,10.520120586105078,9.298738924172996,69.2816444438965,24.400138073490872
S010-01,S010,colectivo,1,1,137.60544977464448,0.025466096237950087,0.7842977344977832,1.8282163713946047,0.9515280898247068,0.8655542500066765,plano,6.813408019835318,1611.9220451449446,0.6303557192207436,0.7838528653148028,12.848029100364023,1.9766198615944652,sintetico,128.2787095320452,6.391944444444444,3.3520761283662743,24.42157138585389,20.068808583519306,17.830602755204033,0.6388651955845545,6.423015079744471,0.22252167226565175,1.5613430742271137,14.533346463016466,18.98983612044737,12.31832208875505,10.413651194357566,11.391525863305873,9.531832134129415,8.64487530053163,67.18625420347067,21.720869182561728
S010-02,S010,colectivo,1,2,137.60544977464448,0.025466096237950087,0.7842977344977832,1.8282163713946047,0.9515280898247068,1.3214928805240231,plano,6.813408019835318,1611.9220451449446,0.6303557192207436,0.7838528653148028,12.848029100364023,1.9766198615944652,sintetico,134.0303196830304,7.095277777777778,3.357449277627699,22.49441706586615,18.89007363500409,16.02787456445993,0.6274124168551731,2.6856673061112635,0.2224208515400336,1.408996079591307,14.127970318385879,18.227874910934325,13.703705567990744,9.780589565212185,12.064524715074654,10.166177583592546,9.161651295823374,70.46698811385416,20.746369366555555
S010-03,S010,colectivo,1,3,137.60544977464448,0.025466096237950087,0.7842977344977832,1.8282163713946047,0.9515280898247068,1.4535082009781135,plano,6.813408019835318,1611.9220451449446,0.6303557192207436,0.7838528653148028,12.848029100364023,1.9766198615944652,sintetico,153.82204611903265,7.030833333333334,3.172497131018328,26.08492467989935,21.878209712319446,16.13132630081783,0.6162297507805814,9.640077436687607,0.1974526432511314,2.2179839766830147,12.48106679809833,16.298607870058174,14.753557029136305,10.42609899533073,11.691517712837703,9.840235558317186,8.886818842421016,58.81607708074856,18.619641352931833
S010-04,S010,colectivo,1,4,137.60544977464448,0.025466096237950087,0.7842977344977832,1.8282163713946047,0.9515280898247068,1.000176009931724,plano,6.813408019835318,1611.9220451449446,0.6303557192207436,0.7838528653148028,12.848029100364023,1.9766198615944652,sintetico,134.23110058256086,7.331388888888889,3.5610227281567948,21.85997499028975,18.309095672989773,16.250520971469708,0.6300176962873184,2.803773727882393,0.23275679285937553,1.2797035839428323,14.6207262918395,18.90662978779094,13.803549704804329,9.72438999048496,12.691462690670772,10.622479112872881,9.527468571857062,72.22309796166732,21.5571560747276
S010-05,S010,colectivo,1,5,137.60544977464448,0.025466096237950087,0.7842977344977832,1.8282163713946047,0.9515280898247068,0.7095157961373428,plano,6.813408019835318,1611.9220451449446,0.6303557192207436,0.7838528653148028,12.848029100364023,1.9766198615944652,sintetico,137.23878976369124,7.020555555555555,3.2206637843504087,23.333520161848718,19.548138132044333,16.226161272453904,0.6246412693463332,5.084276331407771,0.21571098605735414,0.9125535572005903,14.253079789551311,18.54323781482943,13.150225585217598,10.436230836827912,11.848333710124404,9.93672442366031,8.956942558028125,67.90533465327155,21.188818972788685
S010-06,S010,colectivo,2,6,137.60544977464448,0.025466096237950087,0.7842977344977832,1.8282163713946047,0.9515280898247068,1.207030059380843,plano,6.813408019835318,1611.9220451449446,0.6303557192207436,0.7838528653148028,12.848029100364023,1.9766198615944652,sintetico,141.98252184253687,6.306388888888889,2.782032569037389,26.71083172205498,22.514076493552956,15.715984671629299,0.6234305581788666,8.875479011584373,0.18781598605753866,4.221534064162785,12.69778381696381,16.659237125013743,13.044606548309629,10.884385153106479,10.659555150559626,8.89913874673766,8.03472676811747,58.439426279512155,19.100425946876793
S010-07,S010,colectivo,2,7,137.60544977464448,0.025466096237950087,0.7842977344977832,1.8282163713946047,0.9515280898247068,1.2419655970262582,plano,6.813408019835318,1611.9220451449446,0.6303557192207436,0.7838528653148028,12.848029100364023,1.9766198615944652,sintetico,122.2585342838206,6.2508333333333335,3.418984224280179,23.420962440405358,19.55875765105782,16.4955783673288,0.6250863949330302,4.461627338577079,0.21014216061190547,0.6757525718947892,13.26906726201281,17.326494331863085,12.142465142808518,10.068674922754814,10.294154567959382,8.57680400816433,7.812237837748618,67.67700252694603,19.866617073333114
S010-08,S010,colectivo,2,8,137.60544977464448,0.025466096237950087,0.7842977344977832,1.8282163713946047,0.9515280898247068,1.2436068230618258,plano,6.813408019835318,1611.9220451449446,0.6303557192207436,0.7838528653148028,12.848029100364023,1.9766198615944652,sintetico,133.54830922247464,7.993888888888889,4.155799524765529,20.38129891931913,16.70630041006702,18.038084647994996,0.6387149593523439,3.2837584265758566,0.23720552108510046,3.399877452784584,14.267448768568174,18.50309099133728,14.777139461295045,9.037494000261042,13.226919663890241,11.114478448629873,9.959314927896488,73.5327288703557,21.063432896428093
S010-09,S010,colectivo,2,9,137.60544977464448,0.025466096237950087,0.7842977344977832,1.8282163713946047,0.9515280898247068,1.1259059592305247,plano,6.813408019835318,1611.9220451449446,0.6303557192207436,0.7838528653148028,12.848029100364023,1.9766198615944652,sintetico,140.1587395753811,7.0744444444444445,3.353340658055943,23.374505309160252,19.81197826572059,15.246583948484371,0.6321517409020175,3.977540442908748,0.22799066726784611,1.1463731670678134,14.456500734927806,18.968626491205292,13.989347427647429,10.018961949460383,12.973844419630732,10.790592883939961,9.687180194755578,70.4644899900301,21.722075767252978
S010-10,S010,colectivo,2,10,137.60544977464448,0.025466096237950087,0.7842977344977832,1.8282163713946047,0.9515280898247068,0.6504312238294385,plano,6.813408019835318,1611.9220451449446,0.6303557192207436,0.7838528653148028,12.848029100364023,1.9766198615944652,sintetico,160.77411599042787,8.256944444444445,3.2965505469273113,23.29600002978058,19.471381583365527,16.423885618166526,0.6191436327028559,4.6391925988225395,0.21044029306201847,4.501865675192355,14.471518826708536,18.886015573407942,15.20740363836962,10.572095001462355,13.987785549496497,11.697654774748194,10.438825023581085,68.25461104535029,21.57943917813349
S011-01,S011,colectivo,1,1,155.4981811627938,0.030171190884593718,0.8859681893838114,1.3448793657418125,1.0131335016432819,0.4152879075165523,intermedio,100.89774888662112,1561.02185834779,0.710374191863558,0.7649584880345048,12.646573150587313,1.9456266385518943,sintetico,153.63321591350928,7.815277777777778,3.391193739596695,23.437561542869453,19.658062103736746,16.125821929980454,0.6532680973464529,4.7734138972809665,0.24109860269814917,5.115993154689424,15.992373571390265,20.647852549377426,14.463836174801733,10.621885788582311,14.503792434112713,12.172128550627251,10.862114648832014,69.00203349591678,23.56314608522188
S011-02,S011,colectivo,1,2,155.4981811627938,0.030171190884593718,0.8859681893838114,1.3448793657418125,1.0131335016432819,1.1062896593715452,intermedio,100.89774888662112,1561.02185834779,0.710374191863558,0.7649584880345048,12.646573150587313,1.9456266385518943,sintetico,143.7307261526462,8.221944444444444,3.9727065693217285,20.958790268532344,17.48135457784136,16.5917767492145,0.6674172075973049,2.3649447616473527,0.2590412409906186,4.862663793418217,15.685482663779004,20.2867611602135,15.30701636122246,9.389859052921759,15.02648214640087,12.609562519957052,11.227820580195255,74.93238053769672,23.103767325200796
S011-03,S011,colectivo,1,3,155.4981811627938,0.030171190884593718,0.8859681893838114,1.3448793657418125,1.0131335016432819,1.2592614903490094,intermedio,100.89774888662112,1561.02185834779,0.710374191863558,0.7649584880345048,12.646573150587313,1.9456266385518943,sintetico,181.29755722131273,9.216944444444444,3.215707971665183,23.21269004505195,19.670028208816067,15.261746180042795,0.6342195189708556,4.433259998191736,0.22669577456182852,5.534093097952348,14.648084204927876,18.89744841782859,17.894147149583908,10.131667952978047,16.475923698250174,13.793967890015916,12.17401079419586,68.79407221278426,21.581088359170973
S011-04,S011,colectivo,1,4,155.4981811627938,0.030171190884593718,0.8859681893838114,1.3448793657418125,1.0131335016432819,0.634403127711217,intermedio,100.89774888662112,1561.02185834779,0.710374191863558,0.7649584880345048,12.646573150587313,1.9456266385518943,sintetico,171.50609757998544,8.422777777777778,3.1602374938723505,23.894963090210446,20.362177669281298,14.78464481234747,0.6336649901035274,5.141481432623178,0.2147830264977013,4.7696806015699,14.24233944149473,18.43198014755936,15.81134788195524,10.84702574760988,14.152590847299834,11.926925496714901,10.642296956084175,63.95666750249076,21.01145500836246
S011-05,S011,colectivo,1,5,155.4981811627938,0.030171190884593718,0.8859681893838114,1.3448793657418125,1.0131335016432819,1.0940002628981325,intermedio,100.89774888662112,1561.02185834779,0.710374191863558,0.7649584880345048,12.646573150587313,1.9456266385518943,sintetico,146.71358372144402,7.472222222222222,3.189888680577543,23.20397598616986,19.634531650453475,15.382899628252789,0.6220535964689293,5.029739776951673,0.23349895946604485,4.915006172276799,14.453058593915241,18.79588696548558,14.55415255515875,10.080530842686617,13.266363435081391,11.162831350075821,9.994630162273321,67.21713586727569,21.449442082183722
S011-06,S011,colectivo,2,6,155.4981811627938,0.030171190884593718,0.8859681893838114,1.3448793657418125,1.0131335016432819,0.5111039162467066,intermedio,100.89774888662112,1561.02185834779,0.710374191863558,0.7649584880345048,12.646573150587313,1.9456266385518943,sintetico,153.0174092039572,8.599722222222223,3.666249500096045,21.51135087215893,17.793296719346422,17.284150004845117,0.642568696528593,3.149326528634646,0.24637044804343178,4.955749674089379,15.530374598507247,20.08939730313724,15.375706462324445,9.951894540839495,15.071296582042452,12.587525666855083,11.207302783226371,71.9781765953787,22.964535070701775
S011-07,S011,colectivo,2,7,155.4981811627938,0.030171190884593718,0.8859681893838114,1.3448793657418125,1.0131335016432819,1.4610163633805882,intermedio,100.89774888662112,1561.02185834779,0.710374191863558,0.7649584880345048,12.646573150587313,1.9456266385518943,sintetico,175.23118263969576,10.389166666666666,4.006136290499322,20.151166187602772,16.86672167864241,16.29902943771557,0.6347762556650046,1.7994171278842814,0.24578380679417283,4.745930029585071,14.295362759024608,18.400495462295662,19.476016687704263,8.99728037049403,17.369721600590555,14.618633270152664,12.827213236329195,72.90192048190437,20.928429908726844
S011-08,S011,colectivo,2,8,155.4981811627938,0.030171190884593718,0.8859681893838114,1.3448793657418125,1.0131335016432819,1.4430259514587318,intermedio,100.89774888662112,1561.02185834779,0.710374191863558,0.7649584880345048,12.646573150587313,1.9456266385518943,sintetico,183.9982237915047,8.053055555555556,2.79894006250607,27.505755570526404,22.848249651595907,16.932841226587563,0.6578235935331491,8.626815218516091,0.2125594937431382,4.448658587993149,13.182411357743177,17.308421582082676,17.334496677990387,10.61456973395295,14.751197962638244,12.248445182334963,10.92367929354983,58.48152989781867,19.856358026001715
S011-09,S011,colectivo,2,9,155.4981811627938,0.030171190884593718,0.8859681893838114,1.3448793657418125,1.0131335016432819,1.4091282799069447,intermedio,100.89774888662112,1561.02185834779,0.710374191863558,0.7649584880345048,12.646573150587313,1.9456266385518943,sintetico,168.14213983392813,8.240833333333333,3.223463199262996,24.524418742490127,20.403536030004425,16.803181986719252,0.6396367384678984,6.407793170863249,0.2276306995520311,5.060163222646046,14.47133874613984,18.66286383814606,16.73129789938682,10.049557472770257,15.101282892050781,12.73181224442962,11.297703144693516,64.8840392925624,21.223016080918917
S011-10,S011,colectivo,2,10,155.4981811627938,0.030171190884593718,0.8859681893838114,1.3448793657418125,1.0131335016432819,0.7860538528643861,intermedio,100.89774888662112,1561.02185834779,0.710374191863558,0.7649584880345048,12.646573150587313,1.9456266385518943,sintetico,142.71206543926877,8.150555555555556,4.015077479513045,21.028300408536655,17.50948931842981,16.73369231817872,0.6321262850121177,4.655442710108377,0.22898424411842755,4.789253957523915,14.365455468003054,18.547025964369276,14.48090113300361,9.855192306645328,13.029836431640991,10.964284710624238,9.828618525508451,69.79811636763888,21.139329783072366
S012-01,S012,colectivo,1,1,217.81112592001728,0.015508941067205696,0.6128918370750417,1.6498548057363447,0.9795647633364304,0.5498283524693223,plano,33.43483459434412,1276.115368064118,0.6603816508501315,0.5476417444391561,8.350933211044815,1.284758955545356,sintetico,202.33151582999528,7.851944444444444,2.2290150802752007,30.027470590576055,25.768332578200127,14.1861534651714,0.6298450417513372,10.772278628789756,0.21011176898263653,3.2048649210633213,16.30800641764323,20.935771180758234,12.738904229625932,15.882960746297769,12.942547613371035,11.11180434079847,9.943469525884163,58.132168928437956,23.761585672301262
S012-02,S012,colectivo,1,2,217.81112592001728,0.015508941067205696,0.6128918370750417,1.6498548057363447,0.9795647633364304,0.5656150600698397,plano,33.43483459434412,1276.115368064118,0.6603816508501315,0.5476417444391561,8.350933211044815,1.284758955545356,sintetico,232.9273524483692,8.794166666666667,2.2367489027098486,31.189429035980073,26.486574712218612,15.079440285542816,0.648968159732223,13.932846899775736,0.18910621420980964,2.394987649005558,14.601201604562277,18.658087735234357,14.499023584341321,16.06503714497895,13.155841712364076,11.308822607443828,10.1251771698702,52.19009225547194,21.11133351235692
S012-03,S012,colectivo,1,3,217.81112592001728,0.015508941067205696,0.6128918370750417,1.6498548057363447,0.9795647633364304,1.0427877415216005,plano,33.43483459434412,1276.115368064118,0.6603816508501315,0.5476417444391561,8.350933211044815,1.284758955545356,sintetico,238.32022488712263,9.946944444444444,2.4546804631334913,27.661960921895187,23.959139031909338,13.387695830657098,0.6423000774195452,8.00078192633137,0.20992919171833063,2.560625690121134,15.645134617394985,19.711461816794696,16.05409722402548,14.844822574667644,15.177206894969265,13.162366899041508,11.641276988359362,59.768667885816356,22.181886031838747
S012-04,S012,colectivo,1,4,217.81112592001728,0.015508941067205696,0.6128918370750417,1.6498548057363447,0.9795647633364304,0.9677328877785214,plano,33.43483459434412,1276.115368064118,0.6603816508501315,0.5476417444391561,8.350933211044815,1.284758955545356,sintetico,208.411020466336,8.606944444444444,2.466280328410104,28.2394134064483,24.21428670901435,14.255284815233177,0.6229777395458699,11.111828304018074,0.19379570283924166,3.50011380067396,14.505819521152704,18.26115524528009,13.920175862621281,14.971866916276909,12.257579984396271,10.627088274821144,9.531964265673443,54.97655012199435,20.586254624845697
S012-05,S012,colectivo,1,5,217.81112592001728,0.015508941067205696,0.6128918370750417,1.6498548057363447,0.9795647633364304,1.5293182795930833,plano,33.43483459434412,1276.115368064118,0.6603816508501315,0.5476417444391561,8.350933211044815,1.284758955545356,sintetico,238.15258628608436,10.584166666666667,2.7209446267427064,26.500031423388965,22.500834858932464,15.09329974017794,0.6689873180300399,6.946959556990263,0.23407927767436498,3.5135106190346646,16.176156458829535,20.66764677169395,17.602248707811906,13.529668296323516,17.51390201877752,15.059503201707367,13.266366534254631,65.36936866463775,23.40508651665697
S012-06,S012,colectivo,2,6,217.81112592001728,0.015508941067205696,0.6128918370750417,1.6498548057363447,0.9795647633364304,1.479689341503847,plano,33.43483459434412,1276.115368064118,0.6603816508501315,0.5476417444391561,8.350933211044815,1.284758955545356,sintetico,258.57366024726235,11.625555555555556,2.7303631751388906,26.286263131672015,22.241832574073985,15.387556150243716,0.6566051846741573,5.669979929274587,0.22910905739035423,2.9548796389717116,16.027620079365633,20.27649628990106,18.99256291068961,13.614469066822414,18.545931130382176,15.931126477869514,14.001920475341672,65.32643715748334,22.924788985037022
S012-07,S012,colectivo,2,7,217.81112592001728,0.015508941067205696,0.6128918370750417,1.6498548057363447,0.9795647633364304,1.2047902747439043,plano,33.43483459434412,1276.115368064118,0.6603816508501315,0.5476417444391561,8.350933211044815,1.284758955545356,sintetico,260.33048728899763,11.630277777777778,2.7004136446746125,26.48583550605353,22.383858086899412,15.488786452984307,0.6528990238833386,5.846807900833553,0.230995430177188,2.2411178373261187,16.82998331005028,21.315314299093593,18.45738999643232,14.104404108019478,18.803565527099558,16.276765537921577,14.278847606018754,66.02315277226626,24.033072142847058
S012-08,S012,colectivo,2,8,217.81112592001728,0.015508941067205696,0.6128918370750417,1.6498548057363447,0.9795647633364304,1.5884121941828417,plano,33.43483459434412,1276.115368064118,0.6603816508501315,0.5476417444391561,8.350933211044815,1.284758955545356,sintetico,250.9699845823783,12.46888888888889,3.2075548848582214,24.019643642318325,20.127694361445414,16.2047763322046,0.6522835078146603,3.811709142755302,0.2334390188332483,2.847644190574521,16.15172850319042,20.212608957697412,19.433997324875442,12.913966199899477,18.6415562428063,16.240616334760666,14.239633078690998,68.57007930069797,22.689599309936956
S012-09,S012,colectivo,2,9,217.81112592001728,0.015508941067205696,0.6128918370750417,1.6498548057363447,0.9795647633364304,1.5952014476120278,plano,33.43483459434412,1276.115368064118,0.6603816508501315,0.5476417444391561,8.350933211044815,1.284758955545356,sintetico,218.6895627255322,8.921944444444444,2.3686544229370443,28.66555105956687,24.511423948812727,14.492979233475515,0.6469109887935577,9.411874591363368,0.21545177166756693,2.947262882903874,15.367606496049852,19.545287037554058,15.361747321277184,14.2359822845563,14.420792315722531,12.46960693249513,11.078662824212444,61.12010822230422,22.03688219065146
S012-10,S012,colectivo,2,10,217.81112592001728,0.015508941067205696,0.6128918370750417,1.6498548057363447,0.9795647633364304,0.6660494113504161,plano,33.43483459434412,1276.115368064118,0.6603816508501315,0.5476417444391561,8.350933211044815,1.284758955545356,sintetico,233.48770282623252,10.690555555555555,2.8267013294965206,25.86929285970952,21.840558389399707,15.574494621420776,0.6285007196391075,6.992152990697916,0.21692696859473665,2.6984300774157037,16.433088580885915,20.654720039131856,15.733806300135859,14.839873986767994,15.619262275769723,13.503181909686097,11.950101478183818,62.79466672194114,23.300590204645253
S013-01,S013,colectivo,1,1,207.82948190555487,0.004286380359821269,0.6816204349758042,1.224214248137345,0.9949042684553107,1.0688767602794056,plano,14.381500831875439,1421.3341887174104,0.650736177953075,0.5957655585840079,9.2577530509724,1.4242697001496,sintetico,203.3953198430631,9.221111111111112,2.861422772407265,26.3168793252023,22.057571738613902,16.185685022291842,0.6496959391859629,8.850463911314616,0.2171955428152237,1.455649507133438,15.423794611288338,19.853860249763322,15.672258675466265,12.978047648068946,15.213679240783112,12.822519447927963,11.384810428776879,62.92830523272122,22.661033421484834
S013-02,S013,colectivo,1,2,207.82948190555487,0.004286380359821269,0.6816204349758042,1.224214248137345,0.9949042684553107,1.5402685876886144,plano,14.381500831875439,1421.3341887174104,0.650736177953075,0.5957655585840079,9.2577530509724,1.4242697001496,sintetico,244.19214992712418,11.380555555555556,2.829738794659122,25.32365248610743,21.45696216103605,15.269709543568466,0.6359198461363856,6.321698804002929,0.2223146421659842,2.1149746325706147,15.601795560620253,19.87799658597698,19.843983037121244,12.305601625960117,18.927660515321453,16.212102131610738,14.223059857042927,65.52021845766865,22.471501529950643
S013-03,S013,colectivo,1,3,207.82948190555487,0.004286380359821269,0.6816204349758042,1.224214248137345,0.9949042684553107,0.9038320480642638,plano,14.381500831875439,1421.3341887174104,0.650736177953075,0.5957655585840079,9.2577530509724,1.4242697001496,sintetico,243.94479617493562,10.694166666666666,2.734225162653958,26.77351391697399,22.81101499337043,14.800384425569495,0.6574313384041629,7.665134159328814,0.23118514693409736,2.995392293189272,17.154196172824857,22.219230098993055,18.31115126673204,13.322198731334714,19.753346904797162,16.69550900932796,14.651026061657507,66.51166941492606,25.277962411931316
S013-04,S013,colectivo,1,4,207.82948190555487,0.004286380359821269,0.6816204349758042,1.224214248137345,0.9949042684553107,1.400392695743947,plano,14.381500831875439,1421.3341887174104,0.650736177953075,0.5957655585840079,9.2577530509724,1.4242697001496,sintetico,243.7414554465163,11.203333333333333,2.9703605349926443,25.772922853777615,21.756154904479292,15.585639194684124,0.6527826632139314,6.925022314787266,0.21826152223077316,2.9039987340954743,15.294413778958637,19.749630807215574,19.450543519019906,12.531344186252241,18.66501079499189,15.77884523490452,13.872686825009195,64.21382107733379,22.513834612876348
S013-05,S013,colectivo,1,5,207.82948190555487,0.004286380359821269,0.6816204349758042,1.224214248137345,0.9949042684553107,1.3328754004321706,plano,14.381500831875439,1421.3341887174104,0.650736177953075,0.5957655585840079,9.2577530509724,1.4242697001496,sintetico,233.65846131646143,10.266666666666667,2.666284783739219,27.031393806859683,22.75894103731767,15.806277056277057,0.6576515890131177,7.551406926406927,0.22327191801320087,3.261273122748591,15.923616475984952,20.524877942741607,18.244727854722314,12.806903077810679,18.184211354291392,15.37930719315027,13.518076841838477,63.76630853956595,23.364276498734398
S013-06,S013,colectivo,2,6,207.82948190555487,0.004286380359821269,0.6816204349758042,1.224214248137345,0.9949042684553107,0.5733368246310842,plano,14.381500831875439,1421.3341887174104,0.650736177953075,0.5957655585840079,9.2577530509724,1.4242697001496,sintetico,217.43531184722332,8.967777777777778,2.5524832893286438,28.475374752399947,24.246286787572913,14.852558542931483,0.646850467986838,11.321397596332549,0.217921185333801,1.6237068725663113,15.730873358028848,20.48790022278829,15.709000616127513,13.841447789109843,15.97267827869727,13.2748741774364,11.768330972647826,58.97694573569351,23.588337772451453
S013-07,S013,colectivo,2,7,207.82948190555487,0.004286380359821269,0.6816204349758042,1.224214248137345,0.9949042684553107,0.8130387675101914,plano,14.381500831875439,1421.3341887174104,0.650736177953075,0.5957655585840079,9.2577530509724,1.4242697001496,sintetico,200.09469919763015,7.4775,2.1539800990645364,31.795969140250016,26.759571942177217,15.840112931386752,0.6330959329628569,13.633493071808017,0.1676536832971058,2.221941680430534,12.742498026132843,16.251516472037885,13.723921961361299,14.57999395223772,10.836597300415368,9.287629823612722,8.417268999273688,46.544057325996036,18.409095846274635
S013-08,S013,colectivo,2,8,207.82948190555487,0.004286380359821269,0.6816204349758042,1.224214248137345,0.9949042684553107,0.8153932570446365,plano,14.381500831875439,1421.3341887174104,0.650736177953075,0.5957655585840079,9.2577530509724,1.4242697001496,sintetico,236.30897992923732,7.828611111111111,1.781565813224992,34.721403071280555,30.18530063319215,13.064613419437249,0.627772074688256,18.04988823049356,0.18280334612877128,2.2361859043771295,13.17346590287802,17.351499145530585,15.806161578492297,14.950434281956653,13.794617915770637,11.41547786283377,10.207291548011293,48.430067459258346,20.006466995504965
S013-09,S013,colectivo,2,9,207.82948190555487,0.004286380359821269,0.6816204349758042,1.224214248137345,0.9949042684553107,1.4557474000603472,plano,14.381500831875439,1421.3341887174104,0.650736177953075,0.5957655585840079,9.2577530509724,1.4242697001496,sintetico,214.45686256635688,9.178611111111111,2.396752399755727,27.514739731482457,23.364848991885868,15.083376206760887,0.640959299792095,8.404200587113762,0.21250488244328536,1.3603088257966673,14.885033821399281,19.236195194077585,16.655166171906686,12.876296781000883,15.608728508325255,13.211950157521823,11.707821576440082,61.19338402682663,21.893405010504775
S013-10,S013,colectivo,2,10,207.82948190555487,0.004286380359821269,0.6816204349758042,1.224214248137345,0.9949042684553107,0.9624115038767433,plano,14.381500831875439,1421.3341887174104,0.650736177953075,0.5957655585840079,9.2577530509724,1.4242697001496,sintetico,197.22215370768222,8.068333333333333,2.4287332381024593,28.4454165692849,24.44397691068154,14.067341458376367,0.6655339645853569,8.748192522206155,0.22670815391829957,2.054263721487552,16.786418148893826,21.817968083153367,14.411689033179625,13.684874358142423,15.40162114383703,12.914935352137398,11.502168197132137,64.26319012715427,24.922359851244433
S014-01,S014,colectivo,1,1,213.33175402656533,0.02090533628255271,0.7829038794423415,1.1571049862365794,0.9906807778530774,1.591824441150269,intermedio,137.36816582786224,1312.192828035205,0.6196138476110493,0.5269903676224871,8.77563650661834,1.3500979240951294,sintetico,237.37054259226483,13.090277777777779,3.686219825106949,21.501874749904438,18.133346489806968,15.66684350132626,0.6542562632257496,3.1893899204244036,0.24080768980587952,7.553030149765165,16.538817341730073,20.676020225484635,19.875139308540877,11.943088242418526,19.604757667215146,16.9740730258265,14.849178370751016,71.59971626530951,23.310720249389703
S014-02,S014,colectivo,1,2,213.33175402656533,0.02090533628255271,0.7829038794423415,1.1571049862365794,0.9906807778530774,0.9145862789493745,intermedio,137.36816582786224,1312.192828035205,0.6196138476110493,0.5269903676224871,8.77563650661834,1.3500979240951294,sintetico,233.6263448943492,9.589444444444444,2.3413455372396683,28.585697894314684,24.362865466069668,14.773188111928626,0.6331522811120049,9.660506343780778,0.20523040162870324,7.559133815020966,16.094903975803824,20.480654989783876,15.785426749909231,14.800128536005058,15.709956087439462,13.441754266579427,11.898284167818584,59.91329806466247,23.23358383711434
S014-03,S014,colectivo,1,3,213.33175402656533,0.02090533628255271,0.7829038794423415,1.1571049862365794,0.9906807778530774,0.4431517980946525,intermedio,137.36816582786224,1312.192828035205,0.6196138476110493,0.5269903676224871,8.77563650661834,1.3500979240951294,sintetico,246.44130919225904,10.058055555555555,2.4427722851056393,28.44079838563193,24.501883871195908,13.850147753320998,0.6263569329514421,11.312104725344527,0.19841859325382946,7.36838326069564,16.33935977019339,20.66803303887502,15.957822787039364,15.44329151169757,16.027031584365155,13.732209229770094,12.137829371320766,57.58461672858329,23.396010551597445
S014-04,S014,colectivo,1,4,213.33175402656533,0.02090533628255271,0.7829038794423415,1.1571049862365794,0.9906807778530774,1.4427135246850393,intermedio,137.36816582786224,1312.192828035205,0.6196138476110493,0.5269903676224871,8.77563650661834,1.3500979240951294,sintetico,243.69372479799628,11.125277777777777,2.7083175840784994,25.82840886181755,21.904506985413263,15.193128760829941,0.6162599068144484,7.702679084167687,0.21515181591871674,8.225896302856258,15.587294214479227,19.755437389660877,18.47844859695168,13.187997007400153,17.734380376893288,15.140783700373252,13.208979450346174,62.46872223700473,22.450556849472676
S014-05,S014,colectivo,1,5,213.33175402656533,0.02090533628255271,0.7829038794423415,1.1571049862365794,0.9906807778530774,0.9490333251589974,intermedio,137.36816582786224,1312.192828035205,0.6196138476110493,0.5269903676224871,8.77563650661834,1.3500979240951294,sintetico,253.42674658157742,12.55,3.117271600792543,23.93490119177347,20.19336626148027,15.63302346170872,0.6234382333479483,5.756972111553785,0.2188018443835993,7.629317997862022,16.43385383921994,20.66125616048784,18.784687608092568,13.491134474464163,18.590677174970484,16.095294994074372,14.114520750822816,65.58240355104219,23.312732712347984
S014-06,S014,colectivo,2,6,213.33175402656533,0.02090533628255271,0.7829038794423415,1.1571049862365794,0.9906807778530774,1.1509952601027202,intermedio,137.36816582786224,1312.192828035205,0.6196138476110493,0.5269903676224871,8.77563650661834,1.3500979240951294,sintetico,204.17991277465944,9.815,3.0169471209434815,24.615534090884477,20.80284388942022,15.489330389992642,0.6366515747700076,5.374426897605705,0.2287482668299472,7.595364217162944,16.955073210604983,21.37877205073654,15.218015155094315,13.416987083647967,15.631863542538307,13.46256866936745,11.850603608624166,67.10500656381076,24.16730999184178
S014-07,S014,colectivo,2,7,213.33175402656533,0.02090533628255271,0.7829038794423415,1.1571049862365794,0.9906807778530774,1.3301405466689387,intermedio,137.36816582786224,1312.192828035205,0.6196138476110493,0.5269903676224871,8.77563650661834,1.3500979240951294,sintetico,244.94660353921907,10.015833333333333,2.4699260624903165,29.020057904550317,24.4559384513739,15.727875308539257,0.6495386904326012,11.698144604376404,0.20446604163071588,7.356819426850749,15.373751529710098,19.59288959641853,17.279221499353472,14.175789317150898,16.468160770787733,14.081753449513165,12.330415260764285,58.17043232344236,22.24225400712717
S014-08,S014,colectivo,2,8,213.33175402656533,0.02090533628255271,0.7829038794423415,1.1571049862365794,0.9906807778530774,1.309202406668403,intermedio,137.36816582786224,1312.192828035205,0.6196138476110493,0.5269903676224871,8.77563650661834,1.3500979240951294,sintetico,239.70876935900918,13.013055555555555,3.562656478040541,21.872020031737613,18.420636747122188,15.781159946207868,0.628666081702368,3.707814801374688,0.22579048798085113,7.631520867116284,16.122237840965642,20.11727806288712,19.21880604943596,12.472615038749728,18.538400688276212,16.012760009981196,14.004315725844977,69.31582661439745,22.726863829408593
S014-09,S014,colectivo,2,9,213.33175402656533,0.02090533628255271,0.7829038794423415,1.1571049862365794,0.9906807778530774,0.5786656064181803,intermedio,137.36816582786224,1312.192828035205,0.6196138476110493,0.5269903676224871,8.77563650661834,1.3500979240951294,sintetico,248.51561553433072,10.043888888888889,2.4103113146918216,29.015981500213044,24.742967418651215,14.727031362354111,0.6369025919659107,10.277117097184579,0.20647862241567655,7.542472391136789,16.62437856788857,21.07133110989579,16.32807139739448,15.220145079350099,16.66267202423988,14.297344591045606,12.590283066487011,58.25464250998424,23.85812213980869
S014-10,S014,colectivo,2,10,213.33175402656533,0.02090533628255271,0.7829038794423415,1.1571049862365794,0.9906807778530774,1.3371112682571087,intermedio,137.36816582786224,1312.192828035205,0.6196138476110493,0.5269903676224871,8.77563650661834,1.3500979240951294,sintetico,253.06627206737642,11.684722222222222,2.9794567005723107,25.91619875739437,21.657876606265425,16.431712825389276,0.6285892569404318,7.716629026506597,0.21318800111106956,7.606891792283294,15.00672395475526,18.97080497176443,19.24280258253224,13.151216980061873,17.689571428221285,15.17797025387109,13.33764984026874,59.67909155797303,21.5002291430662
S015-01,S015,colectivo,1,1,190.0768492865778,0.00828346136879778,0.8781294861719438,1.5454278633365075,0.9459971258139459,0.5546652574452956,intermedio,80.13678028433311,1537.285814038438,0.6024177442491587,0.787782427948686,12.696741536891452,1.953344851829454,sintetico,194.10301381305354,10.116388888888888,3.3899525158003967,22.87671813304917,19.18698618103168,16.13443532222192,0.624639836326807,3.934759328921716,0.21766518213968492,3.0220134490400854,14.677355090712762,18.799006576691294,18.07491045594251,10.738809151291704,16.399296200883565,13.892222104982977,12.284485885865081,69.173872797163,21.35337807062943
S015-02,S015,colectivo,1,2,190.0768492865778,0.00828346136879778,0.8781294861719438,1.5454278633365075,0.9459971258139459,0.8799662316768901,intermedio,80.13678028433311,1537.285814038438,0.6024177442491587,0.787782427948686,12.696741536891452,1.953344851829454,sintetico,185.43937859977387,11.715555555555556,4.421930262017174,19.19392200861824,15.828475032226526,17.54078148710167,0.6165833381622589,1.6857928679817904,0.23451354922183304,3.3472510392195063,14.038185005991329,17.787998801839862,20.14834118283709,9.203704509318923,17.19387169479427,14.646196131174973,12.852817536487457,73.56962551934782,20.162422561569585
S015-03,S015,colectivo,1,3,190.0768492865778,0.00828346136879778,0.8781294861719438,1.5454278633365075,0.9459971258139459,1.3129701540250118,intermedio,80.13678028433311,1537.285814038438,0.6024177442491587,0.787782427948686,12.696741536891452,1.953344851829454,sintetico,175.90281768062803,8.626944444444444,2.910698115874388,24.16163658003911,20.389932821916506,15.616447177769906,0.6069140993841065,5.8891715233280735,0.20234645827738582,3.3300039650882325,12.64118619717228,16.42202581660815,16.907177282620413,10.404032248567347,13.660971189979627,11.404295899027481,10.198644897518317,63.441790612263965,18.795426239409167
S015-04,S015,colectivo,1,4,190.0768492865778,0.00828346136879778,0.8781294861719438,1.5454278633365075,0.9459971258139459,0.6862233674639497,intermedio,80.13678028433311,1537.285814038438,0.6024177442491587,0.787782427948686,12.696741536891452,1.953344851829454,sintetico,209.4728012168121,12.357222222222223,4.095997165340518,20.754105799047714,16.951447295340635,18.329362046486537,0.6124114420426684,3.19201546553972,0.22740940997909437,3.5971431465271038,14.040116127024438,17.911910575246164,21.465756569114113,9.758463464465581,18.51755373209266,15.731887434465873,13.800899906369182,69.88697885519248,20.31874581257513
S015-05,S015,colectivo,1,5,190.0768492865778,0.00828346136879778,0.8781294861719438,1.5454278633365075,0.9459971258139459,0.7071476094939235,intermedio,80.13678028433311,1537.285814038438,0.6024177442491587,0.787782427948686,12.696741536891452,1.953344851829454,sintetico,191.25025625478008,10.405,3.780387091543724,22.34736313991205,18.3806108846497,17.758556249666295,0.6357418435079715,5.211169843558118,0.20958030311545012,3.327140647211834,13.461856112335365,17.18822130422415,18.680399928134477,10.238017226105464,15.53499319201911,13.15986283812733,11.6451910731334,65.17859841759498,19.51230896402915
S015-06,S015,colectivo,2,6,190.0768492865778,0.00828346136879778,0.8781294861719438,1.5454278633365075,0.9459971258139459,1.5986997668120577,intermedio,80.13678028433311,1537.285814038438,0.6024177442491587,0.787782427948686,12.696741536891452,1.953344851829454,sintetico,192.02079040267768,9.770555555555555,3.2288170395498708,23.711857996336576,19.653006352693456,17.12344345255018,0.6270054883101964,4.688121908227668,0.22064516596482253,3.294852871144762,13.643874776028232,17.549027390079413,19.136969638230912,10.034022838133568,16.15566992798558,13.713243124988756,12.120724429872668,68.41855119759843,19.915901985209995
S015-07,S015,colectivo,2,7,190.0768492865778,0.00828346136879778,0.8781294861719438,1.5454278633365075,0.9459971258139459,0.5814077857756622,intermedio,80.13678028433311,1537.285814038438,0.6024177442491587,0.787782427948686,12.696741536891452,1.953344851829454,sintetico,201.99485281312536,11.199166666666667,3.816928942804732,21.659717334059856,18.036596724142452,16.732395763573678,0.6294801742361228,3.9759902770543443,0.2193103906595571,4.1168027935627025,14.462102175354673,18.541426547043166,19.666106030542174,10.27121752010388,17.580455396954775,14.905570427274336,13.119604548075552,70.03221142880578,21.064794025400474
S015-08,S015,colectivo,2,8,190.0768492865778,0.00828346136879778,0.8781294861719438,1.5454278633365075,0.9459971258139459,0.6964283894676493,intermedio,80.13678028433311,1537.285814038438,0.6024177442491587,0.787782427948686,12.696741536891452,1.953344851829454,sintetico,177.91754181194494,10.722222222222221,4.108644895581187,19.78200108954433,16.593345868471552,16.126943005181346,0.6248112921292125,1.8031088082901554,0.23459686171911545,3.1795306744915264,14.372214026955163,18.39541442916714,18.470353728246717,9.632600676177393,16.349650877906605,13.879844396322175,12.246108003545633,73.35028866039391,20.878868727327802
S015-09,S015,colectivo,2,9,190.0768492865778,0.00828346136879778,0.8781294861719438,1.5454278633365075,0.9459971258139459,0.6998807406687124,intermedio,80.13678028433311,1537.285814038438,0.6024177442491587,0.787782427948686,12.696741536891452,1.953344851829454,sintetico,221.92324374759676,10.303055555555556,2.9694951681109627,25.591105745940013,21.539556158942826,15.83672589037772,0.6248673098073408,7.743118276670891,0.19691228342179493,4.39586745189395,13.191773843819096,17.008431340887647,19.807295611877663,11.204116306242133,16.46209753530385,13.837693035550203,12.227525152139066,59.61719412038911,19.433326913962027
S015-10,S015,colectivo,2,10,190.0768492865778,0.00828346136879778,0.8781294861719438,1.5454278633365075,0.9459971258139459,1.526022840243562,intermedio,80.13678028433311,1537.285814038438,0.6024177442491587,0.787782427948686,12.696741536891452,1.953344851829454,sintetico,187.91398061976747,9.764444444444445,3.3792057296943963,23.14266425726184,19.24471808805083,16.849681383705054,0.6145237625271486,5.709490213928084,0.2003906420113393,3.3243491811644166,12.367827610771448,15.81580979142193,18.965963605978505,9.907958515776793,14.487349772343304,12.308095478487411,10.9412589482092,63.93199844047363,17.93516526829873
S016-01,S016,colectivo,1,1,178.34083665787838,0.011714500798351834,0.8486941978714043,0.8843466743579931,1.0532140403569745,1.499362813287044,intermedio,73.23907160993939,1560.8473250663235,0.6396506949863137,0.7077477085033667,11.163917456827107,1.7175257625887856,sintetico,174.66254226918744,7.573611111111111,2.673727256759301,27.301686951025786,23.061989809978904,15.529066568861177,0.6539815359274622,8.721804511278195,0.22440946974962922,4.014314387437555,14.509711225030143,19.043550604248008,15.65377351214077,11.157855461095211,14.929447431290203,12.198264440555795,10.875711218603287,61.74373398127129,21.940289835400247
S016-02,S016,colectivo,1,2,178.34083665787838,0.011714500798351834,0.8486941978714043,0.8843466743579931,1.0532140403569745,0.6274916961580794,intermedio,73.23907160993939,1560.8473250663235,0.6396506949863137,0.7077477085033667,11.163917456827107,1.7175257625887856,sintetico,182.3034726801294,6.377777777777778,1.9747292506690635,33.826023175366764,28.58416819026419,15.496515679442508,0.6478429039973381,15.270034843205574,0.18072120870412117,3.8646861203110547,13.201346552851007,17.339252195004747,13.667585052729619,13.338382163110861,11.764610973335422,9.77344996565923,8.820117010403399,48.57631770759432,19.902929484012066
S016-03,S016,colectivo,1,3,178.34083665787838,0.011714500798351834,0.8486941978714043,0.8843466743579931,1.0532140403569745,0.711039832066135,intermedio,73.23907160993939,1560.8473250663235,0.6396506949863137,0.7077477085033667,11.163917456827107,1.7175257625887856,sintetico,191.99136353476032,8.994444444444444,2.9480492746098177,25.016972228360252,21.34554999151134,14.6757257566399,0.6576009152959016,6.306361951822112,0.23814947036740414,4.270566298980607,16.39071451453423,21.646175867554437,16.747408628587745,11.463944529724559,17.880466195193094,14.777280770584744,13.046381176529371,68.69955654490549,24.887754466487795
S016-04,S016,colectivo,1,4,178.34083665787838,0.011714500798351834,0.8486941978714043,0.8843466743579931,1.0532140403569745,0.8989182229544532,intermedio,73.23907160993939,1560.8473250663235,0.6396506949863137,0.7077477085033667,11.163917456827107,1.7175257625887856,sintetico,169.21801065639073,8.426944444444445,3.2325164317805544,23.898036105410007,20.080589325345507,15.973893265649208,0.6589389503390537,6.019052641988331,0.2448494623698418,4.5652770906611675,16.26495816249389,21.386720847645762,15.599299951002592,10.84779516952072,16.54361385600098,13.607163990071367,12.074042685197618,69.46697809038395,24.658403265782006
S016-05,S016,colectivo,1,5,178.34083665787838,0.011714500798351834,0.8486941978714043,0.8843466743579931,1.0532140403569745,1.0206405989058842,intermedio,73.23907160993939,1560.8473250663235,0.6396506949863137,0.7077477085033667,11.163917456827107,1.7175257625887856,sintetico,167.8702046366851,8.417777777777777,3.3239966628244573,23.33421123178757,19.9423421558892,14.536034846884899,0.6549378701496935,5.652719112988384,0.24450285978341837,3.9219808391395246,16.08589113949688,20.970892684843008,15.51550811810354,10.819510605702538,15.943406876358509,13.252589816027943,11.760098236453329,70.47847133589197,24.049752550113894
S016-06,S016,colectivo,2,6,178.34083665787838,0.011714500798351834,0.8486941978714043,0.8843466743579931,1.0532140403569745,1.2103821474594298,intermedio,73.23907160993939,1560.8473250663235,0.6396506949863137,0.7077477085033667,11.163917456827107,1.7175257625887856,sintetico,208.1581018268794,9.158888888888889,2.9112486839642546,27.057922606129832,22.727440451800494,16.00448865704234,0.661471726378257,10.099478345262646,0.22866173877778284,5.554403123285436,15.297875303105087,20.286244131856307,18.544490277628025,11.224795004368508,18.813839018002543,15.350562265304045,13.529994588706439,63.44309909370784,23.472052462090435
S016-07,S016,colectivo,2,7,178.34083665787838,0.011714500798351834,0.8486941978714043,0.8843466743579931,1.0532140403569745,0.5536943506579022,intermedio,73.23907160993939,1560.8473250663235,0.6396506949863137,0.7077477085033667,11.163917456827107,1.7175257625887856,sintetico,173.81461286420947,9.149166666666666,3.5209927975280046,22.397988556794,18.997862777762215,15.180496098612503,0.6589027747288365,4.235358411512888,0.2414863627627847,4.121589140462238,16.61066458693511,21.620211928421924,15.761870164908895,11.027537408040446,16.679640834433172,13.885786447114663,12.265114817288577,71.49929666259473,24.797081434711753
S016-08,S016,colectivo,2,8,178.34083665787838,0.011714500798351834,0.8486941978714043,0.8843466743579931,1.0532140403569745,1.486504638300087,intermedio,73.23907160993939,1560.8473250663235,0.6396506949863137,0.7077477085033667,11.163917456827107,1.7175257625887856,sintetico,181.99301487959954,7.622222222222222,2.4946012367581862,28.113059582345347,23.876634605195278,15.06924198250729,0.6560041922742185,10.49927113702624,0.2283909743810264,4.026805753286194,15.157354094861594,20.02669558458844,15.932343070679444,11.422865680975972,15.847439224452168,13.033438104103599,11.59200155214813,63.74663176932652,23.017451542494822
S016-09,S016,colectivo,2,9,178.34083665787838,0.011714500798351834,0.8486941978714043,0.8843466743579931,1.0532140403569745,1.5725435258008424,intermedio,73.23907160993939,1560.8473250663235,0.6396506949863137,0.7077477085033667,11.163917456827107,1.7175257625887856,sintetico,190.0741714869208,7.358055555555556,2.2780580686618705,30.219803796003838,25.832119647888362,14.519234399184565,0.645563520209325,12.933670580240856,0.20856793372332955,5.579919690314879,13.784449127524017,18.401778167432134,16.327151497729613,11.641600282410053,15.043894853378704,12.321419762132166,10.97826426410653,56.39528942686199,21.291233960024147
S016-10,S016,colectivo,2,10,178.34083665787838,0.011714500798351834,0.8486941978714043,0.8843466743579931,1.0532140403569745,0.5713332416976937,intermedio,73.23907160993939,1560.8473250663235,0.6396506949863137,0.7077477085033667,11.163917456827107,1.7175257625887856,sintetico,161.20234844658728,7.928888888888889,3.3498271284734007,24.14212723220377,20.3310136774003,15.786154708520177,0.6605521585094681,6.369114349775786,0.22136149824697662,4.601329748163898,15.750860745558088,20.63530144730257,14.202155798106755,11.350554855064797,14.45136547313454,11.960924876766462,10.640183653982147,66.09181855833013,23.719737996307806
S017-01,S017,colectivo,1,1,224.4096816513121,0.026176133179844012,0.9709754174246606,0.855206759359021,1.0559231954118042,0.8247468488340642,plano,28.77209074258909,1309.2425327947963,0.632768020603786,0.5703306866812909,8.540087742448803,1.3138596526844313,sintetico,257.4286985306089,14.177222222222222,3.7214188063266436,21.54164976895451,18.15790812159944,15.7079039147302,0.6590551357937892,3.7540655981817466,0.25541899529560336,5.678576975586231,18.23108215660214,22.856455729196643,20.36829346880818,12.638697440452383,22.28199439412672,19.191483078230643,16.69410950571781,73.09782648010633,25.843669520018857
S017-02,S017,colectivo,1,2,224.4096816513121,0.026176133179844012,0.9709754174246606,0.855206759359021,1.0559231954118042,1.2261909815987673,plano,28.77209074258909,1309.2425327947963,0.632768020603786,0.5703306866812909,8.540087742448803,1.3138596526844313,sintetico,214.8139009789782,10.677222222222222,3.3377728197867698,23.652853449283423,20.118893894695915,14.940943857640876,0.6637042934179547,6.186586190748739,0.23848359773421396,2.7522098368687744,16.198931433722954,20.46127901808627,16.839540711049715,12.756517809183615,16.706827928927034,14.24965781845978,12.550247651743225,66.57378126415071,23.237982266452022
S017-03,S017,colectivo,1,3,224.4096816513121,0.026176133179844012,0.9709754174246606,0.855206759359021,1.0559231954118042,1.217309948151775,plano,28.77209074258909,1309.2425327947963,0.632768020603786,0.5703306866812909,8.540087742448803,1.3138596526844313,sintetico,240.56595454171725,11.991388888888888,3.458510999966624,23.919721492299125,20.0615589045422,16.12963005860687,0.6451727724114364,5.895434223632699,0.22870709053062552,2.90174517986104,15.027930287601743,18.97412537341262,19.088119439016893,12.60291540558944,17.637163648556058,15.033968936589929,13.172070385986533,61.22860361859753,21.573090445794055
S017-04,S017,colectivo,1,4,224.4096816513121,0.026176133179844012,0.9709754174246606,0.855206759359021,1.0559231954118042,1.5159445707945256,plano,28.77209074258909,1309.2425327947963,0.632768020603786,0.5703306866812909,8.540087742448803,1.3138596526844313,sintetico,224.79384653903625,10.57,3.1317583236325284,25.136134416540784,21.267156720817052,15.392095027856618,0.6538939787659371,7.6500578156207295,0.2287298601161602,1.943991053253247,14.986691092098349,19.08537137943713,17.648810273578693,12.737053832776809,16.39459599010118,13.961659018581736,12.3178388920209,62.15564099534786,21.693066147924497
S017-05,S017,colectivo,1,5,224.4096816513121,0.026176133179844012,0.9709754174246606,0.855206759359021,1.0559231954118042,0.9364046678334774,plano,28.77209074258909,1309.2425327947963,0.632768020603786,0.5703306866812909,8.540087742448803,1.3138596526844313,sintetico,224.14309981211665,11.5175,3.3237695053940137,22.791638213863404,19.46108962987772,14.61302848322601,0.6456013166618823,4.28816052866411,0.24307635776670802,2.619025252490694,17.209463597730103,21.598578126498843,17.177203772104534,13.048870048111146,17.74005120036845,15.325755765335073,13.445018427492531,69.43629323180487,24.38998132248081
S017-06,S017,colectivo,2,6,224.4096816513121,0.026176133179844012,0.9709754174246606,0.855206759359021,1.0559231954118042,0.8150062013607267,plano,28.77209074258909,1309.2425327947963,0.632768020603786,0.5703306866812909,8.540087742448803,1.3138596526844313,sintetico,243.66064897365936,11.7775,3.0205944336935766,24.15471117458829,20.68865624909016,14.349395032901718,0.660591183108276,5.193518715064035,0.24526989857625817,5.134322931739732,18.166620643890212,23.058723474797848,18.023193502447967,13.519282747564388,20.059758916068052,17.128051461333666,14.990458031284804,70.25846569336566,26.188732502522807
S017-07,S017,colectivo,2,7,224.4096816513121,0.026176133179844012,0.9709754174246606,0.855206759359021,1.0559231954118042,1.5998158989046658,plano,28.77209074258909,1309.2425327947963,0.632768020603786,0.5703306866812909,8.540087742448803,1.3138596526844313,sintetico,208.82960967504545,11.393055555555556,3.5962333175291206,21.75497279365002,18.329552476658872,15.745458978422528,0.6391316845002892,3.4767767889796417,0.2467946116889345,1.680671174220636,16.061534690514158,20.131732015486254,17.609707464406068,11.85877789833511,17.045232567342065,14.640990290046975,12.886517674775773,71.92835058447986,22.776500664883493
S017-08,S017,colectivo,2,8,224.4096816513121,0.026176133179844012,0.9709754174246606,0.855206759359021,1.0559231954118042,0.4594077645130477,plano,28.77209074258909,1309.2425327947963,0.632768020603786,0.5703306866812909,8.540087742448803,1.3138596526844313,sintetico,242.28887948210485,13.470277777777778,3.6567918506777315,21.378430542538666,17.986925249738672,15.864145340564617,0.6616682366931838,3.2252077619450232,0.2585401153560672,2.344393216092395,18.582474609679537,23.374882869956995,18.64067402803582,12.997860437755584,20.86955299883416,17.96486554279618,15.66891149496326,73.69251937826671,26.45695502429099
S017-09,S017,colectivo,2,9,224.4096816513121,0.026176133179844012,0.9709754174246606,0.855206759359021,1.0559231954118042,0.5965503605500813,plano,28.77209074258909,1309.2425327947963,0.632768020603786,0.5703306866812909,8.540087742448803,1.3138596526844313,sintetico,210.686821952899,11.355,3.5977570546365634,22.0531084531863,18.554541783610656,15.864279074318704,0.6548307013131395,3.7452908655022257,0.25405401420525664,3.6587008845852473,17.895258388125676,22.67878131338605,16.25270015700896,12.963188880466769,17.833406254582286,15.210875955805813,13.370708186974165,71.73809862387418,25.784057274708303
S017-10,S017,colectivo,2,10,224.4096816513121,0.026176133179844012,0.9709754174246606,0.855206759359021,1.0559231954118042,1.4084495687089618,plano,28.77209074258909,1309.2425327947963,0.632768020603786,0.5703306866812909,8.540087742448803,1.3138596526844313,sintetico,218.31782378134707,11.313611111111111,3.2887832407082898,22.954647203856705,19.2969178131761,15.934592059711752,0.6334621238337413,5.008716148199071,0.22412718711945806,2.0436616973659625,15.061835457868876,18.842866707733588,17.484640508991788,12.486263224518298,15.809387482431429,13.655755303485073,12.050944817146691,65.18462395584054,21.25780018612847
S018-01,S018,colectivo,1,1,136.52310772080466,0.01009249301525051,0.927502774906827,1.8139753194521604,1.001031761973111,1.098841469058674,intermedio,88.52420677257447,1430.2256108096035,0.661297607969754,0.6307818850022763,9.589829011125909,1.475358309403986,sintetico,156.02909723441206,7.293611111111111,2.948168054250252,25.430312841537642,21.392571506412896,15.877670716380393,0.6580229984605862,5.8879536885401995,0.2280457104820054,4.819002741277427,16.368337848295308,21.09870597658917,12.427951886509295,12.554691123626228,12.65472718564733,10.762669938122936,9.66338941635268,67.06989307588765,23.97023570244749
S018-02,S018,colectivo,1,2,136.52310772080466,0.01009249301525051,0.927502774906827,1.8139753194521604,1.001031761973111,0.9296174354887013,intermedio,88.52420677257447,1430.2256108096035,0.661297607969754,0.6307818850022763,9.589829011125909,1.475358309403986,sintetico,151.11426456662676,7.323611111111111,3.1565517746982064,24.905523620375238,20.63384610050659,17.151526645173526,0.6414559773161785,8.021998862127822,0.21216798395902509,4.90264827866843,14.865122166421171,19.16280870662856,12.24883220181604,12.337034427185818,11.57828700613247,9.672574989560989,8.720370357703697,63.04604071834312,21.899803329852855
S018-03,S018,colectivo,1,3,136.52310772080466,0.01009249301525051,0.927502774906827,1.8139753194521604,1.001031761973111,0.6609764756917487,intermedio,88.52420677257447,1430.2256108096035,0.661297607969754,0.6307818850022763,9.589829011125909,1.475358309403986,sintetico,148.22117527199248,7.3775,3.2518970323606493,24.259887746268372,20.09097597722704,17.184381942091193,0.6526833030109507,6.276591739146806,0.22493214015350457,5.017816292652626,16.35671603856269,21.008916207967673,11.86288907165814,12.494525943609352,12.12124763665387,10.246111631539042,9.187050053003722,65.86136498512153,23.95826175387626
S018-04,S018,colectivo,1,4,136.52310772080466,0.01009249301525051,0.927502774906827,1.8139753194521604,1.001031761973111,0.9452766605620556,intermedio,88.52420677257447,1430.2256108096035,0.661297607969754,0.6307818850022763,9.589829011125909,1.475358309403986,sintetico,142.4139026721063,5.6402777777777775,2.4295380823642634,30.12988067816072,25.249448392986096,16.19798079290815,0.639632775558338,12.789953213494213,0.18439211668761502,5.101060317383301,13.302322576283096,17.280299599187845,10.67019426048785,13.346889400080613,9.246945747393609,7.656590439359217,7.038497499599767,51.514208957960214,19.854452471424572
S018-05,S018,colectivo,1,5,136.52310772080466,0.01009249301525051,0.927502774906827,1.8139753194521604,1.001031761973111,1.2706960091030899,intermedio,88.52420677257447,1430.2256108096035,0.661297607969754,0.6307818850022763,9.589829011125909,1.475358309403986,sintetico,127.82492352396208,7.650555555555556,4.357522653988403,20.496624857969064,16.707926972851045,18.484496405489796,0.6583676592904066,2.86471570692034,0.2455264092348729,5.022138675412007,15.982037792618264,20.43098143091958,11.988122039276577,10.662631153167313,11.737801762632708,10.02531105214234,9.024190216773832,73.59034563510367,23.171464062120656
S018-06,S018,colectivo,2,6,136.52310772080466,0.01009249301525051,0.927502774906827,1.8139753194521604,1.001031761973111,1.2132695119468748,intermedio,88.52420677257447,1430.2256108096035,0.661297607969754,0.6307818850022763,9.589829011125909,1.475358309403986,sintetico,133.37689397108085,8.152222222222223,4.498530308631222,19.579057996081023,16.360802040884934,16.4372359274908,0.6488434498780467,2.7599836445413657,0.24634488061025164,5.60182882568508,16.314607661032515,20.664614573237504,12.459711438306483,10.704653525203097,12.346808359502722,10.547025417306578,9.46150819123515,75.36532984898321,23.380704534419394
S018-07,S018,colectivo,2,7,136.52310772080466,0.01009249301525051,0.927502774906827,1.8139753194521604,1.001031761973111,1.3517869300389023,intermedio,88.52420677257447,1430.2256108096035,0.661297607969754,0.6307818850022763,9.589829011125909,1.475358309403986,sintetico,142.16102700791458,7.4238888888888885,3.397555646338358,22.694323853864244,19.149131827751724,15.621492179899723,0.6451781943400836,4.837985482301878,0.23208694041380828,6.101928668952823,15.650648665563589,20.09999942978092,12.399227269770986,11.4653134356606,12.09375136661781,10.244641520516165,9.219469430889909,68.47837578082009,22.880761000410768
S018-08,S018,colectivo,2,8,136.52310772080466,0.01009249301525051,0.927502774906827,1.8139753194521604,1.001031761973111,0.43618810545530456,intermedio,88.52420677257447,1430.2256108096035,0.661297607969754,0.6307818850022763,9.589829011125909,1.475358309403986,sintetico,135.9306518324237,8.461944444444445,4.502295779133599,19.444899729664037,16.06376084419543,17.388307126678264,0.6542561884421876,1.2244362012933723,0.25809454155762734,4.95723438834187,17.93484830122716,22.81083775940846,12.066791456334757,11.264854648752847,13.242434004956111,11.264622073969264,10.058106193942459,77.72425676280794,25.93308425394492
S018-09,S018,colectivo,2,9,136.52310772080466,0.01009249301525051,0.927502774906827,1.8139753194521604,1.001031761973111,1.4605706841025516,intermedio,88.52420677257447,1430.2256108096035,0.661297607969754,0.6307818850022763,9.589829011125909,1.475358309403986,sintetico,136.703689734179,6.4558333333333335,3.013817701637286,25.705577594308927,21.175219785854498,17.62402650488361,0.6615092909635896,7.633062260660041,0.2354321561687872,5.0717836441828,15.96411278288093,20.663897580467008,11.570931540955685,11.814406579998494,11.649657789479098,9.808470727539753,8.870083715853175,65.33588857799903,23.59715808114903
S018-10,S018,colectivo,2,10,136.52310772080466,0.01009249301525051,0.927502774906827,1.8139753194521604,1.001031761973111,0.8927294463655766,intermedio,88.52420677257447,1430.2256108096035,0.661297607969754,0.6307818850022763,9.589829011125909,1.475358309403986,sintetico,127.04049371133974,7.041388888888889,3.6602502589179857,21.295668530490918,18.041965259411537,15.278709219298591,0.6242798428538405,3.68456349362894,0.23621757641379407,5.195104372238677,16.05045980499406,20.429625925477545,11.041189386725708,11.506051500581489,10.943860360146248,9.28036210599313,8.379768063531492,69.72553705321518,23.23494714723646
S019-01,S019,colectivo,1,1,206.70104655629302,0.0093588478654754,0.6324816071483831,1.7190301855229186,0.9488227962897767,0.6036742359522311,plano,10.084813465735998,1570.7208421962914,0.6517925083701273,0.6387856591522508,10.443891273905539,1.6067525036777752,sintetico,217.31428917824525,10.964722222222223,3.349986799086556,23.77451790829095,19.81940670943893,16.641755123755477,0.6214568780539841,5.930636131026271,0.20990496375846596,2.34453975423678,15.507201133301482,20.0808675844428,18.39244895089492,11.81540803829016,17.898631449058538,15.097298870679511,13.26590367487186,65.48843655801421,22.824504564526432
S019-02,S019,colectivo,1,2,206.70104655629302,0.0093588478654754,0.6324816071483831,1.7190301855229186,0.9488227962897767,1.5929898750945846,plano,10.084813465735998,1570.7208421962914,0.6517925083701273,0.6387856591522508,10.443891273905539,1.6067525036777752,sintetico,206.45117731872406,10.617222222222223,3.342194551570719,23.27029504554378,19.444933241259132,16.446025848987496,0.6379664243942368,4.87938883365601,0.22333346996229522,1.9231482333153982,15.25427040095224,19.519747871789885,19.083582364460977,10.818261130216017,17.851963335132833,15.194974558567862,13.381725769556581,68.43488202297824,22.103332599435085
S019-03,S019,colectivo,1,3,206.70104655629302,0.0093588478654754,0.6324816071483831,1.7190301855229186,0.9488227962897767,1.100819565643433,plano,10.084813465735998,1570.7208421962914,0.6517925083701273,0.6387856591522508,10.443891273905539,1.6067525036777752,sintetico,241.2627529245411,10.718333333333334,2.6692889482257613,26.267514671489046,22.509353406114858,14.31088996008915,0.6291930783109766,6.836676514798114,0.20705197666953779,2.0085232142539806,15.116117097892086,19.723697318635278,19.866493039854316,12.144204437116413,19.089739316780058,16.017350308349506,14.078717522908681,63.5427955339792,22.52194910746306
S019-04,S019,colectivo,1,4,206.70104655629302,0.0093588478654754,0.6324816071483831,1.7190301855229186,0.9488227962897767,1.3592358794753758,plano,10.084813465735998,1570.7208421962914,0.6517925083701273,0.6387856591522508,10.443891273905539,1.6067525036777752,sintetico,207.73366098521524,8.028888888888888,2.267326333951828,30.281646756575032,25.873276347452773,14.561998339330195,0.6247376092023508,10.97079988928868,0.1839202887497745,1.8176840605176665,13.28855139836471,17.269152900513667,16.364826721897074,12.693911430620632,13.783388156021173,11.619143395347795,10.327745960122323,53.06459560753809,19.648626959788185
S019-05,S019,colectivo,1,5,206.70104655629302,0.0093588478654754,0.6324816071483831,1.7190301855229186,0.9488227962897767,1.008851425002414,plano,10.084813465735998,1570.7208421962914,0.6517925083701273,0.6387856591522508,10.443891273905539,1.6067525036777752,sintetico,205.4037171937013,9.709722222222222,3.0038404778144896,24.911246116451863,21.154438045982683,15.085109426405378,0.6288455277977365,5.598626805893291,0.2185958682487632,2.000670332769613,15.767444788748762,20.503477354037535,17.43971103176076,11.777931229458176,17.355906694376475,14.598145612490358,12.888940821980585,66.52371880432165,23.326091110212566
S019-06,S019,colectivo,2,6,206.70104655629302,0.0093588478654754,0.6324816071483831,1.7190301855229186,0.9488227962897767,1.0177724924592417,plano,10.084813465735998,1570.7208421962914,0.6517925083701273,0.6387856591522508,10.443891273905539,1.6067525036777752,sintetico,190.2525737252941,7.410277777777778,2.049906565590652,30.034590420001813,25.674148720285594,14.52187277429996,0.6031666176677426,10.672114555609703,0.1896393682860995,1.867112548414339,13.903154722124981,18.131340631537558,14.740331047425766,12.9069403606454,13.011680774613179,10.984898904184195,9.843027557604357,54.183719254621046,20.63968093124302
S019-07,S019,colectivo,2,7,206.70104655629302,0.0093588478654754,0.6324816071483831,1.7190301855229186,0.9488227962897767,1.4459655776599218,plano,10.084813465735998,1570.7208421962914,0.6517925083701273,0.6387856591522508,10.443891273905539,1.6067525036777752,sintetico,241.71424250659055,11.869166666666667,3.3262417293349116,24.21847951979054,20.364887383831263,15.91893093683447,0.6559105286984113,6.442931030447705,0.2249684329818122,2.6582630959079405,15.300197418112774,19.97612189903852,21.831653353655888,11.071733257715612,21.14365601422616,17.77710929086465,15.571069242613667,66.68010791835016,22.806722049751176
S019-08,S019,colectivo,2,8,206.70104655629302,0.0093588478654754,0.6324816071483831,1.7190301855229186,0.9488227962897767,0.9778282953712955,plano,10.084813465735998,1570.7208421962914,0.6517925083701273,0.6387856591522508,10.443891273905539,1.6067525036777752,sintetico,201.4340739119006,10.454444444444444,3.6389076870906436,23.361148599654104,19.26779323208742,17.528430226379,0.6396091608154449,5.351259432458284,0.21581640384361947,3.185512248696164,15.21235929902801,19.711976297967077,17.90337597205116,11.251178226182482,17.221492229882518,14.41689919426115,12.71164287150678,66.77293448583013,22.48852664449928
S019-09,S019,colectivo,2,9,206.70104655629302,0.0093588478654754,0.6324816071483831,1.7190301855229186,0.9488227962897767,1.5040181270564275,plano,10.084813465735998,1570.7208421962914,0.6517925083701273,0.6387856591522508,10.443891273905539,1.6067525036777752,sintetico,214.57257517793346,10.304444444444444,3.089863648465839,25.019540231529408,20.823303607951274,16.778089281863274,0.6498380602764833,6.183955143411689,0.21927368342899906,2.7365224510517705,15.420899988210948,19.977327574227136,18.94732880924019,11.324687365603282,18.19952164154924,15.41921225011816,13.567186160070332,66.96449943837125,22.72797424337339
S019-10,S019,colectivo,2,10,206.70104655629302,0.0093588478654754,0.6324816071483831,1.7190301855229186,0.9488227962897767,1.0265038627979446,plano,10.084813465735998,1570.7208421962914,0.6517925083701273,0.6387856591522508,10.443891273905539,1.6067525036777752,sintetico,196.06914319358134,7.938611111111111,2.3665121009984085,28.849959667844903,24.698167028128793,14.395185275901886,0.6416699433287477,9.496483431890548,0.20661280489998418,1.607584666033913,15.204369791545293,20.052678561206413,15.42164989224518,12.71388888760698,15.266792145391078,12.64224904086784,11.251667115236508,61.871853953599434,23.032006997920025
S020-01,S020,colectivo,1,1,204.43144375895196,0.020995558816756837,0.969384989026032,0.971855553104764,0.9419091176069955,0.7875948868588909,intermedio,134.5863994981905,1486.3888890091555,0.6149526881701021,0.678405241408954,10.568619156029722,1.6259414086199573,sintetico,187.55179570544522,11.466666666666667,4.190842305953885,19.6769536089448,16.35626125338185,16.884689922480618,0.5884886966394597,3.3672480620155034,0.21535591496392176,5.6131667198525905,14.366357861669565,18.096202023648136,17.66817131326394,10.615235294025327,15.433965644483894,13.150275388529424,11.593203297178508,68.99246622629248,20.495801182262877
S020-02,S020,colectivo,1,2,204.43144375895196,0.020995558816756837,0.969384989026032,0.971855553104764,0.9419091176069955,0.7155270457480978,intermedio,134.5863994981905,1486.3888890091555,0.6149526881701021,0.678405241408954,10.568619156029722,1.6259414086199573,sintetico,189.1789255282359,11.779444444444444,4.297518858032924,19.30034251919333,16.06008894735767,16.79715134650757,0.6134865179288943,1.6011885110597555,0.23176427211364586,5.084050235772416,16.009098929145072,20.041189210897723,17.821708348646986,10.615083684870104,17.003301690156164,14.61669483827244,12.841156738779476,74.35149980077317,22.618214075689696
S020-03,S020,colectivo,1,3,204.43144375895196,0.020995558816756837,0.969384989026032,0.971855553104764,0.9419091176069955,0.6026271196879894,intermedio,134.5863994981905,1486.3888890091555,0.6149526881701021,0.678405241408954,10.568619156029722,1.6259414086199573,sintetico,200.85096962264066,9.953888888888889,3.086865854642662,23.985931454947917,20.178140610635328,15.881564994139644,0.6005835395155892,7.25009767260144,0.20340398333745185,5.631878057642806,14.785728145925678,18.728797157437747,16.553765764902945,12.133249465718668,14.98564234522787,12.784044612602699,11.31438482704782,61.99153040293709,21.22723164852747
S020-04,S020,colectivo,1,4,204.43144375895196,0.020995558816756837,0.969384989026032,0.971855553104764,0.9419091176069955,0.641097222747251,intermedio,134.5863994981905,1486.3888890091555,0.6149526881701021,0.678405241408954,10.568619156029722,1.6259414086199573,sintetico,194.07203356213864,9.246944444444445,3.0504137517085965,24.612506271221235,20.98769325674244,14.734597014028658,0.6056864605175443,7.443900387515395,0.2020790373471099,6.172401637654541,14.79209874733295,18.899355861464855,15.872355635039122,12.22704669833088,14.642309710208448,12.362619504725687,10.981409135250827,61.57910822926623,21.53623056650814
S020-05,S020,colectivo,1,5,204.43144375895196,0.020995558816756837,0.969384989026032,0.971855553104764,0.9419091176069955,0.6911692582229514,intermedio,134.5863994981905,1486.3888890091555,0.6149526881701021,0.678405241408954,10.568619156029722,1.6259414086199573,sintetico,199.4822170843532,10.81638888888889,3.519110676933933,21.858858529918596,18.44258921656107,15.637278820719589,0.589040944899106,5.364801355967026,0.19207638138991684,5.330150424148347,13.156781803795763,16.53592519162349,17.418920899568878,11.452042192194034,13.869426229011568,11.915172449163352,10.57426970253504,58.9156754828732,18.68609164608357
S020-06,S020,colectivo,2,6,204.43144375895196,0.020995558816756837,0.969384989026032,0.971855553104764,0.9419091176069955,1.5670958421757444,intermedio,134.5863994981905,1486.3888890091555,0.6149526881701021,0.678405241408954,10.568619156029722,1.6259414086199573,sintetico,202.73964785679854,12.427222222222222,4.296150305120461,19.495336520448774,16.314156472897196,16.326165675711923,0.6060342497839422,2.5816978854664936,0.2262033859530615,5.765341759053737,14.050730735298187,17.671299616081335,20.651747269602208,9.81706996556247,17.551550042600773,14.996313464524013,13.161630073725162,70.76380233392206,19.994820198809233
S020-07,S020,colectivo,2,7,204.43144375895196,0.020995558816756837,0.969384989026032,0.971855553104764,0.9419091176069955,1.3609370452254415,intermedio,134.5863994981905,1486.3888890091555,0.6149526881701021,0.678405241408954,10.568619156029722,1.6259414086199573,sintetico,218.53225264148855,10.359444444444444,3.1482767037078654,24.839100050935826,21.0949779993929,15.080173754491339,0.603429877639066,8.108542929157506,0.18841406768190258,5.060547713098885,13.010415083824421,16.427862967256853,18.640573082297333,11.723472860876006,14.787843384029584,12.67019544549092,11.219855175422664,57.16905090695272,18.609653371564605
S020-08,S020,colectivo,2,8,204.43144375895196,0.020995558816756837,0.969384989026032,0.971855553104764,0.9419091176069955,1.104499103287061,intermedio,134.5863994981905,1486.3888890091555,0.6149526881701021,0.678405241408954,10.568619156029722,1.6259414086199573,sintetico,208.10505589589877,11.344444444444445,3.579922634713278,21.850505248016624,18.34422627877658,16.05288932419197,0.5996558110871725,5.511753183153771,0.20526650674444624,5.2145459424841905,13.561267783514019,17.19483230792346,18.977387251417724,10.965948744095535,15.74314785627463,13.454481302862137,11.84736977429525,62.58189492296647,19.473356880039532
S020-09,S020,colectivo,2,9,204.43144375895196,0.020995558816756837,0.969384989026032,0.971855553104764,0.9419091176069955,0.7410480816469771,intermedio,134.5863994981905,1486.3888890091555,0.6149526881701021,0.678405241408954,10.568619156029722,1.6259414086199573,sintetico,237.24491100774978,10.500277777777777,2.668128885509888,26.74827022688341,22.594155700322723,15.536626015184785,0.6078628425336113,10.063225840586227,0.18412830691097687,5.536729180329884,13.400961064373943,17.169175344168636,18.917739883931464,12.540869705543589,15.944298040218655,13.455249770988763,11.82280290991874,54.865016842908894,19.578424875322273
S020-10,S020,colectivo,2,10,204.43144375895196,0.020995558816756837,0.969384989026032,0.971855553104764,0.9419091176069955,1.49921603247813,intermedio,134.5863994981905,1486.3888890091555,0.6149526881701021,0.678405241408954,10.568619156029722,1.6259414086199573,sintetico,182.6324600792195,10.485555555555555,3.756177843207267,20.839924094334584,17.41752824746186,16.43000953692911,0.6107655426492963,2.9008159372681996,0.22814652711399766,5.804076663301495,14.684547211314317,18.638175596643165,17.733985761584442,10.298444046055343,15.885111247284382,13.5548219769829,11.945313180725712,70.46335850530316,21.137957436572083
S021-01,S021,colectivo,1,1,215.17066678812964,0.008213629885927835,0.826465538381441,1.537916452815022,0.9729297406737311,0.5360357530476975,plano,32.82793455801525,1511.8565177929834,0.7120616774999726,0.6434976949977015,10.437157523089038,1.605716542013698,sintetico,249.93124064093902,12.645833333333334,3.3529221791200707,23.7503823177518,19.763920182479527,16.788577704557937,0.6297479915879985,6.923668314113125,0.2186271171492452,2.2447043616946223,15.307613877513255,19.810714298947797,21.14609559190452,11.819261837472334,20.35969054952385,17.163610026572883,15.01633210467217,64.20107413741198,22.566632640499392
S021-02,S021,colectivo,1,2,215.17066678812964,0.008213629885927835,0.826465538381441,1.537916452815022,0.9729297406737311,0.7657767480406216,plano,32.82793455801525,1511.8565177929834,0.7120616774999726,0.6434976949977015,10.437157523089038,1.605716542013698,sintetico,235.7697863604586,9.989166666666666,2.672098107756773,27.89279700674595,23.602548063114234,15.383331942938183,0.6328780260581255,10.697700286421401,0.19111949556540106,1.9905751981295978,13.852551226436448,17.908993582291902,18.55519596957415,12.706402387075926,16.17474496716966,13.686561735669434,12.087720942483523,54.88458123139689,20.375310845089082
S021-03,S021,colectivo,1,3,215.17066678812964,0.008213629885927835,0.826465538381441,1.537916452815022,0.9729297406737311,0.9637121544390278,plano,32.82793455801525,1511.8565177929834,0.7120616774999726,0.6434976949977015,10.437157523089038,1.605716542013698,sintetico,235.71735105054339,12.252777777777778,3.53389343757467,22.961101536923753,19.23787040992873,16.218544547721606,0.6497638969169417,4.690546361369305,0.23424773518105366,2.8364647337128095,16.10518774038178,20.717254539640614,20.852307641622044,11.3041374173879,20.811976242033968,17.641920295963686,15.429467842050297,69.13979499695864,23.5270371890461
S021-04,S021,colectivo,1,4,215.17066678812964,0.008213629885927835,0.826465538381441,1.537916452815022,0.9729297406737311,0.9373278434030895,plano,32.82793455801525,1511.8565177929834,0.7120616774999726,0.6434976949977015,10.437157523089038,1.605716542013698,sintetico,251.07970766978195,11.862222222222222,3.0309100128508244,25.30102904127275,21.166329796066293,16.345073061071563,0.6498331007373223,6.383476957662046,0.2207232738544929,3.787642350976067,15.557949667112252,20.163834918538523,21.003192584158516,11.954359160576224,20.60296096718555,17.331859917491393,15.193203758656779,64.55920921367955,22.97775717154847
S021-05,S021,colectivo,1,5,215.17066678812964,0.008213629885927835,0.826465538381441,1.537916452815022,0.9729297406737311,0.9479523893436009,plano,32.82793455801525,1511.8565177929834,0.7120616774999726,0.6434976949977015,10.437157523089038,1.605716542013698,sintetico,227.79136365982436,10.777777777777779,3.134447191186153,25.472826726877962,21.1352811643136,17.030927835051546,0.6250284452423774,8.899484536082475,0.2038419474378453,1.3796065373743993,13.673419279791894,17.66977761041883,19.37829266517985,11.754975920512049,16.761941701069585,14.07329337336682,12.375590109392537,57.987035002520074,20.216019788447245
S021-06,S021,colectivo,2,6,215.17066678812964,0.008213629885927835,0.826465538381441,1.537916452815022,0.9729297406737311,1.4478554319673944,plano,32.82793455801525,1511.8565177929834,0.7120616774999726,0.6434976949977015,10.437157523089038,1.605716542013698,sintetico,252.02916028593688,13.75361111111111,3.745598322547261,22.147285434982244,18.324580959129378,17.264152848746793,0.6379233603491576,4.047421889200816,0.22834368862844526,3.718958278040774,14.987478488576219,19.30342381633013,23.667644566264958,10.64867944844712,21.89960545481822,18.65982114648025,16.28133469648602,69.01841740585706,21.901189736016377
S021-07,S021,colectivo,2,7,215.17066678812964,0.008213629885927835,0.826465538381441,1.537916452815022,0.9729297406737311,0.800158400061052,plano,32.82793455801525,1511.8565177929834,0.7120616774999726,0.6434976949977015,10.437157523089038,1.605716542013698,sintetico,230.73834335581302,11.345,3.3804524582080013,24.35937815880081,20.338329074994537,16.509965231869153,0.6406872074333975,6.782233974829833,0.22164910973858518,1.6467074079012864,15.53046123894562,20.060188062705112,19.588740559488013,11.779131111318561,18.95608222015069,16.07996337951388,14.131500028337404,65.00010072695176,22.777624010929376
S021-08,S021,colectivo,2,8,215.17066678812964,0.008213629885927835,0.826465538381441,1.537916452815022,0.9729297406737311,0.9536297785193444,plano,32.82793455801525,1511.8565177929834,0.7120616774999726,0.6434976949977015,10.437157523089038,1.605716542013698,sintetico,233.09088812565741,12.136944444444444,3.4192670782151886,22.928941246152313,19.205071687738695,16.245165129425764,0.6377063788705498,4.815416657130433,0.22292051027536194,4.5117068651613526,15.56268774294198,19.939074663824755,20.454761795086455,11.395434005085768,19.71006397333787,16.699060693934193,14.640649278897794,67.55973925378237,22.678918740512263
S021-09,S021,colectivo,2,9,215.17066678812964,0.008213629885927835,0.826465538381441,1.537916452815022,0.9729297406737311,0.7152421741143222,plano,32.82793455801525,1511.8565177929834,0.7120616774999726,0.6434976949977015,10.437157523089038,1.605716542013698,sintetico,248.14875896689594,10.566666666666666,2.3977552919350904,27.430175813842308,23.48410968140971,14.387486855941114,0.6382854237444787,7.973186119873817,0.2089808762183723,1.784188002542141,15.349869305529499,20.043708624340304,19.175656149544277,12.940822313023869,18.772461800589895,15.758813431803228,13.876057441097837,62.044422773399575,22.90594971810921
S021-10,S021,colectivo,2,10,215.17066678812964,0.008213629885927835,0.826465538381441,1.537916452815022,0.9729297406737311,0.6573518219511019,plano,32.82793455801525,1511.8565177929834,0.7120616774999726,0.6434976949977015,10.437157523089038,1.605716542013698,sintetico,198.8671690027535,12.06611111111111,4.208839519349777,19.847906540118494,16.48146342856284,16.96440904277361,0.62300680389339,2.332059487085041,0.23387333095859306,3.7412441912089998,15.940259144044543,20.10281332421435,18.718453351050183,10.624123973981868,17.972387043341016,15.384461635621273,13.501252706391453,70.41380196859119,22.705809962190386
S022-01,S022,colectivo,1,1,175.05078369066894,0.010810971446102855,0.9460987229740401,1.6043137071304046,0.946499796912712,0.4231799751379352,plano,34.43311724575656,1606.6399023728407,0.6684537714779607,0.7858184269130863,13.024291869517658,2.003737210695024,sintetico,203.1558454962837,10.399722222222222,3.268426750792886,22.855731718705012,19.534737674260032,14.535644648628434,0.6125672952689487,4.489970351772216,0.20928075591054013,4.366553927365192,14.204822361536516,18.31407462270896,19.10652542873629,10.632799053601682,17.01782292481146,14.290307656919468,12.616789107601303,65.42398775002226,20.896641966294723
S022-02,S022,colectivo,1,2,175.05078369066894,0.010810971446102855,0.9460987229740401,1.6043137071304046,0.946499796912712,0.49392970138265624,plano,34.43311724575656,1606.6399023728407,0.6684537714779607,0.7858184269130863,13.024291869517658,2.003737210695024,sintetico,163.65671153052503,9.87138888888889,4.2894666123672165,20.43241474565761,16.578894152851678,18.867659059571714,0.6282470857725196,3.9423699243042463,0.23008238351927537,2.662348208096388,14.281394594533174,18.249799112770084,17.270217028512207,9.4762394277001,15.15810095588214,12.835326103845945,11.372607473367545,69.88092303904169,20.715620849576624
S022-03,S022,colectivo,1,3,175.05078369066894,0.010810971446102855,0.9460987229740401,1.6043137071304046,0.946499796912712,0.6476171159720465,plano,34.43311724575656,1606.6399023728407,0.6684537714779607,0.7858184269130863,13.024291869517658,2.003737210695024,sintetico,181.47819234146692,9.502222222222223,3.686393342188568,23.080007153588497,19.09850012948085,17.256197380729652,0.6126418954560947,7.790575304022451,0.20584569491443147,2.270488149381203,12.85895562752258,16.76853795062675,17.889955025395803,10.144139103974737,14.734587359759605,12.279982344358052,10.915642127232985,62.334523957739435,19.22158339736645
S022-04,S022,colectivo,1,4,175.05078369066894,0.010810971446102855,0.9460987229740401,1.6043137071304046,0.946499796912712,0.45664540960660177,plano,34.43311724575656,1606.6399023728407,0.6684537714779607,0.7858184269130863,13.024291869517658,2.003737210695024,sintetico,203.2372012901784,11.786388888888888,3.960889024695019,20.745055583393867,17.243381599411805,16.88623883481417,0.6198287119436683,3.3843180693360986,0.22551777290675531,3.7959241099018697,14.526638863448625,18.706976405465852,20.765515590309352,9.787245609496116,18.762165966825094,15.824882571245091,13.840880792066912,70.85635764226312,21.28386311547238
S022-05,S022,colectivo,1,5,175.05078369066894,0.010810971446102855,0.9460987229740401,1.6043137071304046,0.946499796912712,1.1207164067769084,plano,34.43311724575656,1606.6399023728407,0.6684537714779607,0.7858184269130863,13.024291869517658,2.003737210695024,sintetico,164.5693478238649,8.363333333333333,3.3177502810813366,23.72395383861929,19.677482800780975,17.06191045569284,0.637917756755618,5.473628271555732,0.21935230441378603,1.9130765143318205,13.82131659521359,17.947909653456847,16.547293776323936,9.945393491431975,14.440155348770155,12.088411005675995,10.74082300034661,66.59803160091923,20.47428626789509
S022-06,S022,colectivo,2,6,175.05078369066894,0.010810971446102855,0.9460987229740401,1.6043137071304046,0.946499796912712,0.7297361578047488,plano,34.43311724575656,1606.6399023728407,0.6684537714779607,0.7858184269130863,13.024291869517658,2.003737210695024,sintetico,161.05354421729697,9.204166666666667,4.035924842007859,20.949707865032746,17.497895252218772,16.48408027765203,0.6311863240565172,3.1175494190433075,0.22021216223940937,2.957895137028679,14.099887188593762,18.112107907633764,16.593062415525374,9.706077165515058,14.416867646702523,12.249101092482134,10.892411833148818,69.98472567958545,20.55820203182063
S022-07,S022,colectivo,2,7,175.05078369066894,0.010810971446102855,0.9460987229740401,1.6043137071304046,0.946499796912712,1.1813469234726668,plano,34.43311724575656,1606.6399023728407,0.6684537714779607,0.7858184269130863,13.024291869517658,2.003737210695024,sintetico,200.34966118809118,10.515277777777778,3.643629820340277,23.003312866895335,19.053197207162285,17.17870822876767,0.619015559153162,6.205256901334038,0.21198312298811564,2.5387325218619314,12.995120943011486,16.797086277961807,20.81257330396152,9.626376241997717,16.962113233451884,14.291404313286659,12.606170310590878,62.49995682342232,19.11748862033399
S022-08,S022,colectivo,2,8,175.05078369066894,0.010810971446102855,0.9460987229740401,1.6043137071304046,0.946499796912712,0.7956099626056798,plano,34.43311724575656,1606.6399023728407,0.6684537714779607,0.7858184269130863,13.024291869517658,2.003737210695024,sintetico,156.60237660327562,9.825555555555555,4.265580219719523,19.06854976252621,15.938271960075546,16.422594142259413,0.6000478200772581,1.7556259188058352,0.2275334627292436,1.855507368481032,13.855889251961058,17.544334651856026,17.242291020120454,9.082457570199484,14.493672732530873,12.34300055619826,10.955372822420832,72.50918089556146,19.863387657514753
S022-09,S022,colectivo,2,9,175.05078369066894,0.010810971446102855,0.9460987229740401,1.6043137071304046,0.946499796912712,1.107808989011867,plano,34.43311724575656,1606.6399023728407,0.6684537714779607,0.7858184269130863,13.024291869517658,2.003737210695024,sintetico,198.3366305267005,10.254722222222222,3.489017627063305,23.1180582875836,19.341004683374106,16.34477341062383,0.609170947494359,7.939431698133652,0.20025172122708756,3.2015987005235504,12.243506278799583,15.897915499049068,20.033260589598125,9.900366924278062,15.67381344643641,13.053096235695453,11.559382636775812,61.028278003066966,18.22490544867969
S022-10,S022,colectivo,2,10,175.05078369066894,0.010810971446102855,0.9460987229740401,1.6043137071304046,0.946499796912712,0.9386261621641198,plano,34.43311724575656,1606.6399023728407,0.6684537714779607,0.7858184269130863,13.024291869517658,2.003737210695024,sintetico,186.64588881991438,12.159444444444444,4.548720603319365,18.457698264015093,15.349869780045044,16.84561611915749,0.6194532441094897,1.3638232740896423,0.23552801494758677,4.3776931021432395,14.2166708641431,18.160641444009087,21.285597599385138,8.768646872536287,18.55611561862319,15.720820901576925,13.79940021248485,76.08253161987541,20.664846235797835
S023-01,S023,colectivo,1,1,176.91997198450355,0.030750592950914653,0.8144570547773545,1.0402306412440732,1.0084245434502985,1.403772588187128,plano,9.960236819538917,1283.861063639682,0.6026023221789983,0.5009663409071852,7.728173224767832,1.1889497268873588,sintetico,189.2420048600893,8.668333333333333,2.98559508718858,25.832147176897646,21.831417595857257,15.48740626802538,0.6440019113998091,8.70024995193232,0.21958993239700478,1.9931204492423367,15.55827515551015,19.65609200914218,13.551764976882234,13.964380667973108,12.882575955524807,11.07546793051907,9.898407471989145,61.8290065356669,22.214299207697778
S023-02,S023,colectivo,1,2,176.91997198450355,0.030750592950914653,0.8144570547773545,1.0402306412440732,1.0084245434502985,0.8204127648343105,plano,9.960236819538917,1283.861063639682,0.6026023221789983,0.5009663409071852,7.728173224767832,1.1889497268873588,sintetico,182.06268138807857,9.529722222222222,3.460346706951512,22.92178964108145,19.10472069831471,16.65257819103973,0.6404945295332393,5.444952925059026,0.23445839807322863,1.4840107744957622,17.272263011177657,21.687542486762915,13.088749899320247,13.90986020731696,13.611801099237244,11.772969818286219,10.443197756003254,68.01689476895218,24.45386523355275
S023-03,S023,colectivo,1,3,176.91997198450355,0.030750592950914653,0.8144570547773545,1.0402306412440732,1.0084245434502985,0.6118078384211655,plano,9.960236819538917,1283.861063639682,0.6026023221789983,0.5009663409071852,7.728173224767832,1.1889497268873588,sintetico,209.4572419987739,10.44,3.112807147550509,23.78769270940995,20.062954214441945,15.65825883354619,0.6383454764356851,5.832269050659855,0.23589978251590904,3.6054293807010893,18.329303159206674,23.10752091534097,14.3046183756907,14.642630547538829,15.782715862003126,13.685321734066706,12.098384194785604,68.52466286117878,26.03959940558454
S023-04,S023,colectivo,1,4,176.91997198450355,0.030750592950914653,0.8144570547773545,1.0402306412440732,1.0084245434502985,0.49644140565543815,plano,9.960236819538917,1283.861063639682,0.6026023221789983,0.5009663409071852,7.728173224767832,1.1889497268873588,sintetico,203.9539158828375,8.053055555555556,2.348569763549744,29.882141434138415,25.326277023152528,15.246110861991651,0.6437660915308723,11.8554034010555,0.19929322755855733,1.4771944694739152,15.56633733979045,19.959736765857066,12.448367391949473,16.383989117700462,12.327545838379397,10.389605968746626,9.264997481095987,56.030396095639034,22.7850631177977
S023-05,S023,colectivo,1,5,176.91997198450355,0.030750592950914653,0.8144570547773545,1.0402306412440732,1.0084245434502985,0.6936260151085352,plano,9.960236819538917,1283.861063639682,0.6026023221789983,0.5009663409071852,7.728173224767832,1.1889497268873588,sintetico,160.33054113664562,5.796111111111111,2.083196361916725,32.27951166556257,27.661743893986593,14.305568868014953,0.6457578844362226,14.569155564075528,0.17513932926750791,1.5475183415278428,13.770332649795622,17.45969704610167,9.676564119062878,16.56895352150808,8.35705268082634,7.101979521379087,6.58211282338247,47.833063956123425,19.84546177081365
S023-06,S023,colectivo,2,6,176.91997198450355,0.030750592950914653,0.8144570547773545,1.0402306412440732,1.0084245434502985,0.49561318195039833,plano,9.960236819538917,1283.861063639682,0.6026023221789983,0.5009663409071852,7.728173224767832,1.1889497268873588,sintetico,176.40421977581153,5.355277777777777,1.6722955968678606,38.28401200825425,32.94025578053434,13.958192852326365,0.6228434060704726,22.34037035115929,0.15444395386902435,0.8027836334083883,11.440847334435526,14.870868317759236,9.875815547593836,17.86224326747283,7.453785603347755,6.261187720739594,5.8590880057913175,38.62429968130622,17.089017366518195
S023-07,S023,colectivo,2,7,176.91997198450355,0.030750592950914653,0.8144570547773545,1.0402306412440732,1.0084245434502985,0.7618712221867062,plano,9.960236819538917,1283.861063639682,0.6026023221789983,0.5009663409071852,7.728173224767832,1.1889497268873588,sintetico,174.7028630311337,7.851388888888889,2.7303502170711087,26.07289225238709,22.251204914632275,14.657703874049178,0.6395265751996585,6.644259685122944,0.22287981911140425,1.0321837428174763,17.273740163256722,21.835362313903197,11.482919477543087,15.214150318897257,12.098215919595479,10.41142073715537,9.341817096982151,64.50623107232941,24.69380294162481
S023-08,S023,colectivo,2,8,176.91997198450355,0.030750592950914653,0.8144570547773545,1.0402306412440732,1.0084245434502985,1.2253379119354837,plano,9.960236819538917,1283.861063639682,0.6026023221789983,0.5009663409071852,7.728173224767832,1.1889497268873588,sintetico,200.80594085140723,9.831111111111111,2.9779995425658705,24.245418133386973,20.42555908298672,15.75497287522604,0.635503425821671,6.004181735985534,0.2297118730297436,1.4817647909501008,16.49909090792979,20.844926549695035,14.45322048859895,13.893508440544982,14.529036721677798,12.512166357436298,11.111741301368225,66.5055083618471,23.596160879273878
S023-09,S023,colectivo,2,9,176.91997198450355,0.030750592950914653,0.8144570547773545,1.0402306412440732,1.0084245434502985,0.8593290135536059,plano,9.960236819538917,1283.861063639682,0.6026023221789983,0.5009663409071852,7.728173224767832,1.1889497268873588,sintetico,187.42785431673244,8.391666666666667,2.715711609971515,26.4687068704,22.334997535261063,15.617345249917246,0.6347439326553536,8.672624958622972,0.2042122910383607,2.35483329743298,15.53330554984902,19.683458651886003,12.349570959920872,15.17687172493751,11.749459608477592,10.139163029527777,9.1159381358,59.58954556515736,22.266128225393533
S023-10,S023,colectivo,2,10,176.91997198450355,0.030750592950914653,0.8144570547773545,1.0402306412440732,1.0084245434502985,0.4419684311452527,plano,9.960236819538917,1283.861063639682,0.6026023221789983,0.5009663409071852,7.728173224767832,1.1889497268873588,sintetico,193.95491247403672,9.062222222222223,3.0367882539651836,25.33058896813104,21.402577394143332,15.506988719960765,0.6553635908463162,6.691392839627268,0.22747911979245675,1.7468986941172582,18.19550437427933,22.9345594730815,12.586969624274857,15.409182532702786,13.862647443174954,11.958224167866476,10.65751919582821,65.88073499659737,25.900264984090835
S024-01,S024,colectivo,1,1,209.068152868143,0.0035301684398950342,0.6425942292425041,1.4069252315571914,0.9881934097517382,0.48497823152168823,plano,15.427499775771766,1490.8184751313752,0.6343419785809821,0.8009833967611927,12.351999216949759,1.9003075718384244,sintetico,224.83380689523696,10.377222222222223,2.9666357084403847,25.46612527007842,21.666087714086757,14.923175758873603,0.6644073286869332,5.3750200760212,0.23811689132104985,4.708576339354317,16.20894715037282,21.191433186629702,19.5435164605187,11.504265742014255,20.198406161216322,16.898102082207483,14.809448310542486,69.63618763503003,24.23738907594706
S024-02,S024,colectivo,1,2,209.068152868143,0.0035301684398950342,0.6425942292425041,1.4069252315571914,0.9881934097517382,0.42661121823934856,plano,15.427499775771766,1490.8184751313752,0.6343419785809821,0.8009833967611927,12.351999216949759,1.9003075718384244,sintetico,215.2775163488138,9.283333333333333,2.559486979156781,27.113684652043577,23.18967860130849,14.47336923997606,0.6436688804938154,8.776181926989826,0.2211687275356146,2.8233765885097073,15.195827465821186,19.731203188274993,17.81752606263823,12.082346089574784,17.24923280109715,14.406455628700945,12.709594192494329,64.56015139164674,22.543520474483714
S024-03,S024,colectivo,1,3,209.068152868143,0.0035301684398950342,0.6425942292425041,1.4069252315571914,0.9881934097517382,0.6381790588879708,plano,15.427499775771766,1490.8184751313752,0.6343419785809821,0.8009833967611927,12.351999216949759,1.9003075718384244,sintetico,209.15474222137297,10.551944444444445,3.2989928541505034,24.00803075197916,19.82144080861723,17.440176902624582,0.6483755042509961,6.0652328428146465,0.23239841650573553,1.0795580184228604,15.09667253554234,19.37602712162053,19.16007888578647,10.916173334574857,17.897714679541163,15.192199796788543,13.372148037406992,68.59983486609562,22.00309726004192
S024-04,S024,colectivo,1,4,209.068152868143,0.0035301684398950342,0.6425942292425041,1.4069252315571914,0.9881934097517382,1.2256432350090185,plano,15.427499775771766,1490.8184751313752,0.6343419785809821,0.8009833967611927,12.351999216949759,1.9003075718384244,sintetico,206.20703694845218,8.598888888888888,2.4441454930851383,28.827408901786768,23.98066071244437,16.814187879571005,0.6518864141721046,10.250032303915233,0.21896089759303428,1.696803576323035,13.918447750647754,18.250857442556818,18.036376083929568,11.432841940581563,16.22388304405854,13.480328643502311,11.940767594945154,61.88430986667199,20.9230179725607
S024-05,S024,colectivo,1,5,209.068152868143,0.0035301684398950342,0.6425942292425041,1.4069252315571914,0.9881934097517382,1.4892001307657146,plano,15.427499775771766,1490.8184751313752,0.6343419785809821,0.8009833967611927,12.351999216949759,1.9003075718384244,sintetico,189.97915528334053,8.459444444444445,2.737142394514054,26.31350097981537,22.45763968674151,14.654889341301637,0.6422431509225861,8.163131279963224,0.22226588248446041,2.1149752343684884,13.877552315296901,18.129199272960005,17.40250679097217,10.916769495639288,15.523441177623093,12.918497040599377,11.467712986651986,65.9316453749605,20.80898094530703
S024-06,S024,colectivo,2,6,209.068152868143,0.0035301684398950342,0.6425942292425041,1.4069252315571914,0.9881934097517382,1.5022113640847583,plano,15.427499775771766,1490.8184751313752,0.6343419785809821,0.8009833967611927,12.351999216949759,1.9003075718384244,sintetico,201.99174933053504,9.712222222222222,2.9753690533989894,24.72969788023475,20.79768612258112,15.90207070129276,0.6384842380264749,6.415169889028716,0.22337432734132837,2.7757036526731302,14.111181750677439,17.979466018426923,19.10940022317447,10.570282006317202,16.483934079936443,14.04824149399226,12.417026868148842,66.69153847469477,20.372178810076978
S024-07,S024,colectivo,2,7,209.068152868143,0.0035301684398950342,0.6425942292425041,1.4069252315571914,0.9881934097517382,1.5698963631825786,plano,15.427499775771766,1490.8184751313752,0.6343419785809821,0.8009833967611927,12.351999216949759,1.9003075718384244,sintetico,246.24390082723352,12.69111111111111,3.3259707032281636,22.901740038169518,19.40286383685083,15.27972334092103,0.6317541294432005,3.9791630187357727,0.22201926618207032,1.3091313911638511,13.347407424933337,17.19172797055974,24.449363044968056,10.071587565464746,20.278282228260768,17.20325333192123,15.057981262285521,68.85450303856922,19.551973713658914
S024-08,S024,colectivo,2,8,209.068152868143,0.0035301684398950342,0.6425942292425041,1.4069252315571914,0.9881934097517382,0.6454933352245367,plano,15.427499775771766,1490.8184751313752,0.6343419785809821,0.8009833967611927,12.351999216949759,1.9003075718384244,sintetico,205.06532059331477,9.01,2.7064546964558436,26.890287164012594,22.759747013686432,15.362560118386979,0.6535802737337711,8.533727956591441,0.22826740096531203,1.8496462515596237,15.163294207904839,19.860471708816,17.665075659120877,11.608516405500644,17.050978036012854,14.338954582382833,12.67072612593088,65.90668021385312,22.65144913323983
S024-09,S024,colectivo,2,9,209.068152868143,0.0035301684398950342,0.6425942292425041,1.4069252315571914,0.9881934097517382,1.286207492534885,plano,15.427499775771766,1490.8184751313752,0.6343419785809821,0.8009833967611927,12.351999216949759,1.9003075718384244,sintetico,219.43389427116247,9.937777777777777,2.8983671921443075,26.388741539130802,22.080780953046315,16.32658765652952,0.6612103045957753,7.99698121645796,0.229545074659437,3.1636802104496597,14.92807539966556,19.29393395495476,19.950638432697644,10.998840714366628,18.544342884798933,15.716764359944202,13.842494178999516,66.58037704573117,21.9339930993446
S024-10,S024,colectivo,2,10,209.068152868143,0.0035301684398950342,0.6425942292425041,1.4069252315571914,0.9881934097517382,1.1267772335477466,plano,15.427499775771766,1490.8184751313752,0.6343419785809821,0.8009833967611927,12.351999216949759,1.9003075718384244,sintetico,188.01057850095216,10.378055555555555,3.5636292667255787,21.7572020437571,18.116166125195466,16.73670404967747,0.6470851068466926,2.8452129225663123,0.23813874127128046,3.6186056027687714,15.030374652850119,19.15530390688853,18.63224102228422,10.090604682286523,17.01944121509344,14.579200119773589,12.858703923920412,72.74962954219218,21.673156194883358
S025-01,S025,colectivo,1,1,195.9035012412397,0.008568852476435794,0.751013387107016,1.2523628435102256,0.9446017884196127,1.0374226607298218,plano,32.926441478253736,1466.1552216107236,0.6702330971600913,0.7307878746148458,11.810955217857114,1.817070033516479,sintetico,221.91553479213206,12.6775,3.9249167518437336,21.093775609978827,17.50467637879172,17.02272179495607,0.6221349213247473,3.5408313065579877,0.2221793160532267,3.451010918126472,13.69024482773286,17.312760209026894,21.651641581922455,10.249363031088386,18.078457659005654,15.398704831641277,13.509343323118726,68.49084719081088,19.653642176671035
S025-02,S025,colectivo,1,2,195.9035012412397,0.008568852476435794,0.751013387107016,1.2523628435102256,0.9446017884196127,1.500859507147167,plano,32.926441478253736,1466.1552216107236,0.6702330971600913,0.7307878746148458,11.810955217857114,1.817070033516479,sintetico,226.1812299927028,9.628333333333334,2.6483187840977136,27.641583678712866,23.491213085619123,15.019329525128382,0.597452767436471,11.441924874502336,0.17745393506303772,3.7542536959991724,11.632747595802106,14.783460548003854,19.388703045593385,11.665619379533936,13.89969224372138,11.871677770588711,10.546056321138261,52.54933542857429,16.73912219783291
S025-03,S025,colectivo,1,3,195.9035012412397,0.008568852476435794,0.751013387107016,1.2523628435102256,0.9446017884196127,0.6979160451416495,plano,32.926441478253736,1466.1552216107236,0.6702330971600913,0.7307878746148458,11.810955217857114,1.817070033516479,sintetico,192.38870481592934,9.025833333333333,2.7860263444926545,25.147934148988966,21.315339837421774,15.243283168682487,0.61838933764961,6.662973563536761,0.2097008721395883,1.9877175240413758,14.233138543425856,18.148442969007135,16.154627023807393,11.909201279138312,14.184747786215675,12.070294941035918,10.756019298666036,63.231009208983394,20.58732919584524
S025-04,S025,colectivo,1,4,195.9035012412397,0.008568852476435794,0.751013387107016,1.2523628435102256,0.9446017884196127,0.5377994452677184,plano,32.926441478253736,1466.1552216107236,0.6702330971600913,0.7307878746148458,11.810955217857114,1.817070033516479,sintetico,213.6318929718979,12.073333333333334,3.7073116236637156,21.214256885961788,17.694524542122963,16.597644027240936,0.6150543079574672,3.317688201730167,0.22024434368716536,3.639098000363162,14.487678368922527,18.25162818673863,19.6589480018956,10.866903608031246,17.179054487577698,14.739907635665228,12.960484300072899,68.65006626504345,20.625919680840166
S025-05,S025,colectivo,1,5,195.9035012412397,0.008568852476435794,0.751013387107016,1.2523628435102256,0.9446017884196127,0.9304890208986569,plano,32.926441478253736,1466.1552216107236,0.6702330971600913,0.7307878746148458,11.810955217857114,1.817070033516479,sintetico,191.4504342730629,8.064444444444444,2.460166788278055,27.92800217728652,23.74006487265867,15.0006888950124,0.6065078698176676,9.740975475337558,0.1939617207501656,3.9513130347379386,13.763468441729238,17.555184425802384,15.462547915931836,12.381558027432332,13.0523478392628,11.182833514505635,10.017176926059957,58.128051587271564,19.841443490817568
S025-06,S025,colectivo,2,6,195.9035012412397,0.008568852476435794,0.751013387107016,1.2523628435102256,0.9446017884196127,0.9038394421182583,plano,32.926441478253736,1466.1552216107236,0.6702330971600913,0.7307878746148458,11.810955217857114,1.817070033516479,sintetico,188.6068543076564,8.825277777777778,2.947931039097074,25.383569604456763,21.371208822749143,15.813162947341915,0.6182800639996556,6.225803405621479,0.21262206942937348,2.5184237761790467,13.90012287191638,17.969837367711257,16.404261234202664,11.497430552642848,14.27810984677916,12.130033647417386,10.818207434824483,62.595255120562726,20.416297490894724
S025-07,S025,colectivo,2,7,195.9035012412397,0.008568852476435794,0.751013387107016,1.2523628435102256,0.9446017884196127,0.565000434531798,plano,32.926441478253736,1466.1552216107236,0.6702330971600913,0.7307878746148458,11.810955217857114,1.817070033516479,sintetico,197.8073152105494,9.646666666666667,3.088864531373076,24.572330241629096,20.50525036736863,16.55724487445289,0.6277454361184525,6.7208016586040085,0.21283193442946652,2.2056475879000352,14.263591628493922,18.247852448114802,17.136687849771338,11.542914065111411,15.068382042185846,12.853542532671206,11.384923992790622,62.69086895634513,20.691225664531057
S025-08,S025,colectivo,2,8,195.9035012412397,0.008568852476435794,0.751013387107016,1.2523628435102256,0.9446017884196127,1.4398012713146358,plano,32.926441478253736,1466.1552216107236,0.6702330971600913,0.7307878746148458,11.810955217857114,1.817070033516479,sintetico,234.19473830829546,12.578055555555556,3.62518819224013,22.201679749387324,18.619311806494196,16.143636403789667,0.6238985863475941,3.8294207283408053,0.22086734484440676,2.57751302532813,13.505235857631266,17.24156662493202,22.710166715160977,10.31233021076637,18.83698498501839,16.07734027861983,14.095763288412142,68.1504255333882,19.54295831874803
S025-09,S025,colectivo,2,9,195.9035012412397,0.008568852476435794,0.751013387107016,1.2523628435102256,0.9446017884196127,1.5046839711481814,plano,32.926441478253736,1466.1552216107236,0.6702330971600913,0.7307878746148458,11.810955217857114,1.817070033516479,sintetico,196.34790802048246,10.262777777777778,3.1831253324827977,22.64516574244728,19.132043221830152,15.519948032263303,0.6008067825122869,2.934011801006875,0.20638213194500135,2.4281830160457147,12.880307670564333,16.37004533968066,18.6933523244554,10.503622069093097,14.681308122271217,12.592080762728425,11.182644644396994,66.15186699058825,18.504633720996143
S025-10,S025,colectivo,2,10,195.9035012412397,0.008568852476435794,0.751013387107016,1.2523628435102256,0.9446017884196127,1.2185464327772852,plano,32.926441478253736,1466.1552216107236,0.6702330971600913,0.7307878746148458,11.810955217857114,1.817070033516479,sintetico,196.30122695512952,9.260555555555555,2.7967222035015107,25.020722646193263,21.1975648520747,15.285859979602856,0.6040214970167722,5.756194132821405,0.20347347117942982,2.6300111617678024,13.474207215831989,17.0793023085522,17.344312447007745,11.317901909048897,14.175597352202546,12.186113363663535,10.85110731221782,62.333200640109425,19.236468110696723
S026-01,S026,colectivo,1,1,177.03339807488203,0.003522309091064266,0.7655677596117534,1.2434178931614903,0.9780115812309053,0.9559369299458805,intermedio,149.31983523681413,1523.7186143772358,0.6309905867908983,0.7203662006835883,11.907659660239318,1.8319476400368182,sintetico,169.8171914335828,8.78111111111111,3.3977714218979442,23.062446018741866,19.33891842214659,16.14893078577755,0.6384748138594738,5.146779703909908,0.2373899365087573,9.244904944330045,16.83163860476196,21.759387570142668,16.046682734647455,10.582697635500654,16.812453163579317,14.220882921865408,12.483173430343237,72.47476501235828,24.75212304889314
S026-02,S026,colectivo,1,2,177.03339807488203,0.003522309091064266,0.7655677596117534,1.2434178931614903,0.9780115812309053,1.3237988216970222,intermedio,149.31983523681413,1523.7186143772358,0.6309905867908983,0.7203662006835883,11.907659660239318,1.8319476400368182,sintetico,216.45068189366702,8.46888888888889,2.042035608911298,29.602777486134837,25.558332944673356,13.664392547887694,0.622297715547715,8.708344266596693,0.20010368831155195,9.058592646977168,15.271417615549614,19.749862106586786,17.690853165686082,12.235174859373306,16.99293590551516,14.330064657073015,12.600251763052498,61.0669574795523,22.503356161077562
S026-03,S026,colectivo,1,3,177.03339807488203,0.003522309091064266,0.7655677596117534,1.2434178931614903,0.9780115812309053,0.9687975283206497,intermedio,149.31983523681413,1523.7186143772358,0.6309905867908983,0.7203662006835883,11.907659660239318,1.8319476400368182,sintetico,202.42151464144192,8.045,2.2774258992014236,29.76595476777935,25.161157817457045,15.471997790207858,0.6316088906879406,10.272080657413161,0.19780238004043446,9.255108828193622,14.751390305307682,19.230638929167075,16.63415973913106,12.169025536363884,15.680283562621552,13.12260549314874,11.550172135584267,58.2386344427288,21.992995024323715
S026-04,S026,colectivo,1,4,177.03339807488203,0.003522309091064266,0.7655677596117534,1.2434178931614903,0.9780115812309053,1.5477108197249465,intermedio,149.31983523681413,1523.7186143772358,0.6309905867908983,0.7203662006835883,11.907659660239318,1.8319476400368182,sintetico,185.81622469931241,8.804722222222223,2.9383871127698162,24.90379742037911,21.104155248683618,15.260119254188092,0.640748130693064,6.170931002934032,0.2264743778306161,8.974776043472355,15.4506304716216,19.977767899204927,17.427918251058134,10.661986246580575,16.876030319732884,14.193708293413978,12.439566410563037,68.33850873108553,22.799924317588022
S026-05,S026,colectivo,1,5,177.03339807488203,0.003522309091064266,0.7655677596117534,1.2434178931614903,0.9780115812309053,0.8838810560836736,intermedio,149.31983523681413,1523.7186143772358,0.6309905867908983,0.7203662006835883,11.907659660239318,1.8319476400368182,sintetico,172.41120825924722,7.02,2.3954359126060405,28.79365708274425,24.560001176530943,14.704020259575815,0.6447018339199007,9.548116492560938,0.20554940639527647,8.864806496542625,14.818952382016928,19.085689810571182,14.253191360439994,12.096323125063615,13.1899559116497,11.172840226022599,10.002657495387698,57.11665972369871,21.71549204763221
S026-06,S026,colectivo,2,6,177.03339807488203,0.003522309091064266,0.7655677596117534,1.2434178931614903,0.9780115812309053,1.1343704373272745,intermedio,149.31983523681413,1523.7186143772358,0.6309905867908983,0.7203662006835883,11.907659660239318,1.8319476400368182,sintetico,184.76337407635867,9.546388888888888,3.269046167940081,22.970978456566584,19.354268533037253,15.747664911106584,0.6419436271881932,4.833124799953444,0.22864914318742569,9.164452883140626,16.06139233105557,20.625952563541603,17.573846501067653,10.513542044715928,17.57640884778827,14.795225589008634,12.90124717541012,70.78456744296433,23.510623546436822
S026-07,S026,colectivo,2,7,177.03339807488203,0.003522309091064266,0.7655677596117534,1.2434178931614903,0.9780115812309053,0.839283996411541,intermedio,149.31983523681413,1523.7186143772358,0.6309905867908983,0.7203662006835883,11.907659660239318,1.8319476400368182,sintetico,177.16471030046267,7.953055555555555,2.675476392539571,26.171739548816845,22.276307396935685,14.885962767629493,0.6364834060895084,7.498864866752821,0.21994848750190235,9.249444220970172,16.048642381113435,20.710199515006583,15.289573323524206,11.587289360644283,15.407856430646689,12.962536259291776,11.524841671135855,65.27210512744338,23.614859975851225
S026-08,S026,colectivo,2,8,177.03339807488203,0.003522309091064266,0.7655677596117534,1.2434178931614903,0.9780115812309053,0.6605371167585251,intermedio,149.31983523681413,1523.7186143772358,0.6309905867908983,0.7203662006835883,11.907659660239318,1.8319476400368182,sintetico,207.90962833213513,10.079444444444444,3.0878800811206615,24.189763789119958,20.627092046400442,14.730198974811223,0.6403054112641038,5.486964669569531,0.22798901795483678,9.129275579606597,16.462025800416257,21.29750477024452,18.47389627993447,11.254238152130226,19.09652644512345,16.07737325392625,14.11068799151582,68.7252079144004,24.30566436389868
S026-09,S026,colectivo,2,9,177.03339807488203,0.003522309091064266,0.7655677596117534,1.2434178931614903,0.9780115812309053,1.34712578097003,intermedio,149.31983523681413,1523.7186143772358,0.6309905867908983,0.7203662006835883,11.907659660239318,1.8319476400368182,sintetico,185.1276740647081,9.8375,3.5597055023208375,22.88581945062458,18.818569155243516,17.774954115487787,0.6478133180832188,4.320203303684879,0.23733513461332528,8.97834725576774,15.861522814373346,20.39688407584021,18.16647305556024,10.190622775181218,17.99387351879156,15.093593493851806,13.163860225464802,72.47628832907144,23.304066088300516
S026-10,S026,colectivo,2,10,177.03339807488203,0.003522309091064266,0.7655677596117534,1.2434178931614903,0.9780115812309053,1.4225692698563006,intermedio,149.31983523681413,1523.7186143772358,0.6309905867908983,0.7203662006835883,11.907659660239318,1.8319476400368182,sintetico,183.6217831007067,7.574722222222222,2.488811470419934,28.624593662328362,24.241388359035685,15.314092926033224,0.6216893163199702,10.950163188969158,0.19671139606989727,9.064857717152421,14.126914030650447,18.498117190355327,15.833631410464719,11.596946925223225,14.580998800745771,12.033038361228146,10.574220247004744,60.14164984857891,21.26333259834071
S027-01,S027,colectivo,1,1,193.99760006044966,0.006864576278607455,0.9476713045058442,1.2467263169388525,1.0284923573753688,1.3906338645858278,intermedio,83.22378786662067,1585.4386482265793,0.6318769002630593,0.8125522735576323,13.25221907691969,2.0388029349107217,sintetico,206.8799067355229,12.711944444444445,4.30201276694205,19.369770201505396,16.274450194433985,15.980158643445577,0.6345113280274124,1.6301378843170247,0.24813026853750736,3.71296468911354,14.249189308593007,18.376193790318613,23.998472588022874,8.620544744117268,21.288065668842066,17.908347500864398,15.637267486628584,77.10270213015568,20.952230664506068
S027-02,S027,colectivo,1,2,193.99760006044966,0.006864576278607455,0.9476713045058442,1.2467263169388525,1.0284923573753688,1.202062945231133,intermedio,83.22378786662067,1585.4386482265793,0.6318769002630593,0.8125522735576323,13.25221907691969,2.0388029349107217,sintetico,177.1252338780363,8.093055555555555,2.9809417237724958,26.038255623379097,21.88607660754868,15.946456152394028,0.6520522052989068,7.918311309421658,0.211020394580748,3.5731275935134024,13.3178457806381,17.189003530354622,17.105159801901326,10.355076241868723,14.228225008855713,12.019301691355581,10.671735865085225,58.93152757711295,19.54914943840532
S027-03,S027,colectivo,1,3,193.99760006044966,0.006864576278607455,0.9476713045058442,1.2467263169388525,1.0284923573753688,1.2705345159270407,intermedio,83.22378786662067,1585.4386482265793,0.6318769002630593,0.8125522735576323,13.25221907691969,2.0388029349107217,sintetico,203.10234667311875,11.34,3.8404283001976536,21.675168174287126,17.910259847717704,17.36968449931413,0.6617291143489659,4.590436997844406,0.2473770066314101,4.49922660438571,14.660080024472357,18.980642059458386,22.072179333325234,9.201735071374161,20.474276287648784,17.041444534548095,14.905791012193998,72.82097126827627,21.73091927931166
S027-04,S027,colectivo,1,4,193.99760006044966,0.006864576278607455,0.9476713045058442,1.2467263169388525,1.0284923573753688,0.7772755197466379,intermedio,83.22378786662067,1585.4386482265793,0.6318769002630593,0.8125522735576323,13.25221907691969,2.0388029349107217,sintetico,225.16109324944665,10.791666666666666,3.0777963901261307,24.55707512415196,20.864348409215136,15.037323037323036,0.6536521558608341,6.344916344916345,0.23784203833353,3.9149163200158648,15.07460582646395,19.800671234956233,21.65258754599927,10.398807660798465,21.13092407702777,17.4506748757724,15.303480842720024,68.75120380224426,22.74355812018162
S027-05,S027,colectivo,1,5,193.99760006044966,0.006864576278607455,0.9476713045058442,1.2467263169388525,1.0284923573753688,1.104472689637252,intermedio,83.22378786662067,1585.4386482265793,0.6318769002630593,0.8125522735576323,13.25221907691969,2.0388029349107217,sintetico,190.04619855902993,11.313611111111111,3.9200994581777797,20.307094322296987,16.79801406399636,17.2800707112868,0.6355716560592418,2.2686537847725208,0.2456120312662709,3.6422141801255323,14.220218574321635,18.29264606486041,21.065781503448967,9.021559372383829,18.83315629784881,15.692505526980634,13.749687087491298,73.98557199889159,20.90834562834459
S027-06,S027,colectivo,2,6,193.99760006044966,0.006864576278607455,0.9476713045058442,1.2467263169388525,1.0284923573753688,0.5009731332507164,intermedio,83.22378786662067,1585.4386482265793,0.6318769002630593,0.8125522735576323,13.25221907691969,2.0388029349107217,sintetico,226.83199587211342,13.055,3.9588771264274696,20.78167621366133,17.37510500743879,16.39218690157028,0.6391333740712686,2.6937316481552407,0.24027221356341083,3.660001083250894,15.293187915906866,19.602082247269898,23.37076150839261,9.705802516989289,22.228796856567282,18.617612891996217,16.23115045116689,73.91294970062509,22.372057589624447
S027-07,S027,colectivo,2,7,193.99760006044966,0.006864576278607455,0.9476713045058442,1.2467263169388525,1.0284923573753688,0.9709714906910152,intermedio,83.22378786662067,1585.4386482265793,0.6318769002630593,0.8125522735576323,13.25221907691969,2.0388029349107217,sintetico,211.3599010882412,9.69,2.79617844708047,25.541124632193224,21.812167294968134,14.599816534801056,0.6266304007714865,8.37346634560257,0.213818210848708,3.5552578516717865,13.57589622423638,17.709686913808053,19.930947564553975,10.604608757494923,17.43993343432368,14.434460903007455,12.720727926968822,63.62743034715155,20.314032892099007
S027-08,S027,colectivo,2,8,193.99760006044966,0.006864576278607455,0.9476713045058442,1.2467263169388525,1.0284923573753688,1.1096810505553774,intermedio,83.22378786662067,1585.4386482265793,0.6318769002630593,0.8125522735576323,13.25221907691969,2.0388029349107217,sintetico,191.61807006084248,9.398888888888889,3.350414706693124,24.254599072431805,20.387310917928623,15.944556094100957,0.6705979966597467,6.410332190566261,0.23969659177498592,3.5966010945610387,14.46703342482352,19.156857459022493,19.19716863490342,9.981579768615003,18.275035101055366,14.980167885112728,13.20339902926603,69.49922926083062,22.166384823310477
S027-09,S027,colectivo,2,9,193.99760006044966,0.006864576278607455,0.9476713045058442,1.2467263169388525,1.0284923573753688,0.5855560902606642,intermedio,83.22378786662067,1585.4386482265793,0.6318769002630593,0.8125522735576323,13.25221907691969,2.0388029349107217,sintetico,182.34453309113377,10.28888888888889,3.745656578904091,21.250212655080176,17.722470818792697,16.60097192224622,0.6371635283052507,3.6852051835853135,0.24097625209212242,3.6934250019940524,14.971850945829024,19.23162156466951,18.720596326054608,9.740316489670452,17.572676406532636,14.67808693156703,12.909343183009005,72.36692617086179,21.944694746854932
S027-10,S027,colectivo,2,10,193.99760006044966,0.006864576278607455,0.9476713045058442,1.2467263169388525,1.0284923573753688,1.0719836124831827,intermedio,83.22378786662067,1585.4386482265793,0.6318769002630593,0.8125522735576323,13.25221907691969,2.0388029349107217,sintetico,185.3962293427889,9.922777777777778,3.5599429521281745,22.659958770762543,18.68390419444712,17.546609932254633,0.6668722827139847,4.201892391243491,0.2454781312889433,3.39120871518102,14.91693917608906,19.527491613098174,19.26522158351849,9.623363455180627,18.3747415252636,15.28276919932445,13.479831479411551,72.81501479858187,22.420106344036835
S028-01,S028,colectivo,1,1,207.57265762585365,0.021078789063957853,0.7746539671211496,1.023981401348977,1.0495674316819812,1.0948251059827856,intermedio,138.7479009452925,1386.201387157345,0.6655071226466949,0.6041670618494424,9.824828538088813,1.5115120827828943,sintetico,200.04925500143386,9.466111111111111,3.094237966522611,25.108158770183103,21.133203767978223,15.83132812958507,0.665306420147496,7.127765713950349,0.23549371614620515,8.345979401100028,16.682673771864923,21.44273389209669,16.27581217113079,12.291199535730149,16.92197287496382,14.339903808791885,12.669714258506291,66.48131032533483,24.442147509687825
S028-02,S028,colectivo,1,2,207.57265762585365,0.021078789063957853,0.7746539671211496,1.023981401348977,1.0495674316819812,1.2646930784485442,intermedio,138.7479009452925,1386.201387157345,0.6655071226466949,0.6041670618494424,9.824828538088813,1.5115120827828943,sintetico,206.4706587554343,9.810277777777777,3.0173778867918815,25.36581140223061,21.046362134936814,17.028626440524395,0.6736004381718571,6.903191097771612,0.22469898659592924,8.192046151413567,16.02518944575154,20.426062546663456,17.17097768739485,12.024397358981117,16.77351476469579,14.42319350613954,12.718660150920206,63.11130528979088,23.057418830974726
S028-03,S028,colectivo,1,3,207.57265762585365,0.021078789063957853,0.7746539671211496,1.023981401348977,1.0495674316819812,1.2868288685182807,intermedio,138.7479009452925,1386.201387157345,0.6655071226466949,0.6041670618494424,9.824828538088813,1.5115120827828943,sintetico,220.865365877138,9.746944444444445,2.689421212062862,26.214609381744644,22.659959450474418,13.55980506711505,0.6416618205943029,6.779902533557525,0.22189824881395231,8.265032703442342,15.554371139848021,19.956508621165757,17.62061821800877,12.534484496770233,17.164240724997363,14.516372721619788,12.830029134381133,63.12629095629706,22.743517529356343
S028-04,S028,colectivo,1,4,207.57265762585365,0.021078789063957853,0.7746539671211496,1.023981401348977,1.0495674316819812,1.339831532981254,intermedio,138.7479009452925,1386.201387157345,0.6655071226466949,0.6041670618494424,9.824828538088813,1.5115120827828943,sintetico,213.57786100242248,10.13111111111111,3.024658065999981,24.791394196450664,21.08138570982455,14.96490458433867,0.6583299670541873,5.543978942750603,0.2412903580760171,7.914804364704039,16.91961724030914,21.703439991940296,17.63860097985103,12.108548815543662,18.634694206959747,15.728219579986206,13.82238468700963,69.49353443559748,24.756233883104322
S028-05,S028,colectivo,1,5,207.57265762585365,0.021078789063957853,0.7746539671211496,1.023981401348977,1.0495674316819812,0.8543289170370472,intermedio,138.7479009452925,1386.201387157345,0.6655071226466949,0.6041670618494424,9.824828538088813,1.5115120827828943,sintetico,236.14888061005914,10.266111111111112,2.447608468466224,26.75402725944779,23.002759083181257,14.021321500081175,0.6404741956149804,8.339195843930948,0.21726200402645987,8.47555211099015,16.138013049748704,20.746483327908212,17.829858717238768,13.244573855301443,18.27939657161037,15.27929288534243,13.46959406489241,63.59051183942934,23.710545338059987
S028-06,S028,colectivo,2,6,207.57265762585365,0.021078789063957853,0.7746539671211496,1.023981401348977,1.0495674316819812,0.5674593321731828,intermedio,138.7479009452925,1386.201387157345,0.6655071226466949,0.6041670618494424,9.824828538088813,1.5115120827828943,sintetico,214.71371889816805,7.579444444444444,1.9980092664850222,32.96244725089148,28.328424394686103,14.058491534120062,0.6412519903993136,14.70717584109067,0.19512816948333497,7.974745968313043,14.480953507169984,18.91993219072935,14.771188843034482,14.535980900374087,13.897784265529097,11.607421896563377,10.383856903868343,51.23087233396049,21.67043550920912
S028-07,S028,colectivo,2,7,207.57265762585365,0.021078789063957853,0.7746539671211496,1.023981401348977,1.0495674316819812,0.877353995826377,intermedio,138.7479009452925,1386.201387157345,0.6655071226466949,0.6041670618494424,9.824828538088813,1.5115120827828943,sintetico,231.32486434443106,11.860555555555555,3.3675584430046754,23.084393947053414,19.503712390274764,15.511265164644714,0.6486294043573921,3.9837931519040706,0.2418642547138616,8.152398709981334,17.52916557802025,22.317636400680584,19.104075474036808,12.108665748248884,20.530834601061393,17.491234937657786,15.296150549513568,70.57889428272047,25.33864307015912
S028-08,S028,colectivo,2,8,207.57265762585365,0.021078789063957853,0.7746539671211496,1.023981401348977,1.0495674316819812,0.7547481157344633,intermedio,138.7479009452925,1386.201387157345,0.6655071226466949,0.6041670618494424,9.824828538088813,1.5115120827828943,sintetico,226.7039183003585,10.614722222222222,2.9156972890263217,25.04247026331055,21.357498910875638,14.714887603695079,0.6655170367463916,6.327689529741187,0.23671693039632782,8.08017998491529,17.636536388648334,22.542475792418507,17.640055688539867,12.851655476781755,19.354846883840914,16.346883494342503,14.278699172628086,68.03591058037544,25.66682323944081
S028-09,S028,colectivo,2,9,207.57265762585365,0.021078789063957853,0.7746539671211496,1.023981401348977,1.0495674316819812,0.7048120845270266,intermedio,138.7479009452925,1386.201387157345,0.6655071226466949,0.6041670618494424,9.824828538088813,1.5115120827828943,sintetico,194.62498989227765,10.526666666666667,3.6942840711152094,22.187914485154206,18.488757747841447,16.67194426852438,0.6639819871083832,4.219442685243825,0.2561887227717857,7.9200593539083695,18.19327597208135,23.123264050340783,16.351229900315406,11.902773741106987,18.180364223378785,15.482526877497131,13.582585284167864,73.50839651004405,26.250728591630914
S028-10,S028,colectivo,2,10,207.57265762585365,0.021078789063957853,0.7746539671211496,1.023981401348977,1.0495674316819812,0.9388589779758094,intermedio,138.7479009452925,1386.201387157345,0.6655071226466949,0.6041670618494424,9.824828538088813,1.5115120827828943,sintetico,205.18109667308826,8.902777777777779,2.7634124643723488,27.122418595252913,23.046862652827386,15.026521060842434,0.656600415472427,9.553822152886116,0.22230866208269348,8.181682710754133,15.700880213505695,20.338053347194062,15.908526326292078,12.897555214400011,15.858036636435335,13.366338031808038,11.832041881230412,60.83340566038633,23.216997992918802
S029-01,S029,colectivo,1,1,182.72506600507492,0.004016826839841724,0.8302523078211741,1.353286596780172,0.9581547725242556,0.9620331591631414,plano,34.16160545639858,1356.6847619615778,0.69246107579085,0.5612965110664039,9.896051330477578,1.5224694354580888,sintetico,176.58678359060164,7.945555555555556,2.7578507864385795,26.240770985519628,22.22459868990931,15.309047685638372,0.6298869752368146,8.058313522584253,0.20622943530905283,3.5312534038022325,14.670745567389462,18.45800289378235,13.180713242119742,13.397361762359584,11.731156470010669,10.086025989672962,9.06344933914225,59.7107685324518,20.8307253417643
S029-02,S029,colectivo,1,2,182.72506600507492,0.004016826839841724,0.8302523078211741,1.353286596780172,0.9581547725242556,1.5154494737574464,plano,34.16160545639858,1356.6847619615778,0.69246107579085,0.5612965110664039,9.896051330477578,1.5224694354580888,sintetico,202.48793603044246,10.349444444444444,3.244637744251713,23.683622284009278,19.56510198372411,17.39492189596865,0.6326686265878564,5.147887701970047,0.22509520657783053,1.9809531062865608,14.398551381510966,18.36217152996789,17.065026187510746,11.865668051458123,15.136143384600036,12.949657560844832,11.476228129569682,66.12414088134224,20.830158842436415
S029-03,S029,colectivo,1,3,182.72506600507492,0.004016826839841724,0.8302523078211741,1.353286596780172,0.9581547725242556,0.9902386702232746,plano,34.16160545639858,1356.6847619615778,0.69246107579085,0.5612965110664039,9.896051330477578,1.5224694354580888,sintetico,198.6378052122313,9.887777777777778,3.156498831277823,23.79701750017454,20.089226282841686,15.586020901224856,0.6199492963939977,5.587706483874593,0.2118679681006494,2.011404421462161,14.621913964488805,18.35250932094239,15.802113021324901,12.57033188815763,13.852126381019879,12.001825164697907,10.669085753437122,62.29817960347616,20.662753451168786
S029-04,S029,colectivo,1,4,182.72506600507492,0.004016826839841724,0.8302523078211741,1.353286596780172,0.9581547725242556,1.0829830408676968,plano,34.16160545639858,1356.6847619615778,0.69246107579085,0.5612965110664039,9.896051330477578,1.5224694354580888,sintetico,175.79579976652934,8.728333333333333,3.1968909424820176,24.2035387780955,20.140821054022837,16.790783527464832,0.625822516073071,5.063331423843167,0.2151675287032317,4.036382523254633,14.720202790215957,18.455680616290888,14.121512303211954,12.448794151214555,12.469106862942038,10.776190508411897,9.642611831073069,62.07152253440928,20.795877856105008
S029-05,S029,colectivo,1,5,182.72506600507492,0.004016826839841724,0.8302523078211741,1.353286596780172,0.9581547725242556,0.4904923905423507,plano,34.16160545639858,1356.6847619615778,0.69246107579085,0.5612965110664039,9.896051330477578,1.5224694354580888,sintetico,169.82346431042336,8.498611111111112,3.2327688180737675,23.58421451411276,19.98249620910358,15.277006046739663,0.6359318338299277,4.569374080732145,0.2211269973567265,2.0464799577524437,16.009578629168967,20.02020053837013,12.958079475538108,13.10560447101835,12.40145896794421,10.72158272375682,9.598565217922115,64.93394825360465,22.467233995638498
S029-06,S029,colectivo,2,6,182.72506600507492,0.004016826839841724,0.8302523078211741,1.353286596780172,0.9581547725242556,0.915747704748052,plano,34.16160545639858,1356.6847619615778,0.69246107579085,0.5612965110664039,9.896051330477578,1.5224694354580888,sintetico,180.14029699403955,8.580277777777777,2.9921123090955843,24.842621062741078,20.99469290616538,15.49418886982421,0.6198995442814701,6.957169218815759,0.20740564658564078,2.6281326886807963,14.486495853351128,18.235877530955104,13.911789065899487,12.948751317370002,12.111287085491718,10.512970571052966,9.42254384605267,60.48457079824076,20.50355223615294
S029-07,S029,colectivo,2,7,182.72506600507492,0.004016826839841724,0.8302523078211741,1.353286596780172,0.9581547725242556,0.5869240928632123,plano,34.16160545639858,1356.6847619615778,0.69246107579085,0.5612965110664039,9.896051330477578,1.5224694354580888,sintetico,191.25018243405594,9.44138888888889,3.2209119602403518,24.009845285533714,20.256572913666226,15.637412103915974,0.6223799053034521,5.7695136661861195,0.2183598454444261,2.3673688902152072,15.405752335288579,19.693615082126698,14.599807654858305,13.099500141045665,13.748157904226662,11.887387860079622,10.571445864173603,64.2041195685133,22.216775469083597
S029-08,S029,colectivo,2,8,182.72506600507492,0.004016826839841724,0.8302523078211741,1.353286596780172,0.9581547725242556,0.6954763431744397,plano,34.16160545639858,1356.6847619615778,0.69246107579085,0.5612965110664039,9.896051330477578,1.5224694354580888,sintetico,165.4448928910056,8.523055555555555,3.221616519472367,23.340116299348928,19.41145306546362,16.836684809177722,0.6127576037967994,4.657302089104716,0.2102990926547573,2.691057398451761,14.71303196853305,18.645117254850437,12.973607576272277,12.752420012579345,11.62686185498838,10.026420056394494,9.01177670994573,64.29597408352278,21.071936853279603
S029-09,S029,colectivo,2,9,182.72506600507492,0.004016826839841724,0.8302523078211741,1.353286596780172,0.9581547725242556,0.46959066982339825,plano,34.16160545639858,1356.6847619615778,0.69246107579085,0.5612965110664039,9.896051330477578,1.5224694354580888,sintetico,168.17762791016207,8.643055555555556,3.407111915659126,23.133446974603693,19.458121821519637,15.892656275108468,0.6319729973288688,4.287321227703679,0.23122278720495917,1.9029941683914529,16.319624685448293,20.748895762884686,13.082548039874906,12.85511258185834,12.9954549890715,11.189889013691598,9.996777782588392,67.50479680075009,23.441881071767483
S029-10,S029,colectivo,2,10,182.72506600507492,0.004016826839841724,0.8302523078211741,1.353286596780172,0.9581547725242556,0.4529278758591628,plano,34.16160545639858,1356.6847619615778,0.69246107579085,0.5612965110664039,9.896051330477578,1.5224694354580888,sintetico,194.7228325958,9.093055555555555,3.0556252292974992,25.665138510857492,21.414455394680925,16.5663662746296,0.6258771215649187,7.768443561936765,0.20435645270559313,2.826805245338683,14.687742672617544,18.416094688434,14.395035882907582,13.527082126068928,12.735069623211038,11.005212754018341,9.82594273471226,56.93088821108258,20.763605551080815
S030-01,S030,colectivo,1,1,192.57538520551856,0.025385635577372143,0.6362221809007423,1.3994333263525736,0.9442924873550426,0.9751244438048362,piedemonte,255.39444102986522,1614.3459146060359,0.663675506302251,0.695136435877407,11.764703124370584,1.8099543268262437,sintetico,206.21365765701097,8.539166666666667,2.390724288591943,28.847528654337502,24.14915479539506,16.290946943820956,0.6297992937710112,9.794736670895547,0.1828249513985326,8.784373370620038,14.76210460734863,19.125586882942905,16.85427979897601,12.235091627560355,15.61904455038564,13.178113578850208,11.473191009110307,58.86924872423655,21.774346662734615
S030-02,S030,colectivo,1,2,192.57538520551856,0.025385635577372143,0.6362221809007423,1.3994333263525736,0.9442924873550426,0.7594782511329241,piedemonte,255.39444102986522,1614.3459146060359,0.663675506302251,0.695136435877407,11.764703124370584,1.8099543268262437,sintetico,176.35579571975376,7.0872222222222225,2.409900952024087,28.75362444336063,24.883627208243063,13.46319667633456,0.6330973596507207,8.85396253037548,0.19456314717852824,9.738316468978338,16.22810771790554,21.381136724295036,14.358419270450932,12.28239629989682,15.106086900114589,12.513666304662172,10.907885171932916,63.16540775346821,24.583298881610286
S030-03,S030,colectivo,1,3,192.57538520551856,0.025385635577372143,0.6362221809007423,1.3994333263525736,0.9442924873550426,0.4956952324701042,piedemonte,255.39444102986522,1614.3459146060359,0.663675506302251,0.695136435877407,11.764703124370584,1.8099543268262437,sintetico,181.4514936697024,8.900555555555556,3.1688909711962863,24.24503005724767,20.386535709722505,15.919730353910492,0.6316089526916626,4.506585107047001,0.22246165557017322,9.27190768194699,17.419446872252994,22.572840414462036,16.02163674328307,11.32540305195562,17.47810648382355,14.696721259299897,12.964679966968973,70.02586686634955,25.758103711466717
S030-04,S030,colectivo,1,4,192.57538520551856,0.025385635577372143,0.6362221809007423,1.3994333263525736,0.9442924873550426,1.167198542691775,piedemonte,255.39444102986522,1614.3459146060359,0.663675506302251,0.695136435877407,11.764703124370584,1.8099543268262437,sintetico,219.91648578276659,10.98,3.1739321293515217,23.418982411498767,20.02882384178202,14.483404169196518,0.6201994778307964,4.407002631046346,0.22271958245223034,9.640715260221812,15.964528388202543,20.706063445094838,20.98193189945148,10.481231510836983,20.99567140012681,17.70298046309407,15.506998282419433,67.9344874161757,23.608428736560942
S030-05,S030,colectivo,1,5,192.57538520551856,0.025385635577372143,0.6362221809007423,1.3994333263525736,0.9442924873550426,0.6929934778065654,piedemonte,255.39444102986522,1614.3459146060359,0.663675506302251,0.695136435877407,11.764703124370584,1.8099543268262437,sintetico,221.36520234297936,10.063055555555556,2.778214432488489,25.819404816336537,21.997811809830395,14.806635934523973,0.6366721102653708,5.9375603831396475,0.2150880068649218,9.824907108120446,16.348764998427473,21.443118297959895,19.32268580435186,11.456233599426612,20.288970337397764,16.906908474930326,14.839606622103831,65.18980188977973,24.588954289873296
S030-06,S030,colectivo,2,6,192.57538520551856,0.025385635577372143,0.6362221809007423,1.3994333263525736,0.9442924873550426,1.2905403224990524,piedemonte,255.39444102986522,1614.3459146060359,0.663675506302251,0.695136435877407,11.764703124370584,1.8099543268262437,sintetico,212.421422371154,10.330555555555556,3.0270016687700934,24.211340391429122,20.56243937983744,15.076633503630008,0.6205958046577659,5.810701801559559,0.21390733225938316,8.627200518763978,15.33393652265989,19.911996332962556,19.939555043991646,10.653267934138913,19.30995737891177,16.14334180354159,14.191313963727653,67.17358598814751,22.76216902651012
S030-07,S030,colectivo,2,7,192.57538520551856,0.025385635577372143,0.6362221809007423,1.3994333263525736,0.9442924873550426,1.3562035238467507,piedemonte,255.39444102986522,1614.3459146060359,0.663675506302251,0.695136435877407,11.764703124370584,1.8099543268262437,sintetico,213.14189852352803,10.141111111111112,3.082453541753903,24.74311868401687,21.017608049871285,15.062452065300755,0.636305603776455,5.911033198203134,0.218484241598934,8.72409182067358,15.295987812221737,19.964003758068653,20.045961272371223,10.63266039615149,19.400040824503748,16.26373021051789,14.313492835002924,66.73548456536035,22.79449262669635
S030-08,S030,colectivo,2,8,192.57538520551856,0.025385635577372143,0.6362221809007423,1.3994333263525736,0.9442924873550426,1.3747704394880351,piedemonte,255.39444102986522,1614.3459146060359,0.663675506302251,0.695136435877407,11.764703124370584,1.8099543268262437,sintetico,190.10216856385995,8.175,2.624904301564418,27.49855310464261,23.25408789771987,15.440027183146448,0.6409653516668244,8.324838600067958,0.2107496110942329,9.294992936609118,15.443594900205811,20.065864061840855,17.114967599995417,11.107363625036067,16.715097189119437,14.022025440662524,12.379191551357309,61.58504965164648,22.878965432274274
S030-09,S030,colectivo,2,9,192.57538520551856,0.025385635577372143,0.6362221809007423,1.3994333263525736,0.9442924873550426,1.0398373329320667,piedemonte,255.39444102986522,1614.3459146060359,0.663675506302251,0.695136435877407,11.764703124370584,1.8099543268262437,sintetico,184.7530553276818,8.341111111111111,2.717140450584931,25.817179793714438,22.149693591969314,14.210070600772612,0.6381123511418505,6.324097508991608,0.2063733643044608,8.99649106799533,15.815004688089681,20.507042298532664,16.262901230400796,11.360399519755836,16.235485711643612,13.598663157926671,12.061348603751611,65.06228171064335,23.37710614584604
S030-10,S030,colectivo,2,10,192.57538520551856,0.025385635577372143,0.6362221809007423,1.3994333263525736,0.9442924873550426,1.279515711314001,piedemonte,255.39444102986522,1614.3459146060359,0.663675506302251,0.695136435877407,11.764703124370584,1.8099543268262437,sintetico,224.28043355188012,8.832222222222223,2.269480185761542,29.6468189442453,25.393431902967933,14.350861743615548,0.6196449816462968,10.240281796452384,0.19135457763907077,9.156048443828254,14.634276011160159,18.961887941869037,18.90176114539833,11.865583943561875,17.615586511435353,14.716512909103699,12.9894874429024,56.70447228357662,21.68638323675562
S031-01,S031,colectivo,1,1,135.16523581300154,0.022544884154086852,0.8645385526821259,1.8405180829772174,1.0349649269537484,1.4679610835503762,piedemonte,293.53395038798243,1485.0943054455136,0.6672697892579034,0.6814333057052198,11.225822801116143,1.7270496617101758,sintetico,156.97472227559186,9.17388888888889,4.179016790030034,20.556145654655367,17.111033736817376,16.75952280021801,0.6658060460429439,2.973414885241931,0.2612856592777181,13.367372557922453,16.467899099526257,21.153228842315905,16.57778224027484,9.468982038757279,17.104913307954106,14.320469038039022,12.629918367031705,73.72631003303721,24.14275603474598
S031-02,S031,colectivo,1,2,135.16523581300154,0.022544884154086852,0.8645385526821259,1.8405180829772174,1.0349649269537484,0.7136175709820309,piedemonte,293.53395038798243,1485.0943054455136,0.6672697892579034,0.6814333057052198,11.225822801116143,1.7270496617101758,sintetico,129.2373760770705,6.631666666666667,3.4974402430644407,23.522653009629096,19.48791798096062,17.152550892183964,0.6602689090244384,5.646309793080338,0.24057848911631752,13.901804067423074,17.09270619942662,22.05320721091684,11.94074944067785,10.823221500386325,12.842012642473255,10.791526859696859,9.70117961730289,67.75644758198507,25.183630011623503
S031-03,S031,colectivo,1,3,135.16523581300154,0.022544884154086852,0.8645385526821259,1.8405180829772174,1.0349649269537484,0.7459696709197577,piedemonte,293.53395038798243,1485.0943054455136,0.6672697892579034,0.6814333057052198,11.225822801116143,1.7270496617101758,sintetico,139.46088219140444,7.003055555555555,3.463336760892578,23.993270054435172,19.914290424380468,17.000515647931458,0.6690697656413047,5.826821625480941,0.2460322821944233,12.90342128875191,18.07392114222554,23.446776930326234,12.640452302575028,11.032902846601019,14.398442558262934,12.072615929170182,10.451441018980136,71.9147975222961,26.798203060538725
S031-04,S031,colectivo,1,4,135.16523581300154,0.022544884154086852,0.8645385526821259,1.8405180829772174,1.0349649269537484,1.458528132176669,piedemonte,293.53395038798243,1485.0943054455136,0.6672697892579034,0.6814333057052198,11.225822801116143,1.7270496617101758,sintetico,145.7444364254503,7.515555555555555,3.5541665445662627,23.455673974322547,19.3923703108967,17.323329390892965,0.666097452649427,5.6438497930218805,0.24432214573657265,12.409768136787884,17.07437555160671,21.91388642949262,13.887081363946987,10.494965256257906,14.818541766805287,12.414916859476586,11.074888639265076,71.81788733307846,24.99685648855378
S031-05,S031,colectivo,1,5,135.16523581300154,0.022544884154086852,0.8645385526821259,1.8405180829772174,1.0349649269537484,1.4402289896451599,piedemonte,293.53395038798243,1485.0943054455136,0.6672697892579034,0.6814333057052198,11.225822801116143,1.7270496617101758,sintetico,155.58320546409067,8.545277777777779,3.882167089939576,21.952635402944516,18.206921940991656,17.062705197802554,0.652236853495093,4.7784676396970385,0.24216909083030888,13.279458856162627,15.605801986456337,20.2798463851751,15.767922188207026,9.867070854805004,15.573539375512011,13.102154454473244,11.605404806251947,69.06179199341278,23.183739958291515
S031-06,S031,colectivo,2,6,135.16523581300154,0.022544884154086852,0.8645385526821259,1.8405180829772174,1.0349649269537484,0.42513406038040136,piedemonte,293.53395038798243,1485.0943054455136,0.6672697892579034,0.6814333057052198,11.225822801116143,1.7270496617101758,sintetico,132.264424844382,5.295555555555556,2.4269564576996276,30.04681828988296,24.97649650859081,16.87473772555602,0.6502696927743011,11.54532102391943,0.20980028331126208,13.913481818890475,15.757967949582437,20.438335530887212,10.803764473297928,12.242438750981707,10.874078499951132,9.114647198030752,8.266000176177585,55.706110780252466,23.382691484750488
S031-07,S031,colectivo,2,7,135.16523581300154,0.022544884154086852,0.8645385526821259,1.8405180829772174,1.0349649269537484,1.0279995724732915,piedemonte,293.53395038798243,1485.0943054455136,0.6672697892579034,0.6814333057052198,11.225822801116143,1.7270496617101758,sintetico,150.62094136095845,7.082222222222223,3.2598388747507134,25.597667417242622,21.26746897158183,16.91637903984939,0.6943821500808267,6.420614998431126,0.2348990462554228,13.18631100383964,16.265013692792472,20.970217681818518,13.625841757603965,11.054065065514484,14.00284601433852,11.693007967347905,10.461852579254728,64.87721125850933,23.958934915738364
S031-08,S031,colectivo,2,8,135.16523581300154,0.022544884154086852,0.8645385526821259,1.8405180829772174,1.0349649269537484,0.6165076157768627,piedemonte,293.53395038798243,1485.0943054455136,0.6672697892579034,0.6814333057052198,11.225822801116143,1.7270496617101758,sintetico,155.9802533077399,8.204722222222221,3.590198041896706,22.696290041140767,19.01103402200168,16.237261739513155,0.6710648715053302,3.964519077766869,0.25000419009253055,13.248323414921117,17.63724185448734,22.738524808015,14.410411473587633,10.824135979297397,15.879718771067127,13.396152046690256,11.890542441805119,70.69426117087697,25.883674366580802
S031-09,S031,colectivo,2,9,135.16523581300154,0.022544884154086852,0.8645385526821259,1.8405180829772174,1.0349649269537484,1.0516381705914504,piedemonte,293.53395038798243,1485.0943054455136,0.6672697892579034,0.6814333057052198,11.225822801116143,1.7270496617101758,sintetico,142.47587077874095,7.0975,3.144392082331788,24.455878262693346,20.07409239573666,17.9171069625455,0.642638742162829,6.672928652498923,0.22563178711739515,13.057933341068269,17.041814025487763,21.813977558788203,13.00168544530816,10.958261632929704,13.895912575598182,11.591430320485305,10.000358141009395,69.00813646702436,24.86160911033876
S031-10,S031,colectivo,2,10,135.16523581300154,0.022544884154086852,0.8645385526821259,1.8405180829772174,1.0349649269537484,1.2552342450014136,piedemonte,293.53395038798243,1485.0943054455136,0.6672697892579034,0.6814333057052198,11.225822801116143,1.7270496617101758,sintetico,138.18280812102708,7.878055555555555,3.842735628407008,21.628613445030325,17.54021752532342,18.902718521913897,0.6614587752840453,2.3095095377454955,0.2543540051089007,12.885769843870143,17.162094317991418,21.95276891762898,13.780499046497834,10.027416834090978,14.57331559413772,12.335634728359675,10.72238477638152,74.83462130394223,24.984303181589667
S032-01,S032,colectivo,1,1,187.69552273904768,0.006086278686092703,0.9842920640195945,1.3407765527252908,1.0497876867719493,1.4170997969842833,intermedio,88.8282703634537,1301.888885819869,0.6761721480714756,0.5767180490284557,9.56329461371211,1.4712760944172476,sintetico,211.40757151672483,10.687777777777777,3.273298089729273,23.808648484646483,19.780311296917805,16.919638216030773,0.6705395176842723,5.107079738018506,0.2492981862629965,5.648211137972463,16.366379730849832,20.824914400019455,17.623237737561016,11.995955264573464,17.63892141198588,15.134404758575815,13.304555139148421,70.15920895055004,23.592075374890634
S032-02,S032,colectivo,1,2,187.69552273904768,0.006086278686092703,0.9842920640195945,1.3407765527252908,1.0497876867719493,1.0468030074616799,intermedio,88.8282703634537,1301.888885819869,0.6761721480714756,0.5767180490284557,9.56329461371211,1.4712760944172476,sintetico,208.763054449815,11.616388888888888,3.841675923518328,21.798503234600865,17.97142437694192,17.556613022788685,0.6709365031798211,2.862335302135393,0.253127347072331,4.740371840884523,16.633418713840385,21.022855589289392,17.497245858562845,11.931195122782713,17.610590526431967,15.149489055438252,13.328026585374342,72.78322071377941,23.797097546279428
S032-03,S032,colectivo,1,3,187.69552273904768,0.006086278686092703,0.9842920640195945,1.3407765527252908,1.0497876867719493,0.7778717315746569,intermedio,88.8282703634537,1301.888885819869,0.6761721480714756,0.5767180490284557,9.56329461371211,1.4712760944172476,sintetico,174.62317370670218,5.732777777777778,1.7580713572165314,35.48450131768615,30.460481894763436,14.158348677197402,0.6313444561992456,19.35265045062506,0.17359758690893282,5.168519771125911,12.021322138442406,15.70410098663349,11.320125935603228,15.42590380178459,8.997893454708434,7.501836450951695,6.887250359618485,44.3308009559008,18.12747106746549
S032-04,S032,colectivo,1,4,187.69552273904768,0.006086278686092703,0.9842920640195945,1.3407765527252908,1.0497876867719493,0.9284250569610906,intermedio,88.8282703634537,1301.888885819869,0.6761721480714756,0.5767180490284557,9.56329461371211,1.4712760944172476,sintetico,183.08591552852394,9.810277777777777,3.703179450165683,22.500573375983546,18.662663756907047,17.056941416315087,0.6688394589119269,3.862162697850893,0.24648231972250406,4.880525795831192,16.444112898001023,20.756612599960217,15.03273785712063,12.17914642486769,14.873468606669961,12.877767434851648,11.405941655389306,69.81867583211337,23.390998332817688
S032-05,S032,colectivo,1,5,187.69552273904768,0.006086278686092703,0.9842920640195945,1.3407765527252908,1.0497876867719493,0.8721640565638424,intermedio,88.8282703634537,1301.888885819869,0.6761721480714756,0.5767180490284557,9.56329461371211,1.4712760944172476,sintetico,169.7020928258604,9.865833333333333,3.918631697031509,20.815957415008942,17.20098922130522,17.366331615845933,0.6542035676154806,2.6128332911000367,0.25415128945648513,4.969229023603889,16.913507427682333,21.199242980259356,14.346664772820889,11.828679035377851,14.454331184344971,12.532876581641704,11.101469258026981,74.22784762392757,23.86230951848869
S032-06,S032,colectivo,2,6,187.69552273904768,0.006086278686092703,0.9842920640195945,1.3407765527252908,1.0497876867719493,1.1520126522585081,intermedio,88.8282703634537,1301.888885819869,0.6761721480714756,0.5767180490284557,9.56329461371211,1.4712760944172476,sintetico,176.5793315584249,8.12,3.0184733133597006,26.285378498607745,21.746223098328194,17.268746579091406,0.663031918048388,8.408593322386427,0.22761792373474393,5.062798941426835,15.056479225801967,19.10675681112971,13.78406158666191,12.81039920260449,12.759752598802946,10.919629491909733,9.769194407294219,61.24285668965852,21.702807602227136
S032-07,S032,colectivo,2,7,187.69552273904768,0.006086278686092703,0.9842920640195945,1.3407765527252908,1.0497876867719493,0.9479936643701937,intermedio,88.8282703634537,1301.888885819869,0.6761721480714756,0.5767180490284557,9.56329461371211,1.4712760944172476,sintetico,184.8706102340901,10.263333333333334,3.7485677097213963,21.805779523695954,18.012725907835993,17.39471689942622,0.6646265860881327,3.632131644473314,0.2557340583556236,4.849300794218628,16.79078110468516,21.126109495859094,15.485681947728272,11.938163967083822,15.583267716004768,13.477014805243218,11.9028003349304,71.7436054936343,23.796668878043004
S032-08,S032,colectivo,2,8,187.69552273904768,0.006086278686092703,0.9842920640195945,1.3407765527252908,1.0497876867719493,0.6023951278581451,intermedio,88.8282703634537,1301.888885819869,0.6761721480714756,0.5767180490284557,9.56329461371211,1.4712760944172476,sintetico,224.65484208016866,11.5975,3.436382643043633,23.046775090864216,19.370971509391563,15.949318579195706,0.6486926385294323,4.93401355656152,0.23689941341875204,5.557405995615758,16.340288199669484,20.77830136129679,17.605070943201337,12.760802998463635,17.8135161973608,15.136533826802598,13.273275955659104,67.38402294014709,23.652087488833924
S032-09,S032,colectivo,2,9,187.69552273904768,0.006086278686092703,0.9842920640195945,1.3407765527252908,1.0497876867719493,1.262660776105164,intermedio,88.8282703634537,1301.888885819869,0.6761721480714756,0.5767180490284557,9.56329461371211,1.4712760944172476,sintetico,218.34964675384688,12.026944444444444,3.741705160260838,22.056757627079207,18.155039109265047,17.689447305817954,0.654862484825461,3.8270549922627435,0.24694363192210878,5.5691772885950215,15.591357900332149,19.768409088687616,18.6340061233214,11.717804819253079,17.71467943366247,15.230532544158336,13.378606719160851,69.90885223720434,22.39507942519661
S032-10,S032,colectivo,2,10,187.69552273904768,0.006086278686092703,0.9842920640195945,1.3407765527252908,1.0497876867719493,0.6126134280004738,intermedio,88.8282703634537,1301.888885819869,0.6761721480714756,0.5767180490284557,9.56329461371211,1.4712760944172476,sintetico,210.9574304662219,11.173333333333334,3.5457390543054057,22.721599739061716,18.88043828754969,16.905330151153542,0.6696297432880368,3.5103420843277644,0.25344919813120254,5.1087136321704625,17.82312898163461,22.547193857588933,16.64854159430618,12.67122584108926,18.00343599331261,15.45149198582665,13.580640600381159,72.42831048470421,25.548767984803398
S033-01,S033,colectivo,1,1,176.39875948089144,0.028517700325706115,0.8574449890544185,0.9712081990927979,1.0186068311698082,1.0234000934130094,plano,19.243397807452148,1302.6136027060752,0.6162616678140534,0.5360922013881068,8.242234371153275,1.2680360571005038,sintetico,189.4669422542845,9.226666666666667,3.1931691766473254,24.483326469558282,20.534711949525054,16.127769749518304,0.641156174295394,5.804431599229288,0.22456584758860315,3.184965108255227,15.997658464156222,20.224300061289558,13.968051542633692,13.564307210349849,13.703238814366554,11.715177945956103,10.439447622540941,63.648203680211765,22.939561358137027
S033-02,S033,colectivo,1,2,176.39875948089144,0.028517700325706115,0.8574449890544185,0.9712081990927979,1.0186068311698082,1.3015347365930041,plano,19.243397807452148,1302.6136027060752,0.6162616678140534,0.5360922013881068,8.242234371153275,1.2680360571005038,sintetico,187.03663709587036,9.220277777777778,3.1330760063849463,24.101796669117416,20.28535816422539,15.834663935167054,0.6308102109239889,4.555177296417919,0.22381798219661633,1.665924334745352,15.335109325695571,19.45478985623544,14.168491892548564,13.200885352818384,13.34351705001524,11.436587528007786,10.202624270182918,65.05635220277101,22.074684166515055
S033-03,S033,colectivo,1,3,176.39875948089144,0.028517700325706115,0.8574449890544185,0.9712081990927979,1.0186068311698082,1.5957052756171977,plano,19.243397807452148,1302.6136027060752,0.6162616678140534,0.5360922013881068,8.242234371153275,1.2680360571005038,sintetico,200.76484053508855,7.983055555555556,2.30618069760616,29.589512238038104,25.148871774463927,15.00748112321236,0.6196512990337147,12.105501235255229,0.1944340252066786,1.7829047356505996,13.526617814369898,17.23535436740828,14.147101833238326,14.191234565329536,11.89869313950416,10.176003469203142,9.144259834775404,53.43331941662939,19.593788846289623
S033-04,S033,colectivo,1,4,176.39875948089144,0.028517700325706115,0.8574449890544185,0.9712081990927979,1.0186068311698082,1.2989258343250234,plano,19.243397807452148,1302.6136027060752,0.6162616678140534,0.5360922013881068,8.242234371153275,1.2680360571005038,sintetico,177.50784808333637,8.180833333333334,2.74917422113581,25.368330809845606,21.698015452786354,14.468099555193373,0.6340636550539638,7.021832874944824,0.22165087596989888,1.9345982058440472,15.606366896368769,19.744752159595592,13.016493343818222,13.637148146942218,12.413193752805299,10.668098264258974,9.562837009239182,63.19514516654898,22.369789930117527
S033-05,S033,colectivo,1,5,176.39875948089144,0.028517700325706115,0.8574449890544185,0.9712081990927979,1.0186068311698082,1.1791706864773333,plano,19.243397807452148,1302.6136027060752,0.6162616678140534,0.5360922013881068,8.242234371153275,1.2680360571005038,sintetico,191.65802804757942,8.3625,2.8070830399363214,27.060787581726707,22.918747748589464,15.306427503736922,0.6584251308357464,9.074904500913469,0.21648522992654393,2.112400489491388,15.59439528997155,19.746727403704064,13.80109518384414,13.887160800973131,13.207437727267715,11.305757531473864,10.101019017714005,59.56228127098358,22.416683102985086
S033-06,S033,colectivo,2,6,176.39875948089144,0.028517700325706115,0.8574449890544185,0.9712081990927979,1.0186068311698082,1.4015644665204432,plano,19.243397807452148,1302.6136027060752,0.6162616678140534,0.5360922013881068,8.242234371153275,1.2680360571005038,sintetico,169.18841014266124,8.073611111111111,3.108960002381203,24.402174539806907,20.955729451697245,14.123516256666093,0.6470242387537644,6.426974023739894,0.2188386190176585,3.0591668140851533,15.301812866211305,19.214953335259736,12.89457561505357,13.120897902614558,11.864381339522136,10.264320313439402,9.225808694595404,62.59660071754002,21.711332920188685
S033-07,S033,colectivo,2,7,176.39875948089144,0.028517700325706115,0.8574449890544185,0.9712081990927979,1.0186068311698082,0.7499960835334236,plano,19.243397807452148,1302.6136027060752,0.6162616678140534,0.5360922013881068,8.242234371153275,1.2680360571005038,sintetico,182.39547421003934,9.481666666666667,3.240211976528694,23.145002014668375,19.236646954829247,16.88638893771606,0.6529302033371648,4.6434639948438505,0.2400049390000185,1.5257684432248053,17.551099769706532,22.12369593960578,13.42759131878131,13.583633123754735,14.221788304154622,12.281021397927699,10.894084845943675,69.71619474942469,24.97093479998293
S033-08,S033,colectivo,2,8,176.39875948089144,0.028517700325706115,0.8574449890544185,0.9712081990927979,1.0186068311698082,1.395740884990568,plano,19.243397807452148,1302.6136027060752,0.6162616678140534,0.5360922013881068,8.242234371153275,1.2680360571005038,sintetico,192.2921684347058,8.4375,2.683416616497367,26.838747193616136,22.79018292559476,15.08477366255144,0.6420721662308246,9.422222222222222,0.21776224102847483,2.045070862538994,14.975027393000497,19.245372360636573,14.031432021961821,13.70438656109601,13.205798239526558,11.21361689923506,10.018991727439666,60.90680567648136,21.86999406133431
S033-09,S033,colectivo,2,9,176.39875948089144,0.028517700325706115,0.8574449890544185,0.9712081990927979,1.0186068311698082,0.7095205013932389,plano,19.243397807452148,1302.6136027060752,0.6162616678140534,0.5360922013881068,8.242234371153275,1.2680360571005038,sintetico,210.89377354170279,9.253333333333334,2.731232839769449,26.74996775245331,22.791113855371336,14.799471661863592,0.6500040586530715,8.717579250720462,0.2180413728957215,1.8392087217198934,16.141376001181442,20.519921589314357,14.45591877096948,14.58874920943951,14.54050250558871,12.335155169154937,10.922593134779454,60.66023903037848,23.35919113009896
S033-10,S033,colectivo,2,10,176.39875948089144,0.028517700325706115,0.8574449890544185,0.9712081990927979,1.0186068311698082,1.2740379409293978,plano,19.243397807452148,1302.6136027060752,0.6162616678140534,0.5360922013881068,8.242234371153275,1.2680360571005038,sintetico,198.50870565899206,8.973055555555556,2.6799832190427737,26.107161815379076,22.122754554449166,15.26174039562889,0.6384758791969117,7.714453765904096,0.21579452490217566,1.9412335561236347,15.517362481685298,19.587390749357933,14.136816980497715,14.041966160617523,13.39174023590799,11.499729782361944,10.25879274018225,62.68682045214539,22.123330207892224
S034-01,S034,colectivo,1,1,191.27280650094002,0.031087836679960505,0.7076916395330263,0.8485002980471555,0.9647266196204022,1.0558000559236778,plano,25.41830126430744,1399.507803073876,0.6458695840842287,0.5941711102157237,9.64789122416683,1.4842909575641277,sintetico,179.16947784984478,6.891666666666667,2.1208969549962284,30.031709925735548,25.997989530811818,13.43409915356711,0.5926128266148758,11.914550584441757,0.17883065407092327,2.4012881406552005,12.567536414656642,15.984733075409917,12.85674737619272,13.935832493809363,10.054639084110205,8.583139752655546,7.799065007723531,48.65595420591373,18.194092057535094
S034-02,S034,colectivo,1,2,191.27280650094002,0.031087836679960505,0.7076916395330263,0.8485002980471555,0.9647266196204022,0.8737286196764215,plano,25.41830126430744,1399.507803073876,0.6458695840842287,0.5941711102157237,9.64789122416683,1.4842909575641277,sintetico,200.32937589884511,7.0055555555555555,1.986728098234416,32.98902750535735,28.595787202055607,13.318794607454402,0.6208610141896,14.651070578905632,0.1854676499196649,3.652957244531456,13.510852206140555,17.363259833402683,13.67222326364149,14.652289685144371,11.665067006856255,9.881266815240451,8.91434177529219,49.20512004430155,19.72228692453335
S034-03,S034,colectivo,1,3,191.27280650094002,0.031087836679960505,0.7076916395330263,0.8485002980471555,0.9647266196204022,0.6569591777160282,plano,25.41830126430744,1399.507803073876,0.6458695840842287,0.5941711102157237,9.64789122416683,1.4842909575641277,sintetico,205.574194055383,9.58361111111111,2.8165013739225153,24.981045935048115,21.450598492779307,14.135822150082605,0.6232562768388075,6.005623025419553,0.21958391664411425,1.956283920391582,16.11730937993668,20.440508334884363,15.588424411799956,13.187618493359064,15.248830718584584,13.142266992534562,11.652867960958062,63.59443351401782,23.07436980392296
S034-04,S034,colectivo,1,4,191.27280650094002,0.031087836679960505,0.7076916395330263,0.8485002980471555,0.9647266196204022,0.40843289649935804,plano,25.41830126430744,1399.507803073876,0.6458695840842287,0.5941711102157237,9.64789122416683,1.4842909575641277,sintetico,193.18672928923453,6.985833333333333,2.0291248857632813,32.03071840544237,27.654070755944346,13.666547377629328,0.6308553349320233,12.970694659827428,0.19297428398960528,4.210495957883259,14.990381704057727,19.24604389083559,12.889306506560263,14.988139912019966,12.130961689011919,10.278726498970261,9.277162082985688,52.295858407545474,21.910068744649816
S034-05,S034,colectivo,1,5,191.27280650094002,0.031087836679960505,0.7076916395330263,0.8485002980471555,0.9647266196204022,0.678412770935783,plano,25.41830126430744,1399.507803073876,0.6458695840842287,0.5941711102157237,9.64789122416683,1.4842909575641277,sintetico,184.9487090700225,9.247222222222222,3.238735771728018,23.64795833248096,20.000461179095254,15.428056473415442,0.6231922014022129,5.0615800540702915,0.2186065250645751,1.8272681590306723,15.813231854813255,19.805069137058297,14.444582786425938,12.804018766386594,13.865808399957512,11.816713943597211,10.52461723220404,65.06835003098122,22.426999230844427
S034-06,S034,colectivo,2,6,191.27280650094002,0.031087836679960505,0.7076916395330263,0.8485002980471555,0.9647266196204022,0.7402747151040809,plano,25.41830126430744,1399.507803073876,0.6458695840842287,0.5941711102157237,9.64789122416683,1.4842909575641277,sintetico,215.52761033395365,8.698888888888888,2.171415528965629,28.850684271830247,24.776452842069013,14.12377059650019,0.6277760173333609,9.400945203729723,0.21044522997240203,1.8791475900210213,15.90989502218962,20.54402643680333,15.322218174354846,14.066345217214518,15.144036392052032,12.984488164236446,11.521979597078813,60.43332971019196,23.281668740906976
S034-07,S034,colectivo,2,7,191.27280650094002,0.031087836679960505,0.7076916395330263,0.8485002980471555,0.9647266196204022,0.7364590006900473,plano,25.41830126430744,1399.507803073876,0.6458695840842287,0.5941711102157237,9.64789122416683,1.4842909575641277,sintetico,167.56202969231714,7.8758333333333335,2.8108993479302296,24.657821016160998,21.27546668403138,13.719888547949072,0.6191909544293362,6.0875392374704616,0.21633459090595983,1.2216047579676197,15.581557643310305,19.814488914263215,12.708642731524607,13.184887893391538,12.188889534298333,10.408872617756133,9.341485204270903,64.64074496309239,22.48004215642992
S034-08,S034,colectivo,2,8,191.27280650094002,0.031087836679960505,0.7076916395330263,0.8485002980471555,0.9647266196204022,1.3978771380798416,plano,25.41830126430744,1399.507803073876,0.6458695840842287,0.5941711102157237,9.64789122416683,1.4842909575641277,sintetico,199.35656116162056,9.934166666666666,3.13508618105278,23.524032374410652,20.06776892827319,14.696753628051336,0.6108152515172753,4.745127645891005,0.2188133028943975,1.9213381994811973,14.855274389203865,18.785488516849515,16.619008262520616,11.995695411693841,14.991593816648342,12.86780325679873,11.392558231341031,66.06255946946493,21.218991441378215
S034-09,S034,colectivo,2,9,191.27280650094002,0.031087836679960505,0.7076916395330263,0.8485002980471555,0.9647266196204022,1.256954704494654,plano,25.41830126430744,1399.507803073876,0.6458695840842287,0.5941711102157237,9.64789122416683,1.4842909575641277,sintetico,185.56004079692386,7.005833333333333,2.1286910603360254,30.588696933715887,26.48650516906252,13.4134253201697,0.6055316388841532,13.22707267753063,0.17644611971301985,3.967326371052601,12.901432595859184,16.478580163931472,13.425324555461458,13.821642823631963,10.77042028493704,9.203592539892949,8.315966545628731,49.96050109846029,18.709748755931393
S034-10,S034,colectivo,2,10,191.27280650094002,0.031087836679960505,0.7076916395330263,0.8485002980471555,0.9647266196204022,1.156177609550178,plano,25.41830126430744,1399.507803073876,0.6458695840842287,0.5941711102157237,9.64789122416683,1.4842909575641277,sintetico,206.47329565059283,9.20111111111111,2.533015218031167,25.690601613377076,22.440039377555074,12.655476391740129,0.6190271870826022,6.4334017630720925,0.2062478419488279,1.7249319514253527,14.965082222326599,18.892480836751197,15.692572084275627,13.157390295341356,14.24575063277337,12.243895024766791,10.894692263598275,62.663814789253415,21.329102272332083
S035-01,S035,colectivo,1,1,161.52419820140867,0.0018562733299053477,0.833764335705983,1.81913936906649,0.9540552680305737,0.973519399431206,intermedio,99.84273032837592,1501.8106476196767,0.6941424678183918,0.6375332737124776,10.756173585502307,1.6547959362311242,sintetico,155.44163104788353,8.246666666666666,3.5061392261904,22.700280375579155,18.849025591901803,16.97318781999461,0.6342797496561451,5.258016707087038,0.22750408908444977,4.7402920953655885,14.842144009137613,19.17005333221769,14.22887542550832,10.92437922179155,13.276912743920816,11.184096738879614,10.003499591472382,65.90284511036616,21.87890306449171
S035-02,S035,colectivo,1,2,161.52419820140867,0.0018562733299053477,0.833764335705983,1.81913936906649,0.9540552680305737,1.0889728997086014,intermedio,99.84273032837592,1501.8106476196767,0.6941424678183918,0.6375332737124776,10.756173585502307,1.6547959362311242,sintetico,177.9698103784059,9.065833333333334,3.5792587441970487,23.79640477918008,19.6308275074995,17.51080062505745,0.6342795010819254,6.523271133989031,0.21509046114347494,4.618025051489649,14.30808471509698,18.48203245866758,15.979053792421228,11.137693926708973,14.464215344086146,12.123482048936317,10.801382847336766,63.892459538415316,21.103541162704516
S035-03,S035,colectivo,1,3,161.52419820140867,0.0018562733299053477,0.833764335705983,1.81913936906649,0.9540552680305737,1.0945548298658132,intermedio,99.84273032837592,1501.8106476196767,0.6941424678183918,0.6375332737124776,10.756173585502307,1.6547959362311242,sintetico,165.41792232635495,7.575277777777778,2.805016490804237,25.977597419293723,21.836548728498325,15.943676432840748,0.646563398643318,5.856037549044773,0.22044563967844064,5.309553431751483,15.895126615122013,20.55345311202995,13.819187250716862,11.970162884779928,13.753758004808043,11.62534493929672,10.345102067551233,65.57422443173532,23.365158294381857
S035-04,S035,colectivo,1,4,161.52419820140867,0.0018562733299053477,0.833764335705983,1.81913936906649,0.9540552680305737,1.200976296487926,intermedio,99.84273032837592,1501.8106476196767,0.6941424678183918,0.6375332737124776,10.756173585502307,1.6547959362311242,sintetico,163.5985487647935,8.543333333333333,3.5697138172027425,23.334233894460642,19.14926438916818,17.941214722330603,0.6242342411916382,6.16139940174275,0.21694635355531672,4.479681327048703,14.038760203229412,18.052241213442215,14.87512725305059,10.998127678621554,12.994800930546583,11.032875630730928,9.861749109029295,62.81822212018087,20.508114176574832
S035-05,S035,colectivo,1,5,161.52419820140867,0.0018562733299053477,0.833764335705983,1.81913936906649,0.9540552680305737,0.459278881384934,intermedio,99.84273032837592,1501.8106476196767,0.6941424678183918,0.6375332737124776,10.756173585502307,1.6547959362311242,sintetico,192.786066606973,10.845,3.703587155266826,21.347883966946878,17.776493002026093,16.735822959889347,0.6325327704888336,3.273397879207008,0.23176718450554407,6.127434096531315,16.823432803024147,21.435773794666588,16.988454019563076,11.348064184355442,17.443507571935026,14.878537244532472,13.100068901421634,71.40522682401584,24.288947332070784
S035-06,S035,colectivo,2,6,161.52419820140867,0.0018562733299053477,0.833764335705983,1.81913936906649,0.9540552680305737,1.2689637870577157,intermedio,99.84273032837592,1501.8106476196767,0.6941424678183918,0.6375332737124776,10.756173585502307,1.6547959362311242,sintetico,187.2379619127835,10.70888888888889,3.9308268071345114,21.19455937992419,17.484350043733674,17.511413156256484,0.6313250730008243,2.9700145258352353,0.23601012409908054,4.545056161837767,15.106721859455922,19.385168033172842,18.02706984611334,10.386488958611999,16.888363904222636,14.301353869188702,12.604097177378506,70.80563354808378,22.04760921205109
S035-07,S035,colectivo,2,7,161.52419820140867,0.0018562733299053477,0.833764335705983,1.81913936906649,0.9540552680305737,0.4080030531920943,intermedio,99.84273032837592,1501.8106476196767,0.6941424678183918,0.6375332737124776,10.756173585502307,1.6547959362311242,sintetico,163.79430732565976,9.35361111111111,3.876813610728716,21.305125651370723,17.51134458980118,17.812490719567606,0.6286041352491483,4.184361357764381,0.2337473961527489,4.477327445009044,15.980687959472961,20.431398820684638,14.620223218797811,11.203269941532959,14.49454087936658,12.243853832751117,10.850549640478206,69.63528181027706,23.248244377140082
S035-08,S035,colectivo,2,8,161.52419820140867,0.0018562733299053477,0.833764335705983,1.81913936906649,0.9540552680305737,1.4094036009707334,intermedio,99.84273032837592,1501.8106476196767,0.6941424678183918,0.6375332737124776,10.756173585502307,1.6547959362311242,sintetico,160.08107416497467,6.848333333333334,2.5487085348985583,27.667723103695874,23.37518727159523,15.518779914009897,0.6502174679479124,7.378113085097753,0.21523349880488812,4.851211154410857,14.953380393590333,19.36874997826504,13.305571864435157,12.031130701932467,12.549140069539867,10.575371565435589,9.498069993729311,62.00347843146288,22.07021816842375
S035-09,S035,colectivo,2,9,161.52419820140867,0.0018562733299053477,0.833764335705983,1.81913936906649,0.9540552680305737,1.2834890757409179,intermedio,99.84273032837592,1501.8106476196767,0.6941424678183918,0.6375332737124776,10.756173585502307,1.6547959362311242,sintetico,188.2446234628494,10.566944444444445,3.7451268834731617,21.589087801987212,17.814480283542963,17.489024999342814,0.6349119028112282,3.0099103598748718,0.23219416046239713,5.745384708109353,15.37623365450008,19.527512935238533,17.835265131615888,10.554629946552094,16.690816844433257,14.241924157361698,12.5533113590302,70.06064089345224,22.101411003324696
S035-10,S035,colectivo,2,10,161.52419820140867,0.0018562733299053477,0.833764335705983,1.81913936906649,0.9540552680305737,0.5661148430830698,intermedio,99.84273032837592,1501.8106476196767,0.6941424678183918,0.6375332737124776,10.756173585502307,1.6547959362311242,sintetico,169.44881618097077,9.323888888888888,3.647119017579787,22.00973150832233,18.173620278004375,17.434308526485136,0.6265812270947887,3.527378895310731,0.22157494854166393,4.409178681826053,15.706701438113377,19.889748513364236,14.782486902146463,11.462808477534743,14.118893584952268,12.050676139654108,10.663984380483894,68.22171840357815,22.518053613388243
S036-01,S036,colectivo,1,1,157.21365398690344,0.02899161239082763,0.9589200841249303,0.8824703656023842,1.044975018560366,0.7987496115444958,intermedio,89.30412742256624,1389.064302390738,0.6408497431093828,0.5358456080214158,8.959772818006371,1.3784265873855956,sintetico,170.06960705647572,9.530277777777778,3.639686189163982,21.15366704914185,17.84518888347992,15.640211023346643,0.6455654330968107,3.028359905564138,0.24974045108837342,6.569314721829311,18.020881762401203,22.740275952747197,14.007801808075822,12.141063200824748,15.368832457905151,13.089198160861308,11.599305479386816,72.64227514012151,25.78506232395379
S036-02,S036,colectivo,1,2,157.21365398690344,0.02899161239082763,0.9589200841249303,0.8824703656023842,1.044975018560366,0.6231764933664006,intermedio,89.30412742256624,1389.064302390738,0.6408497431093828,0.5358456080214158,8.959772818006371,1.3784265873855956,sintetico,146.40294863409184,6.963611111111111,3.1283522925804563,25.276994632522698,21.02399836781406,16.825561450396904,0.642818124180962,7.698751446009015,0.2126964009332781,4.291850467545594,15.363927674603865,19.390857426108884,11.129799701355783,13.154140466360566,10.447251473304267,8.926260749611384,8.112243925120039,56.67805336836249,22.005988073680893
S036-03,S036,colectivo,1,3,157.21365398690344,0.02899161239082763,0.9589200841249303,0.8824703656023842,1.044975018560366,0.8338540656272788,intermedio,89.30412742256624,1389.064302390738,0.6408497431093828,0.5358456080214158,8.959772818006371,1.3784265873855956,sintetico,184.17301775775832,8.854444444444445,3.143782987590263,24.707391985389602,20.800064748648825,15.81440582256243,0.6245804180579019,8.291504580248462,0.20475246039430398,4.317554955626037,14.843033694808815,18.82410222539527,13.909399059411708,13.240904008224483,12.638998947904115,10.843933712808294,9.694236601372326,58.11477339681408,21.32218832683465
S036-04,S036,colectivo,1,4,157.21365398690344,0.02899161239082763,0.9589200841249303,0.8824703656023842,1.044975018560366,0.7824421968267348,intermedio,89.30412742256624,1389.064302390738,0.6408497431093828,0.5358456080214158,8.959772818006371,1.3784265873855956,sintetico,152.9724167156512,7.0875,3.0528379561922643,25.114041416287137,21.583409765876713,14.058397021359983,0.6444769691472073,8.865373309817755,0.21298573349941846,4.595072368464424,15.736052812146145,20.10344800086912,11.337407245938735,13.492716050263493,11.142046666291591,9.430542114489596,8.501755173654663,61.39836330375271,22.87921679138743
S036-05,S036,colectivo,1,5,157.21365398690344,0.02899161239082763,0.9589200841249303,0.8824703656023842,1.044975018560366,1.5263701888337406,intermedio,89.30412742256624,1389.064302390738,0.6408497431093828,0.5358456080214158,8.959772818006371,1.3784265873855956,sintetico,157.86348615890978,8.580833333333333,3.5600379395794866,21.949194738609428,18.397220878963946,16.182706937295652,0.6594739489876651,2.894046809750413,0.24403125424109998,6.573814369201479,17.139551668733613,21.532826032267103,13.462611475287954,11.72606714890977,14.028823502812585,11.904263913231192,10.583038850912198,72.95892859146059,24.42429364948555
S036-06,S036,colectivo,2,6,157.21365398690344,0.02899161239082763,0.9589200841249303,0.8824703656023842,1.044975018560366,1.4770245211627233,intermedio,89.30412742256624,1389.064302390738,0.6408497431093828,0.5358456080214158,8.959772818006371,1.3784265873855956,sintetico,169.85109122516133,8.62888888888889,3.4147558064912817,23.862938198976774,19.684004906341126,17.512232809683233,0.6513256647707306,5.903940252382179,0.23062078355697382,4.379425663012592,15.10820398795667,19.1254544438978,14.326001007564438,11.856141231281242,13.297842358036837,11.313568912936947,10.093782863290606,60.92141064587687,21.6893202233898
S036-07,S036,colectivo,2,7,157.21365398690344,0.02899161239082763,0.9589200841249303,0.8824703656023842,1.044975018560366,0.6029525361399828,intermedio,89.30412742256624,1389.064302390738,0.6408497431093828,0.5358456080214158,8.959772818006371,1.3784265873855956,sintetico,161.0961088848463,8.590555555555556,3.532053033054504,22.199739396166233,18.75269973438035,15.527387958352195,0.6373202170943231,3.472806053159154,0.2376261867255531,4.519359455313127,17.858709833583514,22.660343550491138,12.423842503660625,12.966689559802463,13.584562128662236,11.578470470096944,10.317861514900962,71.0939571025049,25.699994487904824
S036-08,S036,colectivo,2,8,157.21365398690344,0.02899161239082763,0.9589200841249303,0.8824703656023842,1.044975018560366,0.622664126218782,intermedio,89.30412742256624,1389.064302390738,0.6408497431093828,0.5358456080214158,8.959772818006371,1.3784265873855956,sintetico,186.5651270155725,8.940277777777778,3.3071561114875414,25.010592733151892,20.867934045551063,16.563616591579926,0.6574243708251739,8.21811402827404,0.22909206171462743,4.094837648147434,16.39182316918487,21.129942660486574,14.163229564361524,13.172498981801459,14.626537442512644,12.337541861142101,10.957783894251119,62.56993282624962,24.165559892490773
S036-09,S036,colectivo,2,9,157.21365398690344,0.02899161239082763,0.9589200841249303,0.8824703656023842,1.044975018560366,1.0438407462931922,intermedio,89.30412742256624,1389.064302390738,0.6408497431093828,0.5358456080214158,8.959772818006371,1.3784265873855956,sintetico,147.57015967044146,6.950277777777778,3.2391372420243045,25.5471303108242,21.232267887518052,16.88981255745174,0.641334147129522,8.5128492066664,0.2082408936397975,4.650067109621348,14.273626049686627,18.166261656915516,11.501689629095885,12.830302714579641,10.152204388388439,8.679540594905173,7.898185162119835,55.1540391674144,20.647592816257603
S036-10,S036,colectivo,2,10,157.21365398690344,0.02899161239082763,0.9589200841249303,0.8824703656023842,1.044975018560366,0.7510873870141797,intermedio,89.30412742256624,1389.064302390738,0.6408497431093828,0.5358456080214158,8.959772818006371,1.3784265873855956,sintetico,140.19649024878606,5.8758333333333335,2.4465662399345978,28.009732221301398,23.859848007168242,14.815865361887203,0.6436039931224684,8.566160828251313,0.216888875372527,4.067982808588554,15.130784962343721,19.49203262379012,10.296706103954346,13.615663964123927,9.90793022344925,8.300616236585018,7.58386802563022,55.67825720268897,22.302226886257632
S037-01,S037,colectivo,1,1,191.87210256813205,0.013892830761376079,0.6711920507164647,1.013584109852079,0.9517992844046049,1.0937454959445079,intermedio,138.9859559207227,1392.8204963125854,0.6711979176480942,0.6366753864671656,10.520051281072996,1.6184694278573841,sintetico,207.1529386611635,10.10388888888889,2.988130431557564,24.121212630630858,20.502297772589998,15.007972727772584,0.6260636573821678,5.182273052180129,0.21743222850867808,6.232821029532556,15.062383546110253,18.920095175022333,17.285213100945253,11.984401780376961,15.680477807088561,13.505042576083211,11.951075358821775,64.23160044201914,21.33392232668746
S037-02,S037,colectivo,1,2,191.87210256813205,0.013892830761376079,0.6711920507164647,1.013584109852079,0.9517992844046049,0.6746127717537469,intermedio,138.9859559207227,1392.8204963125854,0.6711979176480942,0.6366753864671656,10.520051281072996,1.6184694278573841,sintetico,201.59198776115545,9.561111111111112,2.9564667059394045,24.696664427648344,21.084577453229507,14.631028471818711,0.633277169465128,5.84253341080767,0.21928063456217453,6.2082336351304495,15.829785069893024,19.97324460274963,16.022448800967364,12.581846274895522,15.420785797846845,13.205982257482122,11.706567761813645,64.30187361158268,22.603118511934145
S037-03,S037,colectivo,1,3,191.87210256813205,0.013892830761376079,0.6711920507164647,1.013584109852079,0.9517992844046049,0.4973833967644653,intermedio,138.9859559207227,1392.8204963125854,0.6711979176480942,0.6366753864671656,10.520051281072996,1.6184694278573841,sintetico,209.32929216845858,10.814444444444444,3.358345087386327,22.998964753225778,19.356453606453584,15.843008322202815,0.6106917770989935,4.772423713140861,0.21854693212739548,6.217131216382433,15.460309744838913,19.394133005329678,17.013728405746072,12.303552000851354,15.844104125755248,13.646752256312174,12.032633147323532,64.9494962885506,21.885499209795935
S037-04,S037,colectivo,1,4,191.87210256813205,0.013892830761376079,0.6711920507164647,1.013584109852079,0.9517992844046049,0.5560377331285643,intermedio,138.9859559207227,1392.8204963125854,0.6711979176480942,0.6366753864671656,10.520051281072996,1.6184694278573841,sintetico,180.73894935096024,8.216666666666667,2.611501293412229,25.816088165925507,21.99662669585723,14.800540906017579,0.6037343951429506,6.96078431372549,0.20904599230994397,6.17322223315673,15.089172456653737,19.092436669596,13.747967442210587,13.14659422279651,12.692448296487441,10.884499715849827,9.728316562854648,60.43416606785151,21.60656754838131
S037-05,S037,colectivo,1,5,191.87210256813205,0.013892830761376079,0.6711920507164647,1.013584109852079,0.9517992844046049,0.5508057225274965,intermedio,138.9859559207227,1392.8204963125854,0.6711979176480942,0.6366753864671656,10.520051281072996,1.6184694278573841,sintetico,168.7924601982269,9.873055555555556,3.82718516716534,20.28986255678939,17.096273716726692,15.747123202881017,0.6036218933294326,2.993557099850885,0.22261372289128475,5.986192427422817,15.249780315087405,19.121962040777944,14.656581181986615,11.516496112045418,13.453504436474013,11.555245667248617,10.261503515495042,69.79396136993175,21.631248234149812
S037-06,S037,colectivo,2,6,191.87210256813205,0.013892830761376079,0.6711920507164647,1.013584109852079,0.9517992844046049,1.286167653451661,intermedio,138.9859559207227,1392.8204963125854,0.6711979176480942,0.6366753864671656,10.520051281072996,1.6184694278573841,sintetico,208.98740891693427,9.58361111111111,2.7370069946527327,25.408444729444355,21.806749720325886,14.179299150749253,0.6243032103928088,5.634619286397496,0.21321300953677935,6.074770306097442,14.766859800897418,18.601854335491893,17.070974932899478,12.242265584619313,15.313209212455124,13.11063958555495,11.615883956213038,63.25098748958559,21.048399830762982
S037-07,S037,colectivo,2,7,191.87210256813205,0.013892830761376079,0.6711920507164647,1.013584109852079,0.9517992844046049,0.45820590695644703,intermedio,138.9859559207227,1392.8204963125854,0.6711979176480942,0.6366753864671656,10.520051281072996,1.6184694278573841,sintetico,187.01192013199454,7.333611111111111,2.2993186728231145,30.25973109095491,25.500659538471286,15.730464755122911,0.6339766485448197,9.704177872050302,0.19469150507521213,6.056206460692709,14.947038265343279,19.235256484589417,13.200292785599233,14.167255466940391,12.279136974293625,10.500431392845647,9.423113528685093,55.90938085556548,21.805672035604026
S037-08,S037,colectivo,2,8,191.87210256813205,0.013892830761376079,0.6711920507164647,1.013584109852079,0.9517992844046049,0.7697287791479046,intermedio,138.9859559207227,1392.8204963125854,0.6711979176480942,0.6366753864671656,10.520051281072996,1.6184694278573841,sintetico,198.02953552620323,8.570555555555556,2.4693286216151105,27.0148694921602,23.105799179825357,14.474622415245996,0.6132565671309338,7.422052246062099,0.20091445684607873,6.0054924192412225,14.790038048369059,18.789964415949363,14.790773344951207,13.388720853720617,13.373037870506327,11.500102335218049,10.272102826932768,59.98495388469925,21.1838854822489
S037-09,S037,colectivo,2,9,191.87210256813205,0.013892830761376079,0.6711920507164647,1.013584109852079,0.9517992844046049,0.45132838230651445,intermedio,138.9859559207227,1392.8204963125854,0.6711979176480942,0.6366753864671656,10.520051281072996,1.6184694278573841,sintetico,223.7515878782685,9.62111111111111,2.6100373433672512,26.900717415882397,23.2563147119115,13.5523732532625,0.6209085101025541,7.991684952072988,0.20001646623941027,5.901908721405715,15.142114794181909,19.219566634583984,16.324901064721622,13.706152765715645,15.08467294868693,12.977398626901794,11.505718918048489,59.13381396753371,21.72073415740381
S037-10,S037,colectivo,2,10,191.87210256813205,0.013892830761376079,0.6711920507164647,1.013584109852079,0.9517992844046049,0.7318473716613425,intermedio,138.9859559207227,1392.8204963125854,0.6711979176480942,0.6366753864671656,10.520051281072996,1.6184694278573841,sintetico,196.42212327830543,8.8925,2.586266717421784,25.563093557125878,22.088515409424282,13.597600974604068,0.5859908736866168,7.1533439540186805,0.20267526365098643,6.130298855200161,14.447875575755834,18.519845090850954,15.257591945187622,12.873730270408673,13.717683844849917,11.703473678767448,10.424032626912052,60.49329110753341,21.07495432970195
S038-01,S038,colectivo,1,1,181.67474306298394,0.023117344467278603,0.6042546834274878,1.8404242487351372,0.9912591103317963,1.3201407306300834,plano,5.941798260710616,1500.240132040752,0.6342834499134541,0.6348609885168637,10.725404197596868,1.650062184245672,sintetico,200.16212517797493,8.346944444444444,2.517958877344385,28.332371536698325,23.980287218899456,15.361576092382442,0.6688965576211161,9.45788545375886,0.22204837982813172,5.589587649315571,15.995257981877844,21.009096266655312,16.207302694398255,12.35011950798927,16.64409525788367,13.913243122060004,12.302343060153634,65.07514881720529,24.047119900708648
S038-02,S038,colectivo,1,2,181.67474306298394,0.023117344467278603,0.6042546834274878,1.8404242487351372,0.9912591103317963,1.5104553174874353,plano,5.941798260710616,1500.240132040752,0.6342834499134541,0.6348609885168637,10.725404197596868,1.650062184245672,sintetico,213.17585877842697,10.819444444444445,3.3493473608666218,23.78950272465791,19.703031876825086,17.178433889602054,0.645855218723978,5.296534017971759,0.23028280858198938,2.388472859604086,15.137716372935056,19.552291878902963,19.4576778137045,10.955873605239892,18.404603747902545,15.557398390483266,13.67427096930698,68.79927443270053,22.260160420123192
S038-03,S038,colectivo,1,3,181.67474306298394,0.023117344467278603,0.6042546834274878,1.8404242487351372,0.9912591103317963,1.1076094711315265,plano,5.941798260710616,1500.240132040752,0.6342834499134541,0.6348609885168637,10.725404197596868,1.650062184245672,sintetico,172.82800400408271,8.46861111111111,3.1649963392916245,24.402949225326225,20.408069485836513,16.37091219208187,0.662024265227655,5.927116475874963,0.2365217870154084,2.7135762274137467,16.066970061320507,20.8116954750395,15.04085498527674,11.490570461138105,15.132262961192101,12.787398533819843,11.359761180192777,69.15326543870832,23.707263247008022
S038-04,S038,colectivo,1,4,181.67474306298394,0.023117344467278603,0.6042546834274878,1.8404242487351372,0.9912591103317963,0.9864030280641715,plano,5.941798260710616,1500.240132040752,0.6342834499134541,0.6348609885168637,10.725404197596868,1.650062184245672,sintetico,170.0601890977792,7.779166666666667,3.040100112453371,26.11502487302145,21.860977709409216,16.28994822353151,0.6499893621944415,7.887877164792001,0.22659018116702465,1.9703162731394683,15.97685786211507,20.649778670584475,14.096411728827029,12.064076473448042,14.181847728863678,11.90811087117182,10.628340003230539,66.16647406538017,23.52487490733752
S038-05,S038,colectivo,1,5,181.67474306298394,0.023117344467278603,0.6042546834274878,1.8404242487351372,0.9912591103317963,1.0981843227923038,plano,5.941798260710616,1500.240132040752,0.6342834499134541,0.6348609885168637,10.725404197596868,1.650062184245672,sintetico,185.89372397832403,9.528333333333334,3.485862707638045,23.2517939406629,19.50957397008823,16.095271412745614,0.6362082219469763,4.664451052416769,0.22252376640868335,1.3551253139324337,15.407645180646375,19.753563452452287,16.361481110843663,11.361668465034128,15.517493244345058,13.215776490974127,11.706385395717273,68.7564095910906,22.357942615291975
S038-06,S038,colectivo,2,6,181.67474306298394,0.023117344467278603,0.6042546834274878,1.8404242487351372,0.9912591103317963,0.681788994812215,plano,5.941798260710616,1500.240132040752,0.6342834499134541,0.6348609885168637,10.725404197596868,1.650062184245672,sintetico,201.45114826567374,9.751666666666667,2.908893818898383,24.39417634315871,20.658124928970132,15.316470119067965,0.6464906340952108,5.207087107616932,0.2326547904424382,3.6223723721729404,16.799460265047735,21.73998089467237,16.79821795004219,11.992411865638864,17.653729760966087,14.924799518784246,13.14668765177543,68.6248716011503,24.729777210770738
S038-07,S038,colectivo,2,7,181.67474306298394,0.023117344467278603,0.6042546834274878,1.8404242487351372,0.9912591103317963,0.6759380930683385,plano,5.941798260710616,1500.240132040752,0.6342834499134541,0.6348609885168637,10.725404197596868,1.650062184245672,sintetico,168.0749541647626,7.036388888888889,2.6238293634617986,28.374961693399122,23.886535667488268,15.81856223599542,0.6619952106278864,9.474556867079862,0.21916547735664535,1.5843030470689803,15.896930177150235,20.67695615955027,13.281889037945136,12.654446493611557,13.33794196268023,11.244341143089136,10.053850218959179,60.42125042672577,23.57618559170379
S038-08,S038,colectivo,2,8,181.67474306298394,0.023117344467278603,0.6042546834274878,1.8404242487351372,0.9912591103317963,1.3384342186944858,plano,5.941798260710616,1500.240132040752,0.6342834499134541,0.6348609885168637,10.725404197596868,1.650062184245672,sintetico,206.45397616535953,7.805555555555555,2.1990373275076487,31.035294581067642,26.449619722252468,14.775800711743772,0.6457685024149088,12.08896797153025,0.19866849763069766,2.03705379846846,14.063792712450002,18.480406306681317,16.09046273710177,12.830829015831412,14.647672784724993,12.210658418766984,10.87920191312555,57.40707935259989,21.18130540536121
S038-09,S038,colectivo,2,9,181.67474306298394,0.023117344467278603,0.6042546834274878,1.8404242487351372,0.9912591103317963,1.33253921670399,plano,5.941798260710616,1500.240132040752,0.6342834499134541,0.6348609885168637,10.725404197596868,1.650062184245672,sintetico,216.74375897388742,10.88,3.2988262424946724,23.925188168894636,19.921301376276418,16.735600490196077,0.6554012014735384,4.751327614379084,0.23639702601785398,1.119305477843572,15.675949254022362,20.33634518416872,19.534314972839848,11.095539274105281,19.30797515411714,16.22959999031333,14.272782329477465,70.08315200128386,23.199416654602366
S038-10,S038,colectivo,2,10,181.67474306298394,0.023117344467278603,0.6042546834274878,1.8404242487351372,0.9912591103317963,1.0612702906823226,plano,5.941798260710616,1500.240132040752,0.6342834499134541,0.6348609885168637,10.725404197596868,1.650062184245672,sintetico,211.1890878386252,8.308055555555555,2.3675465674725693,29.892213784011798,25.419797258987288,14.96205155638771,0.6802145756550914,9.762947607743488,0.2160418429054581,4.092313295361033,15.859127832740791,20.877127509187208,16.357209961324223,12.911070307098267,16.878972855618834,13.984336184562663,12.404254874113832,63.80734654588684,23.99529795862804
S039-01,S039,colectivo,1,1,147.38462085542457,0.01735394784334173,0.6391206570516094,0.9991330956275448,1.040665038327227,1.0124361107787367,plano,16.204215119258627,1451.8214245039426,0.6223380576799179,0.6068225660887389,10.548061507957325,1.6227786935318962,sintetico,156.64678049486506,6.9622222222222225,2.713110340712886,26.57282111872181,22.49953757506839,15.32875837855091,0.663356916835966,9.16054899457389,0.23393529504782618,3.02534901278697,16.270336144568464,21.206642078823094,12.691434595612584,12.342716602661898,13.198518629702003,11.023894744801023,9.87948033457649,67.17116923319887,24.29962028409209
S039-02,S039,colectivo,1,2,147.38462085542457,0.01735394784334173,0.6391206570516094,0.9991330956275448,1.040665038327227,1.395751682235997,plano,16.204215119258627,1451.8214245039426,0.6223380576799179,0.6068225660887389,10.548061507957325,1.6227786935318962,sintetico,150.50379218196548,5.055555555555555,1.8338408354940603,34.556645950320544,29.76998087115801,13.851648351648352,0.6560896266046422,16.296703296703296,0.1955033383621065,2.8028237349319562,13.65472977460748,18.27961163585716,11.032393952617664,13.641988568243193,10.123954264654772,8.306838259790783,7.621463464554645,54.96439802009326,21.10893278050608
S039-03,S039,colectivo,1,3,147.38462085542457,0.01735394784334173,0.6391206570516094,0.9991330956275448,1.040665038327227,1.1631850769445702,plano,16.204215119258627,1451.8214245039426,0.6223380576799179,0.6068225660887389,10.548061507957325,1.6227786935318962,sintetico,166.0472509093826,6.822222222222222,2.4631542995144473,28.3531804427158,24.339173586065854,14.157166123778502,0.6673023009945417,9.124592833876221,0.23626412466099078,2.0824000362868564,16.338762567349672,21.43546789177094,13.117580634561282,12.658374706071404,13.827855924880511,11.515605303500605,10.314131029922367,65.78860654306715,24.581555401424207
S039-04,S039,colectivo,1,4,147.38462085542457,0.01735394784334173,0.6391206570516094,0.9991330956275448,1.040665038327227,0.9400500276096911,plano,16.204215119258627,1451.8214245039426,0.6223380576799179,0.6068225660887389,10.548061507957325,1.6227786935318962,sintetico,146.7472358092038,4.948333333333333,1.8944138774882748,34.226760538589815,29.65589137269191,13.35466487032671,0.6440767885318472,17.78376557763557,0.19828591311495786,1.79206468122481,13.877582616645654,18.55997373733215,10.481806576183713,14.000185439658487,9.860232823452627,8.0494124337257,7.3745744119541285,53.90840546848801,21.545624331406348
S039-05,S039,colectivo,1,5,147.38462085542457,0.01735394784334173,0.6391206570516094,0.9991330956275448,1.040665038327227,1.5254425032486942,plano,16.204215119258627,1451.8214245039426,0.6223380576799179,0.6068225660887389,10.548061507957325,1.6227786935318962,sintetico,145.43782581560086,5.978888888888889,2.372147672486675,27.909177661842378,24.325226395473102,12.841479278944433,0.6491608199093218,8.530013008734436,0.22049605586828452,2.8386731572498256,14.841992585892022,19.428912712343372,11.788784235783439,12.336965619757619,11.387030047606705,9.417498321573289,8.53268342257856,64.2388086835343,22.346943294319363
S039-06,S039,colectivo,2,6,147.38462085542457,0.01735394784334173,0.6391206570516094,0.9991330956275448,1.040665038327227,0.9113265807289185,plano,16.204215119258627,1451.8214245039426,0.6223380576799179,0.6068225660887389,10.548061507957325,1.6227786935318962,sintetico,147.76827668928158,5.745,2.158785411504625,29.785318929530437,25.721196986820118,13.644715211294844,0.6484944504840054,12.000773619572575,0.21240416149642663,1.7184448553311988,15.024513896488296,19.84460764448037,11.06887920536369,13.349886103886375,10.950565686075366,9.049086823828766,8.242896654198901,61.174585149589305,22.852876726838087
S039-07,S039,colectivo,2,7,147.38462085542457,0.01735394784334173,0.6391206570516094,0.9991330956275448,1.040665038327227,0.42299048618959534,plano,16.204215119258627,1451.8214245039426,0.6223380576799179,0.6068225660887389,10.548061507957325,1.6227786935318962,sintetico,136.3489721483579,6.533888888888889,3.0216582751479284,24.699657813822192,20.86796614803539,15.513136638040983,0.6637825511891046,6.172944477510415,0.2446614681987333,2.3507582947002743,17.492588883521787,22.666143042196325,10.971331404412984,12.427750755347196,12.112690714455882,10.167646141017203,9.154644831596148,69.71213176292474,25.832347664472827
S039-08,S039,colectivo,2,8,147.38462085542457,0.01735394784334173,0.6391206570516094,0.9991330956275448,1.040665038327227,0.6492322241803983,plano,16.204215119258627,1451.8214245039426,0.6223380576799179,0.6068225660887389,10.548061507957325,1.6227786935318962,sintetico,143.21118617876706,4.438055555555556,1.6130024906828737,36.95772546548828,32.268903438916034,12.686987544595354,0.6232933657803478,20.028791387619705,0.18766224584726274,1.3645987165209017,12.586181360543991,16.759272524389857,10.065430547204173,14.22802387907253,8.612599177429628,7.0206268102975145,6.516488106300894,45.26485467202675,19.393052415195143
S039-09,S039,colectivo,2,9,147.38462085542457,0.01735394784334173,0.6391206570516094,0.9991330956275448,1.040665038327227,0.5604011063862198,plano,16.204215119258627,1451.8214245039426,0.6223380576799179,0.6068225660887389,10.548061507957325,1.6227786935318962,sintetico,147.07511745211377,6.6755555555555555,2.801289620823476,26.007978329286257,22.031891762134222,15.287949400798933,0.6660184823246931,5.937916111850865,0.22364866009000123,2.1290963074875457,16.169462095106084,21.000482774204272,11.523953243011492,12.762557635445544,11.864002146639725,9.918513069868396,8.954055649843463,66.7635082910877,23.9875854298502
S039-10,S039,colectivo,2,10,147.38462085542457,0.01735394784334173,0.6391206570516094,0.9991330956275448,1.040665038327227,1.291915436741394,plano,16.204215119258627,1451.8214245039426,0.6223380576799179,0.6068225660887389,10.548061507957325,1.6227786935318962,sintetico,176.61663937361737,7.456944444444445,2.576201209657752,27.646747619141784,23.68485385528115,14.3304153473645,0.6581685126478778,10.217917675544793,0.22156457983353064,2.8574095735513025,15.103143531514077,19.777946730500954,14.224186450182142,12.416642596199644,13.913960624680039,11.552140494770375,10.324892516787937,64.01707906003347,22.73166447743411
S040-01,S040,colectivo,1,1,150.84606051837,0.0009870712729572377,0.9715439403372932,0.8359016285240269,1.0501702399767985,0.4045381992457438,piedemonte,252.3726262246834,1469.1632021066755,0.6010632766051578,0.7255690294910473,11.952147820622042,1.838791972403391,sintetico,173.6815380056023,8.416666666666666,3.1264117432129424,24.489015228739163,20.635430258091365,15.735973597359736,0.6541854627067247,5.468646864686469,0.2306114048638853,10.431653265658658,16.917328605590892,21.53628584746242,15.120009742547042,11.486866805176064,15.837168658873635,13.331121184324912,11.623727690990975,66.73986023779746,24.55337524372038
S040-02,S040,colectivo,1,2,150.84606051837,0.0009870712729572377,0.9715439403372932,0.8359016285240269,1.0501702399767985,1.0413678550956258,piedemonte,252.3726262246834,1469.1632021066755,0.6010632766051578,0.7255690294910473,11.952147820622042,1.838791972403391,sintetico,156.68385730195996,9.094722222222222,4.039982234928561,20.523282138227913,17.227998115117312,16.056320820988972,0.6573474604589926,2.9443205766470175,0.2523809030855992,10.953171285766155,15.9636527727844,20.427581387019487,16.10069574929712,9.731496063379748,16.059723005202013,13.448862391724283,11.907150840152266,74.15887149413668,23.34837943452128
S040-03,S040,colectivo,1,3,150.84606051837,0.0009870712729572377,0.9715439403372932,0.8359016285240269,1.0501702399767985,1.144521367107611,piedemonte,252.3726262246834,1469.1632021066755,0.6010632766051578,0.7255690294910473,11.952147820622042,1.838791972403391,sintetico,145.35458809857732,8.453611111111112,4.052159671771413,20.59657235121146,17.194378377250956,16.518253211973843,0.673202862079189,2.234416587257254,0.256534870485786,10.637425792770252,16.466359136508267,21.105072097378088,14.976706358716333,9.705377445287363,15.374596952518862,12.879847359088435,11.230678977173433,77.65728551574117,24.105523680819655
S040-04,S040,colectivo,1,4,150.84606051837,0.0009870712729572377,0.9715439403372932,0.8359016285240269,1.0501702399767985,0.9994903332805373,piedemonte,252.3726262246834,1469.1632021066755,0.6010632766051578,0.7255690294910473,11.952147820622042,1.838791972403391,sintetico,150.83254823884485,6.097222222222222,2.3204540670212075,28.568273460295757,24.73791223962831,13.407744874715263,0.6354906231705376,11.107061503416856,0.2144036960999848,10.159714417997746,15.296177319360652,19.835221952025893,12.64919498665346,11.924280430335111,12.626256469067886,10.325320285327496,9.313336066844883,61.56187470670942,22.818637775960056
S040-05,S040,colectivo,1,5,150.84606051837,0.0009870712729572377,0.9715439403372932,0.8359016285240269,1.0501702399767985,0.9115150213444517,piedemonte,252.3726262246834,1469.1632021066755,0.6010632766051578,0.7255690294910473,11.952147820622042,1.838791972403391,sintetico,167.1478631463155,8.753333333333334,3.2845170118592795,22.816225204820682,19.095338516334596,16.308073115003808,0.6294768045064946,5.543919776593044,0.24187082580804764,10.6125053603243,15.692065431865538,20.24609537982418,15.908135292607867,10.507068243503383,15.694742364964139,13.206921873931659,11.593628817724282,69.52007229577079,23.141669756442138
S040-06,S040,colectivo,2,6,150.84606051837,0.0009870712729572377,0.9715439403372932,0.8359016285240269,1.0501702399767985,1.4478330015337209,piedemonte,252.3726262246834,1469.1632021066755,0.6010632766051578,0.7255690294910473,11.952147820622042,1.838791972403391,sintetico,144.3494586062383,7.061944444444444,3.35297412732439,24.27741420146965,20.44046929876324,15.804586398143414,0.644620749754111,7.847224953782009,0.23299624605589692,10.585658373516099,15.075759465778376,19.61910925267154,13.731729864055893,10.512110275638813,13.448441200590736,11.04897650166154,9.703143503326038,68.58694155921573,22.581132264519162
S040-07,S040,colectivo,2,7,150.84606051837,0.0009870712729572377,0.9715439403372932,0.8359016285240269,1.0501702399767985,1.4861769157434943,piedemonte,252.3726262246834,1469.1632021066755,0.6010632766051578,0.7255690294910473,11.952147820622042,1.838791972403391,sintetico,150.55476218051658,7.651111111111111,3.2347033926172486,23.25369589196241,19.67750304421506,15.379029915771131,0.6377058987079512,4.712460063897764,0.2274277663332175,10.404080741050826,15.723909293424033,19.91634978959965,14.20750643265381,10.596846314599524,13.61848992665115,11.578503795821133,10.314700490544215,70.25451908851255,22.599204743342383
S040-08,S040,colectivo,2,8,150.84606051837,0.0009870712729572377,0.9715439403372932,0.8359016285240269,1.0501702399767985,0.5268400424383544,piedemonte,252.3726262246834,1469.1632021066755,0.6010632766051578,0.7255690294910473,11.952147820622042,1.838791972403391,sintetico,143.60555033702826,7.5936111111111115,3.460869018179237,22.300922319614433,18.911364861297937,15.199180597724697,0.6558173426199925,5.0773676701905845,0.2390595871524033,10.620622184522732,17.041982056823933,21.70075514711633,13.256460796600019,10.832872554781728,13.862248493784891,11.767648675695991,10.278454974216418,71.41737173531601,24.625522442184515
S040-09,S040,colectivo,2,9,150.84606051837,0.0009870712729572377,0.9715439403372932,0.8359016285240269,1.0501702399767985,0.9512257964299329,piedemonte,252.3726262246834,1469.1632021066755,0.6010632766051578,0.7255690294910473,11.952147820622042,1.838791972403391,sintetico,154.69615545012886,8.511111111111111,3.6911065975655726,21.53542767287177,18.175788499362397,15.60052219321149,0.6624383479069936,3.283289817232376,0.256204428531824,10.682415970189483,16.851096883173152,21.564655014142975,15.155469672343377,10.207282175650933,15.908595250180209,13.344248608399443,11.84819169531913,74.78297296161112,24.649792840599883
S040-10,S040,colectivo,2,10,150.84606051837,0.0009870712729572377,0.9715439403372932,0.8359016285240269,1.0501702399767985,0.8344062998414123,piedemonte,252.3726262246834,1469.1632021066755,0.6010632766051578,0.7255690294910473,11.952147820622042,1.838791972403391,sintetico,169.93825912145053,7.860555555555556,2.6715584962862176,25.306214388302873,21.619115585455575,14.569934270973214,0.6321575493050356,6.435083751501873,0.22458597380383002,11.069120519262416,17.15630038810887,21.873909128466895,14.668286145383183,11.58542023499714,15.522014972338095,13.144422129293888,11.515302158547179,68.92799898873575,24.891784180309944
S041-01,S041,aplicacion,1,1,134.23875182369983,0.04892757442471674,0.8467537896035631,0.28293139578757737,0.9608817994499337,0.4661868427602408,plano,13.003779867286633,1252.725403131379,0.6261204878113238,0.47452424377398994,7.854302553092677,1.208354238937335,sintetico,148.34053168807696,8.252222222222223,3.336916717009355,20.831686258820845,17.9758285336299,13.713477851083884,0.5959729299582882,3.5411337013599034,0.2281960547174988,4.240001311572427,17.35754990131364,21.252349345625895,10.360038552448964,14.318530856529621,10.535248775080783,9.19571813793321,8.296426382863128,67.98131690793268,23.8829380543533
S041-02,S041,aplicacion,1,2,134.23875182369983,0.04892757442471674,0.8467537896035631,0.28293139578757737,0.9608817994499337,0.9028826210829873,plano,13.003779867286633,1252.725403131379,0.6261204878113238,0.47452424377398994,7.854302553092677,1.208354238937335,sintetico,125.94609320153533,4.5936111111111115,1.9849762199448073,30.642674119293265,27.417665569663612,10.527907117373163,0.5757506261729425,14.670133639716997,0.16985420921143615,2.002315426147442,12.636340148365868,15.789053798411153,7.619978786541925,16.52840470159521,5.909669660637993,5.110384317389947,4.864992994365004,45.802449460032776,17.88060362701971
S041-03,S041,aplicacion,1,3,134.23875182369983,0.04892757442471674,0.8467537896035631,0.28293139578757737,0.9608817994499337,0.7022872375274472,plano,13.003779867286633,1252.725403131379,0.6261204878113238,0.47452424377398994,7.854302553092677,1.208354238937335,sintetico,145.98643637296172,6.539166666666667,2.5550318869834654,25.97230289201104,22.32492973716759,14.047831443014317,0.5867068117354223,8.325899494498959,0.18124692631661915,3.0463854428859847,14.05074206490043,17.205275451523214,9.263244800956663,15.759751524421008,7.707801751272215,6.724854402010198,6.188642108942004,53.06102498118391,19.379903743508063
S041-04,S041,aplicacion,1,4,134.23875182369983,0.04892757442471674,0.8467537896035631,0.28293139578757737,0.9608817994499337,0.946537429758197,plano,13.003779867286633,1252.725403131379,0.6261204878113238,0.47452424377398994,7.854302553092677,1.208354238937335,sintetico,130.47327853433492,5.154722222222222,2.054060440655471,28.421472678692986,25.311408240750428,10.944657002748288,0.5557054879192015,11.230263512421189,0.17312979485374677,1.977602584510874,12.495255158705938,15.479349164548093,8.202189583900697,15.907127871127068,6.173828966827576,5.393731365195487,5.116613423108971,46.157083931249915,17.438471869813583
S041-05,S041,aplicacion,1,5,134.23875182369983,0.04892757442471674,0.8467537896035631,0.28293139578757737,0.9608817994499337,1.2920005824433014,plano,13.003779867286633,1252.725403131379,0.6261204878113238,0.47452424377398994,7.854302553092677,1.208354238937335,sintetico,145.09947437333014,5.351666666666667,2.012412527758066,30.861860169404675,27.112950677047053,12.150939478874703,0.5975564042272331,13.728848749091663,0.17750438658043358,2.6868857640728816,12.750897874885311,15.841119746378382,9.260931052778417,15.667914332414572,7.156303967398293,6.201128171561261,5.800015902001682,46.47542708303886,17.852383555354745
S041-06,S041,aplicacion,2,6,134.23875182369983,0.04892757442471674,0.8467537896035631,0.28293139578757737,0.9608817994499337,0.8351259610208841,plano,13.003779867286633,1252.725403131379,0.6261204878113238,0.47452424377398994,7.854302553092677,1.208354238937335,sintetico,136.02316171100807,6.400555555555556,2.5877945753668903,24.467152891372436,21.251774245275108,13.145560281225588,0.5759152959830018,6.028122558805659,0.20084525902963907,3.109662769057418,14.72081924042285,18.183259932327953,8.950626068527518,15.197055565676813,7.866213319788669,6.845438381550069,6.342202413179156,57.84207163306358,20.50865233682512
S041-07,S041,aplicacion,2,7,134.23875182369983,0.04892757442471674,0.8467537896035631,0.28293139578757737,0.9608817994499337,0.8561941355374609,plano,13.003779867286633,1252.725403131379,0.6261204878113238,0.47452424377398994,7.854302553092677,1.208354238937335,sintetico,132.72736697199917,6.820555555555556,2.99862800777148,22.35259515829795,19.459905559142992,12.946974016453531,0.5777342900344323,5.457359289728761,0.2111844823424437,1.599255855166909,14.96332236983906,18.60641247255247,9.244934344178619,14.356766855307672,8.40248278288576,7.23243547963388,6.656313008558909,62.54693816977679,21.057249812276666
S041-08,S041,aplicacion,2,8,134.23875182369983,0.04892757442471674,0.8467537896035631,0.28293139578757737,0.9608817994499337,0.9773756177194468,plano,13.003779867286633,1252.725403131379,0.6261204878113238,0.47452424377398994,7.854302553092677,1.208354238937335,sintetico,143.74637693265484,6.391111111111111,2.476584158825693,25.840564132122395,22.49160974259203,12.965055632823367,0.5851574656381832,9.188108484005564,0.19081057230190102,2.092180118213827,13.974257952267987,17.48348131029423,9.48741247914724,15.151273041896374,8.050207460299458,6.978035480333416,6.399416384563938,55.109205582826114,19.782416414250466
S041-09,S041,aplicacion,2,9,134.23875182369983,0.04892757442471674,0.8467537896035631,0.28293139578757737,0.9608817994499337,1.2306415866468985,plano,13.003779867286633,1252.725403131379,0.6261204878113238,0.47452424377398994,7.854302553092677,1.208354238937335,sintetico,134.7080899168662,5.0616666666666665,1.982063587753167,30.180057865392126,26.61338621999332,11.82087586433981,0.6011788039404324,13.489188892547471,0.17737171374831318,1.9803218390504014,12.818924277264193,16.317891899845577,8.583682743638407,15.69350754682795,6.854775330447918,5.906656062356434,5.572294710508546,48.956425875667165,18.48574735759445
S041-10,S041,aplicacion,2,10,134.23875182369983,0.04892757442471674,0.8467537896035631,0.28293139578757737,0.9608817994499337,1.2422602343944749,plano,13.003779867286633,1252.725403131379,0.6261204878113238,0.47452424377398994,7.854302553092677,1.208354238937335,sintetico,152.91706931257107,6.605833333333333,2.3215197727492414,26.10158481739376,23.14879313423556,11.315756276018671,0.5716771382736081,9.932298894075101,0.17271951241260894,2.4793801555899413,12.473402602286958,15.385663143120583,10.104703542747853,15.13325637567266,7.5934671746834965,6.582830017371684,6.100619571119089,51.285936794638836,17.35488862214802
S042-01,S042,aplicacion,1,1,178.30230963898725,0.1388196947679608,0.5490997259191114,0.27051245026223564,1.0342671911298777,0.6934182997197843,piedemonte,280.4945435500399,1549.4060864948399,0.6829621433783618,0.7421580034598011,12.740350642375002,1.9600539449807695,sintetico,170.04511677113686,5.279722222222222,1.4290325098076935,36.25051343495545,32.20720894281542,11.153785447466722,0.6078579825275011,19.135055505866262,0.185879403667691,17.116684538370347,15.861249537827499,20.867539404122486,13.553921371937193,12.54582434890082,14.23081234329558,11.635636546400624,10.32824485741846,54.279090725091535,24.133176886400925
S042-02,S042,aplicacion,1,2,178.30230963898725,0.1388196947679608,0.5490997259191114,0.27051245026223564,1.0342671911298777,1.4924082580429552,piedemonte,280.4945435500399,1549.4060864948399,0.6829621433783618,0.7421580034598011,12.740350642375002,1.9600539449807695,sintetico,172.8024637760087,6.315555555555555,1.8633993576468058,31.074922303493242,27.361403483182237,11.95021111893033,0.6199185490999444,13.740323715693172,0.2096208047348159,17.80379265344148,16.429670243369447,21.33340542891873,15.648950868156346,11.042431229536291,16.665395137646055,13.684061347609212,12.180628207654445,59.70789353984444,24.580629361364657
S042-03,S042,aplicacion,1,3,178.30230963898725,0.1388196947679608,0.5490997259191114,0.27051245026223564,1.0342671911298777,1.3769123307954567,piedemonte,280.4945435500399,1549.4060864948399,0.6829621433783618,0.7421580034598011,12.740350642375002,1.9600539449807695,sintetico,204.36415686105929,7.418333333333333,1.9230378068067397,31.35621892766541,27.548527098772315,12.143338575600989,0.6279574157060236,14.217778776304952,0.19938912324936056,17.334153575102693,16.052507214562546,20.91257460918331,18.173468494436936,11.245192788796317,19.096449626593916,15.573875480455193,13.755030239732623,59.27623548664987,24.149026094174776
S042-04,S042,aplicacion,1,4,178.30230963898725,0.1388196947679608,0.5490997259191114,0.27051245026223564,1.0342671911298777,1.560116477790265,piedemonte,280.4945435500399,1549.4060864948399,0.6829621433783618,0.7421580034598011,12.740350642375002,1.9600539449807695,sintetico,206.4278837189924,7.161111111111111,1.8408365825097983,32.5268254645412,28.826236671387612,11.377036462373933,0.6352552560044801,14.709076803723816,0.19966240464405746,17.475880838758627,15.363526041945184,20.02304402200041,18.216578181336676,11.331869337046118,17.8995149484385,14.975557949263873,13.26071687240111,55.543771366766784,22.98574441546204
S042-05,S042,aplicacion,1,5,178.30230963898725,0.1388196947679608,0.5490997259191114,0.27051245026223564,1.0342671911298777,0.4668424660122633,piedemonte,280.4945435500399,1549.4060864948399,0.6829621433783618,0.7421580034598011,12.740350642375002,1.9600539449807695,sintetico,197.39843607200194,6.629722222222222,1.6768116636915316,33.55372632604028,29.77476724595496,11.262412536137763,0.6325509294811857,16.642225667239284,0.20603715529584604,17.11368917629308,17.341908261902464,22.72692988298499,16.057631659212845,12.293122688410115,18.554282641189754,14.953454864945005,12.863120033646874,60.293785578387386,26.360645763808833
S042-06,S042,aplicacion,2,6,178.30230963898725,0.1388196947679608,0.5490997259191114,0.27051245026223564,1.0342671911298777,0.9859843258171966,piedemonte,280.4945435500399,1549.4060864948399,0.6829621433783618,0.7421580034598011,12.740350642375002,1.9600539449807695,sintetico,170.36862055870373,5.624722222222222,1.5026241285541804,33.90982661642801,30.289250531450115,10.677070472615933,0.5960850758030855,14.771099807397897,0.18629418354147018,17.209053330121705,15.765560699018938,20.45407279474981,14.253577079004922,11.952692269062158,14.575618281135489,11.969629299372063,10.715797607132453,53.93821020653215,23.534643125681658
S042-07,S042,aplicacion,2,7,178.30230963898725,0.1388196947679608,0.5490997259191114,0.27051245026223564,1.0342671911298777,1.071577337118477,piedemonte,280.4945435500399,1549.4060864948399,0.6829621433783618,0.7421580034598011,12.740350642375002,1.9600539449807695,sintetico,200.3923513107899,5.0925,1.0728952407297971,43.07968856555856,39.35048626623267,8.656521027655048,0.5731271840715528,26.57502863688431,0.1485591518275145,16.85761748118362,14.251670726963741,18.552896854544407,14.9978169601514,13.361434657005375,14.143540755620622,11.540260153662036,9.648227412858104,46.11839447864973,21.46817081058356
S042-08,S042,aplicacion,2,8,178.30230963898725,0.1388196947679608,0.5490997259191114,0.27051245026223564,1.0342671911298777,1.0811687081937165,piedemonte,280.4945435500399,1549.4060864948399,0.6829621433783618,0.7421580034598011,12.740350642375002,1.9600539449807695,sintetico,205.04993666161965,6.54,1.3850284697657158,34.44287849859233,31.353201324406676,8.970438328236494,0.6048472736533934,16.275908936459395,0.20334673282699556,17.45049511446483,17.081720816622767,22.506967583365885,16.83954070947096,12.176694139068454,19.14367357508289,15.545957657025038,13.749431550061734,59.896196629585795,26.11664289447626
S042-09,S042,aplicacion,2,9,178.30230963898725,0.1388196947679608,0.5490997259191114,0.27051245026223564,1.0342671911298777,1.3291187499743093,piedemonte,280.4945435500399,1549.4060864948399,0.6829621433783618,0.7421580034598011,12.740350642375002,1.9600539449807695,sintetico,177.93412761814497,6.5441666666666665,1.770318062176385,30.46962181540798,27.18973043954845,10.764463686913706,0.6161902989057918,12.305276115285029,0.19506506407786336,17.364554278964174,16.274464221059098,21.107779150819987,15.677519410246564,11.349635293823985,16.389137269773123,13.574163241802582,11.919564116920386,60.50962502534057,24.19624139704345
S042-10,S042,aplicacion,2,10,178.30230963898725,0.1388196947679608,0.5490997259191114,0.27051245026223564,1.0342671911298777,1.244833817527599,piedemonte,280.4945435500399,1549.4060864948399,0.6829621433783618,0.7421580034598011,12.740350642375002,1.9600539449807695,sintetico,191.53563779663722,6.209722222222222,1.6132767956638987,34.72469638252979,30.844477569577005,11.174233952135987,0.6224999873089634,18.2822634757325,0.20037902636439786,17.672516058688593,15.883520809813962,20.97990510122032,16.252122230483643,11.785269337771735,17.153104991554972,14.013483926392048,12.297875908598295,56.27443751796435,24.37357573700739
S043-01,S043,aplicacion,1,1,223.63727879911164,0.03631782130642917,0.6707818426065623,0.09953995988866216,0.9832162463962724,1.3304266248667163,piedemonte,264.86078040729655,1513.0791377813998,0.6680119740195118,0.787927124792394,13.10033205324946,2.015435700499917,sintetico,256.34260109878994,10.545555555555556,2.110456856102151,27.25539170227935,24.308117267823302,10.815509429986303,0.5934202398503403,9.516910757559794,0.203606595427723,6.492242639420956,13.290008512082307,17.079060197289767,22.807725205532503,11.239288389734218,19.006225267954648,16.01140985810027,14.066908408313964,58.839485825915936,19.53304879820971
S043-02,S043,aplicacion,1,2,223.63727879911164,0.03631782130642917,0.6707818426065623,0.09953995988866216,0.9832162463962724,0.6625606954720271,piedemonte,264.86078040729655,1513.0791377813998,0.6680119740195118,0.787927124792394,13.10033205324946,2.015435700499917,sintetico,214.6767297241519,9.070555555555556,2.2731853639984823,26.41401466132539,23.667429013503607,10.39995100140871,0.5931999393939118,8.62375206712807,0.19712349148733144,7.700700346210445,14.16621740997116,17.886777327332922,18.364743136443206,11.689612434499283,15.960023629986328,13.513026059164105,11.935579426761317,59.481106890703735,20.367017153861724
S043-03,S043,aplicacion,1,3,223.63727879911164,0.03631782130642917,0.6707818426065623,0.09953995988866216,0.9832162463962724,0.5686573854446854,piedemonte,264.86078040729655,1513.0791377813998,0.6680119740195118,0.787927124792394,13.10033205324946,2.015435700499917,sintetico,212.33111544304663,9.171666666666667,2.166427652584839,26.18977917309539,23.150766721029978,11.605790780786238,0.5863208872314997,7.271791144224363,0.20317496257208703,6.743230880229806,14.641642730491398,18.755756700032702,17.98478064361497,11.80615541832751,16.449292730890278,13.861868084451155,12.263530792030298,61.81299780014101,21.42717361077447
S043-04,S043,aplicacion,1,4,223.63727879911164,0.03631782130642917,0.6707818426065623,0.09953995988866216,0.9832162463962724,0.956763287873419,piedemonte,264.86078040729655,1513.0791377813998,0.6680119740195118,0.787927124792394,13.10033205324946,2.015435700499917,sintetico,234.62961200632319,9.635555555555555,1.973322958005498,26.986537102614783,24.35039792501048,9.76994926199262,0.5872920125829862,8.951222324723247,0.20128471100233336,6.832310553490802,13.347206319615685,17.268413067810798,20.231213551264165,11.597406720649348,17.254851944956798,14.42885304140043,12.714309711253822,58.45679350893209,19.833299095449508
S043-05,S043,aplicacion,1,5,223.63727879911164,0.03631782130642917,0.6707818426065623,0.09953995988866216,0.9832162463962724,1.4704304831090358,piedemonte,264.86078040729655,1513.0791377813998,0.6680119740195118,0.787927124792394,13.10033205324946,2.015435700499917,sintetico,204.26672666690354,6.435,1.3903390171964571,34.84753687885701,31.743081067117878,8.90960890960891,0.5798482824250158,17.832167832167833,0.17122779017938483,6.552760718411017,11.393449524861625,14.899756852674335,16.114610832039933,12.675870909694543,12.072080016222525,9.98413360994437,8.92858210784584,47.441060349439326,17.17111458239451
S043-06,S043,aplicacion,2,6,223.63727879911164,0.03631782130642917,0.6707818426065623,0.09953995988866216,0.9832162463962724,0.994030903659947,piedemonte,264.86078040729655,1513.0791377813998,0.6680119740195118,0.787927124792394,13.10033205324946,2.015435700499917,sintetico,230.18116649839823,8.528611111111111,1.6725955726820037,29.963493869091185,26.989290929037345,9.927368661042895,0.5726253062275662,11.252972022277953,0.1888452232276644,7.271045569265448,12.8398846920248,16.52998503468724,19.165509249494843,12.010177423512253,15.502703304840171,13.09316916527,11.640465084438157,52.90832196288074,18.8812902453388
S043-07,S043,aplicacion,2,7,223.63727879911164,0.03631782130642917,0.6707818426065623,0.09953995988866216,0.9832162463962724,1.4858001421897886,piedemonte,264.86078040729655,1513.0791377813998,0.6680119740195118,0.787927124792394,13.10033205324946,2.015435700499917,sintetico,252.0117017364011,8.345277777777778,1.5356429774233016,33.54509643522223,30.198120236029823,9.979030056918416,0.5767255588965464,17.20533901407982,0.1771887669495966,6.4739986194488015,11.68749668178488,15.011077589193114,20.54800168975259,12.26453577050662,15.414671332427522,12.764587117497733,11.206768685303972,47.889079735041435,17.23761987152938
S043-08,S043,aplicacion,2,8,223.63727879911164,0.03631782130642917,0.6707818426065623,0.09953995988866216,0.9832162463962724,1.1757946158335992,piedemonte,264.86078040729655,1513.0791377813998,0.6680119740195118,0.787927124792394,13.10033205324946,2.015435700499917,sintetico,259.6002766485454,10.3875,2.0069316054903337,27.75033721346223,24.991603046791376,9.942505682577885,0.597900730381361,9.792753041850515,0.20246234803510127,6.869773118485742,13.54163878434271,17.330339750251362,22.443038468203348,11.567073550060504,19.14471978470309,16.03948156656244,14.092354909396729,58.58006261410808,19.802620424990685
S043-09,S043,aplicacion,2,9,223.63727879911164,0.03631782130642917,0.6707818426065623,0.09953995988866216,0.9832162463962724,1.2290527567816363,piedemonte,264.86078040729655,1513.0791377813998,0.6680119740195118,0.787927124792394,13.10033205324946,2.015435700499917,sintetico,245.3137529652723,7.955,1.5612659109830633,33.97386646352146,30.837681076715562,9.232488302255744,0.5764649586636436,18.094839025071582,0.17446918825042143,6.689527554196965,11.493532508838937,14.897202634167547,19.591261386350755,12.521590525875101,14.680365799382523,12.135821819034707,10.748948824784057,45.80894518222009,17.153130334876217
S043-10,S043,aplicacion,2,10,223.63727879911164,0.03631782130642917,0.6707818426065623,0.09953995988866216,0.9832162463962724,1.3877262306436389,piedemonte,264.86078040729655,1513.0791377813998,0.6680119740195118,0.787927124792394,13.10033205324946,2.015435700499917,sintetico,254.20214203168652,10.75611111111111,2.1360952966805233,26.54405465075409,23.63327594943628,10.967925210474666,0.5720767979061661,9.805795155208925,0.19651854459661533,7.905011869770323,13.354513445353543,17.03348984254532,23.044007126374506,11.031160537211651,19.24423106836353,16.15931983892231,14.15989219059601,59.09675887356533,19.49209735518419
S044-01,S044,aplicacion,1,1,146.3201346683667,0.13758723217462376,0.704007024213289,0.07618910214904753,0.950049728533257,0.5815388427974819,intermedio,76.05399877275113,1531.2542791190674,0.6171653967119527,0.757184597681104,12.204689635586973,1.8776445593210729,sintetico,133.10635032824698,5.145833333333333,1.938299708193929,28.821761898727896,25.866821116420468,10.256410256410255,0.5476835949445236,9.986504723346828,0.16675414507598404,2.1781817987757472,11.535157928356213,14.701502314366717,10.518890720772601,12.654029199617966,7.730300983072271,6.443066442899298,6.02525313869189,48.56967231595132,16.8172092219328
S044-02,S044,aplicacion,1,2,146.3201346683667,0.13758723217462376,0.704007024213289,0.07618910214904753,0.950049728533257,0.4319682769961804,intermedio,76.05399877275113,1531.2542791190674,0.6171653967119527,0.757184597681104,12.204689635586973,1.8776445593210729,sintetico,144.72137072848318,6.089444444444444,2.121317663415263,27.09403933642909,23.76593990614631,12.289024724021532,0.5761229547342108,9.323966791351154,0.19603417662952843,2.68205889244674,13.539422812661341,17.35614722370312,11.870657194021199,12.191521359185899,10.093615235654429,8.504139809614944,7.755765668066596,56.42850949590057,19.820165205709145
S044-03,S044,aplicacion,1,3,146.3201346683667,0.13758723217462376,0.704007024213289,0.07618910214904753,0.950049728533257,1.2611341030293322,intermedio,76.05399877275113,1531.2542791190674,0.6171653967119527,0.757184597681104,12.204689635586973,1.8776445593210729,sintetico,162.37350714110343,5.746111111111111,1.6505155595802128,31.2124306875727,28.257982486124543,9.470173063907957,0.5607199724780371,13.545393019433433,0.17702766304375234,1.9359181942147656,12.14069845593295,15.583518840071727,12.77470977183187,12.710543725943248,9.821295623051832,8.241263375708286,7.515527439975777,51.19494522471042,17.816573405075808
S044-04,S044,aplicacion,1,4,146.3201346683667,0.13758723217462376,0.704007024213289,0.07618910214904753,0.950049728533257,0.4226321073784647,intermedio,76.05399877275113,1531.2542791190674,0.6171653967119527,0.757184597681104,12.204689635586973,1.8776445593210729,sintetico,163.90981937837262,5.546388888888889,1.6228435917311361,32.74095662909193,29.552529161223088,9.741072770070616,0.5613288559747559,16.367005559172636,0.17000821967746876,2.006880844246922,11.973324589640736,15.69525954715486,11.911376321694027,13.760779187191483,9.437122135762433,7.780617317817125,7.140828480614537,48.96616892903673,18.136967780075736
S044-05,S044,aplicacion,1,5,146.3201346683667,0.13758723217462376,0.704007024213289,0.07618910214904753,0.950049728533257,1.3484978608254403,intermedio,76.05399877275113,1531.2542791190674,0.6171653967119527,0.757184597681104,12.204689635586973,1.8776445593210729,sintetico,153.24440551659754,5.120277777777778,1.402987595372373,32.50213979590786,29.92892420440249,7.920577225627951,0.5640870958150765,15.49937611891716,0.1759237116018184,2.3148872888880163,11.728080242927541,15.025513395098452,11.97263799104896,12.799552248315436,8.920013138775957,7.489141273627093,6.857112428463442,47.57356575397373,17.223464486821698
S044-06,S044,aplicacion,2,6,146.3201346683667,0.13758723217462376,0.704007024213289,0.07618910214904753,0.950049728533257,0.7148294786138505,intermedio,76.05399877275113,1531.2542791190674,0.6171653967119527,0.757184597681104,12.204689635586973,1.8776445593210729,sintetico,154.323205064738,6.637777777777778,2.2874071326597827,25.945606353686685,23.249227411828624,10.39922999665216,0.569622875053244,7.1560093739537995,0.1966798524494074,3.7716068308817405,13.55124162108028,17.119632951070113,12.969122095463941,11.899279220966992,10.76682378491487,9.162472482429667,8.296926659968396,57.04226703549279,19.451242009199976
S044-07,S044,aplicacion,2,7,146.3201346683667,0.13758723217462376,0.704007024213289,0.07618910214904753,0.950049728533257,1.4040496182125888,intermedio,76.05399877275113,1531.2542791190674,0.6171653967119527,0.757184597681104,12.204689635586973,1.8776445593210729,sintetico,157.10975796181125,6.230277777777777,1.864938268641593,28.29295666864731,25.217135345424254,10.874314503544518,0.5424096808473013,8.71639395425565,0.1641345450561311,2.8479889925464086,11.136254088911336,14.149004115557386,12.970239024631166,12.113096579288289,8.91167022024385,7.62406973881796,7.006853640672973,51.74171635068061,16.054570044309088
S044-08,S044,aplicacion,2,8,146.3201346683667,0.13758723217462376,0.704007024213289,0.07618910214904753,0.950049728533257,1.222020670493998,intermedio,76.05399877275113,1531.2542791190674,0.6171653967119527,0.757184597681104,12.204689635586973,1.8776445593210729,sintetico,130.84687514781362,3.1919444444444443,0.9094600070927902,44.291220650632546,40.992842270657825,7.449308154207642,0.5779020987117944,30.989470020015663,0.13146498470581192,1.8875254698475656,8.5703234119544,11.38261385367401,8.854700957923258,14.777108314508439,5.238157050983575,4.267824681876448,4.21506794946385,33.67869360736939,13.286441514175822
S044-09,S044,aplicacion,2,9,146.3201346683667,0.13758723217462376,0.704007024213289,0.07618910214904753,0.950049728533257,0.4641421977384668,intermedio,76.05399877275113,1531.2542791190674,0.6171653967119527,0.757184597681104,12.204689635586973,1.8776445593210729,sintetico,158.4234299493921,5.163888888888889,1.6222347924299954,33.99290009885905,30.679093481323914,9.752555137170523,0.5903187881689267,19.435180204410972,0.15127377895241628,2.37271530763499,11.034707437338495,14.209263864625402,11.365784059383703,13.938627473623008,8.063994583889434,6.749683250148433,6.257853147062056,43.311646367153394,16.229107117813815
S044-10,S044,aplicacion,2,10,146.3201346683667,0.13758723217462376,0.704007024213289,0.07618910214904753,0.950049728533257,1.0178088702092718,intermedio,76.05399877275113,1531.2542791190674,0.6171653967119527,0.757184597681104,12.204689635586973,1.8776445593210729,sintetico,166.82297493850393,6.914166666666667,2.2718693281888243,27.18338363365338,24.127705185754458,11.245028323490418,0.567043942495148,12.406090554819011,0.17221232378085236,3.3078898147553786,11.503228083146857,14.59995183020499,13.97759704840692,11.935025338101115,10.21996311397561,8.47543493522003,7.714923074736312,52.15385989204599,16.686356745361067
S045-01,S045,aplicacion,1,1,161.69683884677016,0.10970713460385897,0.6286572470559325,0.2594454452894043,0.9956030046400253,0.8696010769696787,plano,12.826598682306456,1514.8959441929692,0.6567317202209105,0.7896602675879889,12.2893652165811,1.8906715717817077,sintetico,174.93144217114477,5.664166666666667,1.600627060091696,34.74284860422431,30.883879741852837,11.107841694865382,0.5851438482248221,18.468932372124957,0.1690559420402627,2.9111259832642595,11.021328459753661,14.263835911377509,13.326333412284468,13.12674962866302,9.63502739908251,7.924072812954153,7.257989945644236,43.35397247811981,16.47656368488649
S045-02,S045,aplicacion,1,2,161.69683884677016,0.10970713460385897,0.6286572470559325,0.2594454452894043,0.9956030046400253,0.9089170149705608,plano,12.826598682306456,1514.8959441929692,0.6567317202209105,0.7896602675879889,12.2893652165811,1.8906715717817077,sintetico,172.98118792226913,7.866944444444444,2.3933238346474712,24.800084329438207,21.988357632857912,11.337876487412167,0.6202278130903494,5.48356343349458,0.2248009086700902,1.184173356790232,14.789963623121498,18.945619527383393,15.316235198137473,11.29397568557216,14.2409685483279,11.901421223089164,10.617536308225256,66.36636380377627,21.68173982062361
S045-03,S045,aplicacion,1,3,161.69683884677016,0.10970713460385897,0.6286572470559325,0.2594454452894043,0.9956030046400253,1.558176063301742,plano,12.826598682306456,1514.8959441929692,0.6567317202209105,0.7896602675879889,12.2893652165811,1.8906715717817077,sintetico,163.62625944861585,5.245555555555556,1.3873078854515135,34.5323868008569,31.193313599609038,9.669561533573395,0.576766772910031,18.57657276000847,0.17237512252947976,2.2695844154052978,11.259337117660985,14.753055976910078,12.748355671572149,12.83508741550801,9.478909723528115,7.813152456063512,7.162527949475029,48.095159596653794,17.022476674676614
S045-04,S045,aplicacion,1,4,161.69683884677016,0.10970713460385897,0.6286572470559325,0.2594454452894043,0.9956030046400253,1.1835975151186073,plano,12.826598682306456,1514.8959441929692,0.6567317202209105,0.7896602675879889,12.2893652165811,1.8906715717817077,sintetico,147.0175345465911,4.708888888888889,1.5236277814808037,35.4730383374461,31.2212791627966,11.986786219915055,0.6115249928525484,17.87989617744219,0.19483001205690803,1.0377490485558636,12.447360758036364,16.53848699584341,11.70597697631516,12.559185349847636,9.93546613454767,8.010231166158102,7.321956962336227,50.351058030884445,19.252942391802723
S045-05,S045,aplicacion,1,5,161.69683884677016,0.10970713460385897,0.6286572470559325,0.2594454452894043,0.9956030046400253,1.5117424608237378,plano,12.826598682306456,1514.8959441929692,0.6567317202209105,0.7896602675879889,12.2893652165811,1.8906715717817077,sintetico,152.09870156745907,5.220833333333333,1.5844974185602188,32.16725489212833,29.13303142553087,9.433359936153233,0.5954384269164678,14.81245011971269,0.19088331946303191,2.810754493180336,12.258780955479708,16.098140901290357,12.314595671375063,12.35109179597413,10.039719299023318,8.19287473331158,7.4980454735149555,53.281776249513655,18.681239972958714
S045-06,S045,aplicacion,2,6,161.69683884677016,0.10970713460385897,0.6286572470559325,0.2594454452894043,0.9956030046400253,0.45541294394327886,plano,12.826598682306456,1514.8959441929692,0.6567317202209105,0.7896602675879889,12.2893652165811,1.8906715717817077,sintetico,169.53475439441408,5.533888888888889,1.645680267722101,34.29738021170665,30.635735158111167,10.676638891677543,0.597179331073068,17.96004417227186,0.1749289018853565,2.035843608009767,11.928948865019482,15.53870429486046,12.562510367113166,13.495292695497511,9.879091206177577,8.119338580021072,7.426338236426631,46.49348980979734,17.86208245306011
S045-07,S045,aplicacion,2,7,161.69683884677016,0.10970713460385897,0.6286572470559325,0.2594454452894043,0.9956030046400253,0.9712998975273729,plano,12.826598682306456,1514.8959441929692,0.6567317202209105,0.7896602675879889,12.2893652165811,1.8906715717817077,sintetico,163.23157093083364,5.049444444444444,1.4764300718647088,35.96489494795723,32.326639638629175,10.11662449114314,0.5809154789092943,17.68621410496204,0.16679752303148804,2.527900723422282,11.238432346936499,14.34818280297133,12.353987125129906,13.212865553242771,8.739899115907532,7.388256969924876,6.823870267107134,41.3846103652462,16.320932544077667
S045-08,S045,aplicacion,2,8,161.69683884677016,0.10970713460385897,0.6286572470559325,0.2594454452894043,0.9956030046400253,0.7352752127364979,plano,12.826598682306456,1514.8959441929692,0.6567317202209105,0.7896602675879889,12.2893652165811,1.8906715717817077,sintetico,179.104188324174,6.155,1.7755028677745275,32.623604567632384,29.098974544951098,10.804224207961008,0.5957744137804974,16.580918855492374,0.18337909975605715,2.103716705839512,12.203394110501545,15.89938003605055,13.935859149388381,12.852037782832682,11.173834208273018,9.183137861154384,8.316439736312416,48.77797516592671,18.34302788124086
S045-09,S045,aplicacion,2,9,161.69683884677016,0.10970713460385897,0.6286572470559325,0.2594454452894043,0.9956030046400253,0.4398544702496038,plano,12.826598682306456,1514.8959441929692,0.6567317202209105,0.7896602675879889,12.2893652165811,1.8906715717817077,sintetico,168.94025434883653,5.558611111111111,1.4857323434693208,33.420248221994065,30.392529891350332,9.06001699065514,0.6004492410848281,17.20053970316326,0.1835784395074494,1.9140906586377175,13.19377797817106,17.21491203097006,12.382363839179348,13.643618984469544,10.634470895905487,8.821912235606092,8.028034605203132,51.18296885762046,19.759974694849376
S045-10,S045,aplicacion,2,10,161.69683884677016,0.10970713460385897,0.6286572470559325,0.2594454452894043,0.9956030046400253,0.6281785401769753,plano,12.826598682306456,1514.8959441929692,0.6567317202209105,0.7896602675879889,12.2893652165811,1.8906715717817077,sintetico,151.98845675769812,5.435,1.7698712503466176,31.30901171612549,27.96475745311833,10.681794950424205,0.5889467149645372,15.133394664213432,0.17800414876557535,2.0039704128049136,12.180784364219896,15.870582235089557,11.840632085677829,12.836177634599428,9.363366070850846,7.788713677243032,7.144777087427524,49.51359947309017,18.2899322614985
S046-01,S046,aplicacion,1,1,132.66521947914663,0.11953755055512694,0.7896702084530041,0.06613281337614338,0.9955350686345428,1.2192068373724416,piedemonte,192.59095011346582,1305.7153569124669,0.6708256780067361,0.5859943532147698,10.170676367149879,1.5647194410999814,sintetico,131.3811333120618,5.895,2.458496070610057,25.103285414420448,22.286875879908703,11.219489209311092,0.5835020512982225,7.426255772311752,0.2093440410132043,5.91526553896685,13.852901238793315,17.204907782411603,10.351550605165643,12.691927839921858,8.624485743968858,7.444776991265305,6.8141230399266455,57.637048362871326,19.448778348073724
S046-02,S046,aplicacion,1,2,132.66521947914663,0.11953755055512694,0.7896702084530041,0.06613281337614338,0.9955350686345428,0.5766892007801274,piedemonte,192.59095011346582,1305.7153569124669,0.6708256780067361,0.5859943532147698,10.170676367149879,1.5647194410999814,sintetico,142.04777729337917,4.149444444444445,1.4713359405007844,38.167544535057715,34.232962796637096,10.309278350515463,0.5840574942778516,20.49805864238854,0.14635232080806418,5.657229458171766,9.534968852214199,12.100001318121533,9.284417918014665,15.29958889697998,5.639505749877151,4.815012060574992,4.613244695171298,32.042696495199195,13.80335886879603
S046-03,S046,aplicacion,1,3,132.66521947914663,0.11953755055512694,0.7896702084530041,0.06613281337614338,0.9955350686345428,1.2220900061015043,piedemonte,192.59095011346582,1305.7153569124669,0.6708256780067361,0.5859943532147698,10.170676367149879,1.5647194410999814,sintetico,137.022367479558,4.946666666666666,1.722346536124536,31.068806777829604,27.699939517430863,10.843441150044923,0.5886401800332098,15.858041329739441,0.1809537450910294,5.818904138124609,11.79692390025413,15.109010035469424,9.736692336723133,14.0727839332831,7.364862465279008,6.191131083117479,5.780187535865851,48.44880948627732,17.350852590416793
S046-04,S046,aplicacion,1,4,132.66521947914663,0.11953755055512694,0.7896702084530041,0.06613281337614338,0.9955350686345428,1.2146558629850328,piedemonte,192.59095011346582,1305.7153569124669,0.6708256780067361,0.5859943532147698,10.170676367149879,1.5647194410999814,sintetico,132.1430430175263,4.111111111111111,1.4832411568878754,35.48249997376642,32.14290235561451,9.412162162162161,0.5780233471167927,18.83108108108108,0.15955759276531556,5.997411342190309,10.089686701938168,12.821967139497737,9.144011437920053,14.451320836009835,5.821445875725747,5.004631368098581,4.706325505953116,36.2523009351327,14.647125763331243
S046-05,S046,aplicacion,1,5,132.66521947914663,0.11953755055512694,0.7896702084530041,0.06613281337614338,0.9955350686345428,1.0307896763919726,piedemonte,192.59095011346582,1305.7153569124669,0.6708256780067361,0.5859943532147698,10.170676367149879,1.5647194410999814,sintetico,128.67503179586805,3.87,1.3911012688457556,37.16834123006634,33.249362221154534,10.544071202985931,0.5721804959153425,21.37525122021246,0.1526733412928629,6.664155168536373,9.697469385459662,12.420490445942505,8.749348502125342,14.706812943227836,5.456339547475085,4.671353962123287,4.469400280799402,34.89533457665886,14.176535942331931
S046-06,S046,aplicacion,2,6,132.66521947914663,0.11953755055512694,0.7896702084530041,0.06613281337614338,0.9955350686345428,0.9601502790487623,piedemonte,192.59095011346582,1305.7153569124669,0.6708256780067361,0.5859943532147698,10.170676367149879,1.5647194410999814,sintetico,123.99977295713178,3.4008333333333334,1.1451633871062903,39.6130253479168,36.461584795039975,7.955566446132484,0.5614082896982069,25.532957608429307,0.13852345415732314,6.42333242891849,8.828658476846943,11.481186729021061,7.913779596115886,15.668843370112477,4.748529034030568,3.9400641021690754,3.889273008673905,32.646558284344614,13.333777665304325
S046-07,S046,aplicacion,2,7,132.66521947914663,0.11953755055512694,0.7896702084530041,0.06613281337614338,0.9955350686345428,0.44724040587666536,piedemonte,192.59095011346582,1305.7153569124669,0.6708256780067361,0.5859943532147698,10.170676367149879,1.5647194410999814,sintetico,118.9655241703304,4.563611111111111,1.9081158308939141,29.86358912095204,26.06828699331605,12.709233672165073,0.583931139109531,12.277071032929577,0.18846037515292122,6.091615945480904,12.797147278312158,16.07625462529263,8.34781290457046,14.251100920720958,6.545700046617576,5.665273302057979,5.323303692579661,45.960424435198945,18.19376099315164
S046-08,S046,aplicacion,2,8,132.66521947914663,0.11953755055512694,0.7896702084530041,0.06613281337614338,0.9955350686345428,1.3856199570356176,piedemonte,192.59095011346582,1305.7153569124669,0.6708256780067361,0.5859943532147698,10.170676367149879,1.5647194410999814,sintetico,114.60179353761953,5.477222222222222,2.5479531426717785,23.588335227131285,20.92334195838474,11.29932041789228,0.5867963394749759,5.938736180139974,0.20955184201846228,5.8703633954321885,14.241904844590893,17.401643625490248,9.159169170339588,12.51224771660927,7.6677971996756185,6.6586309067130705,6.167270230772718,61.413820095494316,19.650676817076512
S046-09,S046,aplicacion,2,9,132.66521947914663,0.11953755055512694,0.7896702084530041,0.06613281337614338,0.9955350686345428,0.9620107414728749,piedemonte,192.59095011346582,1305.7153569124669,0.6708256780067361,0.5859943532147698,10.170676367149879,1.5647194410999814,sintetico,151.92871501846466,5.6066666666666665,1.757403134539446,30.592734016000108,27.097868314827227,11.424891002774475,0.5662405774218944,14.947483154974236,0.17584977264525278,6.168542878094761,11.927475798179168,15.145843967389284,10.578152268535927,14.362500289428372,7.827003634252727,6.769681235523012,6.290488917342819,46.36665611631449,17.224163296444537
S046-10,S046,aplicacion,2,10,132.66521947914663,0.11953755055512694,0.7896702084530041,0.06613281337614338,0.9955350686345428,1.490294422635523,piedemonte,192.59095011346582,1305.7153569124669,0.6708256780067361,0.5859943532147698,10.170676367149879,1.5647194410999814,sintetico,162.19606989223752,6.0311111111111115,1.8557786276818131,30.0718326156073,26.893231927600176,10.570191599115697,0.5845557296256242,13.103352984524685,0.16843761976455315,6.200305803817734,10.737784450601227,13.452732260148013,12.103846287958257,13.40037423092537,8.046488902901567,6.913808743422804,6.371131817595261,42.733698260690325,15.285383596611208
S047-01,S047,aplicacion,1,1,114.89199804903801,0.11051173613978782,0.7653179698074888,0.18431257192165362,0.9619763798417791,1.5034338889413044,intermedio,126.77898310708453,1228.0442410397854,0.6843735944410301,0.460393856899913,8.016601716515853,1.233323341002439,sintetico,112.6352678319664,4.1722222222222225,1.722373495745725,30.128786536718334,26.99646898768835,10.399467376830893,0.5686410167321017,14.74034620505992,0.16963496732377828,3.8734719921570675,11.210233841936692,14.198959940840579,7.367597594264593,15.28792342291453,5.198603704023158,4.472252687243988,4.3524906380562625,44.41826000489588,16.21344887877931
S047-02,S047,aplicacion,1,2,114.89199804903801,0.11051173613978782,0.7653179698074888,0.18431257192165362,0.9619763798417791,1.0016978924907902,intermedio,126.77898310708453,1228.0442410397854,0.6843735944410301,0.460393856899913,8.016601716515853,1.233323341002439,sintetico,101.04596463251092,3.2219444444444445,1.4646799655805542,34.3910231505465,31.361796075268497,8.811104405552204,0.5616100482431673,21.786360893180444,0.15862348572180926,4.559247839177553,11.091298850456553,14.038066913466192,5.97281633222151,16.917641362484055,4.1935076536181795,3.6074978609192154,3.653323910155084,39.6879057352226,15.94211560893275
S047-03,S047,aplicacion,1,3,114.89199804903801,0.11051173613978782,0.7653179698074888,0.18431257192165362,0.9619763798417791,1.5489511076602733,intermedio,126.77898310708453,1228.0442410397854,0.6843735944410301,0.460393856899913,8.016601716515853,1.233323341002439,sintetico,106.06890030673486,4.431666666666667,2.2155410239987057,26.78756928323217,23.934313720963114,10.655634950482638,0.5700612123216556,9.633947599348126,0.19523044817437862,3.7486463997698083,12.819065382312722,15.963382168337304,7.369721912338137,14.39252410992034,5.769161614175629,4.988876792217306,4.788580917932414,52.33000269056986,18.045342423048062
S047-04,S047,aplicacion,1,4,114.89199804903801,0.11051173613978782,0.7653179698074888,0.18431257192165362,0.9619763798417791,1.5042367698423011,intermedio,126.77898310708453,1228.0442410397854,0.6843735944410301,0.460393856899913,8.016601716515853,1.233323341002439,sintetico,123.30117510294164,5.240833333333334,2.2384214892483647,26.234402063873482,23.527017033475904,10.3249059203901,0.5796287793985961,8.703026448295967,0.19060540855264257,3.4146830908524852,13.094436852464671,16.41784661568134,8.347973379204946,14.770192656589991,6.658827497055271,5.781653309504585,5.446100843080913,54.30003177332788,18.59805897356404
S047-05,S047,aplicacion,1,5,114.89199804903801,0.11051173613978782,0.7653179698074888,0.18431257192165362,0.9619763798417791,1.1177405923177164,intermedio,126.77898310708453,1228.0442410397854,0.6843735944410301,0.460393856899913,8.016601716515853,1.233323341002439,sintetico,120.3735408457032,4.96,2.176558055526803,27.448256989679482,24.26885904147242,11.587141577060931,0.5892761239901229,10.915098566308243,0.1933952388174825,3.2140505525302303,13.74014212308825,17.1209764483583,7.787082048337291,15.458106142775977,6.48464062141541,5.629211058226569,5.315998702265256,52.40001696050702,19.356341549720703
S047-06,S047,aplicacion,2,6,114.89199804903801,0.11051173613978782,0.7653179698074888,0.18431257192165362,0.9619763798417791,1.021853539350674,intermedio,126.77898310708453,1228.0442410397854,0.6843735944410301,0.460393856899913,8.016601716515853,1.233323341002439,sintetico,99.36830614568214,4.269722222222223,2.2643034658367975,25.770368236313058,23.27278004843248,9.69357881725327,0.5860861440419768,7.845943660139223,0.2006731262653787,3.8224960037037965,14.143104373846988,17.478790526156203,6.604255696109806,15.046102198043965,5.579961794438112,4.889433090152629,4.7184033210122145,54.245044574959856,19.64427538449648
S047-07,S047,aplicacion,2,7,114.89199804903801,0.11051173613978782,0.7653179698074888,0.18431257192165362,0.9619763798417791,1.3885459854112985,intermedio,126.77898310708453,1228.0442410397854,0.6843735944410301,0.460393856899913,8.016601716515853,1.233323341002439,sintetico,107.76770266269455,4.397777777777778,2.3290837031723006,28.364750554331906,24.505035976863336,13.61167256189995,0.5777733042511026,12.203132895401717,0.1861352803336142,3.7938042149161415,11.75359665414608,14.530524588336963,7.359885503791487,14.642578693266003,5.225376835958191,4.560654469118538,4.384372180387659,44.97265640064304,16.398521790640533
S047-08,S047,aplicacion,2,8,114.89199804903801,0.11051173613978782,0.7653179698074888,0.18431257192165362,0.9619763798417791,1.4238914674599283,intermedio,126.77898310708453,1228.0442410397854,0.6843735944410301,0.460393856899913,8.016601716515853,1.233323341002439,sintetico,123.68288739778848,5.304444444444444,2.2395984264913995,26.03915971433459,23.316840942188865,10.457687473816506,0.5741542222445983,7.928361960620026,0.18995898618900797,3.322778070613445,13.564187338883984,16.653111024129768,8.260648163629723,14.972540283502683,6.681984457222109,5.809484772112755,5.475933069580196,54.93212764997543,18.771104436948523
S047-09,S047,aplicacion,2,9,114.89199804903801,0.11051173613978782,0.7653179698074888,0.18431257192165362,0.9619763798417791,1.041753009533629,intermedio,126.77898310708453,1228.0442410397854,0.6843735944410301,0.460393856899913,8.016601716515853,1.233323341002439,sintetico,109.72116632296108,4.036111111111111,2.0779946808885406,31.233878009010027,27.184872592061932,12.966276668960772,0.5962807272143846,15.299380591878872,0.17011964702017301,3.469877884182049,11.675226943411564,14.647381383565172,7.0361846303544535,15.593844119669413,5.163575142663427,4.409608925457236,4.2696669480131755,42.33740921035811,16.704161450596423
S047-10,S047,aplicacion,2,10,114.89199804903801,0.11051173613978782,0.7653179698074888,0.18431257192165362,0.9619763798417791,1.5281767143930445,intermedio,126.77898310708453,1228.0442410397854,0.6843735944410301,0.460393856899913,8.016601716515853,1.233323341002439,sintetico,121.4546577178802,5.447777777777778,2.552392850343217,25.67143343489494,22.294348755066732,13.160310014276973,0.6004734813696531,5.9861309402406695,0.18197558117568755,3.222705153846378,12.853127329766536,15.994852791014567,8.38092685391914,14.49179307191839,6.493725989353775,5.662216654167733,5.350281890119451,54.779629794726446,18.066530083109967
S048-01,S048,aplicacion,1,1,162.9647944267045,0.06801778494060333,0.8887045430583584,0.1980308877436754,0.993468419986215,1.3374024817884609,intermedio,155.33809142938043,1495.1964618772793,0.6425628926805063,0.7007173731493544,11.561242927630186,1.7786527580969516,sintetico,187.51410363309407,8.510277777777778,2.6131367748144183,24.80238341686948,22.0338405548565,11.162972875934328,0.5894290073831033,8.685576263994516,0.21140571630445176,5.594459854537155,13.432461271676926,17.12427119187703,16.682178793048013,11.240384482105961,14.041236977211373,11.797111624976637,10.478168760703257,59.15797207203355,19.596239340625555
S048-02,S048,aplicacion,1,2,162.9647944267045,0.06801778494060333,0.8887045430583584,0.1980308877436754,0.993468419986215,0.8544699759759671,intermedio,155.33809142938043,1495.1964618772793,0.6425628926805063,0.7007173731493544,11.561242927630186,1.7786527580969516,sintetico,164.62438299736456,8.6675,3.0311427196540404,21.943909657577432,18.99329483673084,13.447424927090342,0.5789621008647436,4.659808351761049,0.20975718241963354,6.197572252800835,14.854248671179695,18.50913800855768,14.773223295439132,11.143430225426043,13.160942310486254,11.24285695639528,10.024643849501476,65.94078996076102,20.929344725844075
S048-03,S048,aplicacion,1,3,162.9647944267045,0.06801778494060333,0.8887045430583584,0.1980308877436754,0.993468419986215,1.0191709844940267,intermedio,155.33809142938043,1495.1964618772793,0.6425628926805063,0.7007173731493544,11.561242927630186,1.7786527580969516,sintetico,157.70955011656025,6.548611111111111,2.390470328026211,27.186931489810142,24.08290054802193,11.418875927889713,0.5898953242248869,11.694591728525982,0.18434258667731124,5.069770604829148,12.569801272136461,16.090362530954767,13.095750423059197,12.04280358297474,10.398195410464707,8.736947673906881,7.850898204476569,52.86325928827227,18.40871692320907
S048-04,S048,aplicacion,1,4,162.9647944267045,0.06801778494060333,0.8887045430583584,0.1980308877436754,0.993468419986215,0.524588095553252,intermedio,155.33809142938043,1495.1964618772793,0.6425628926805063,0.7007173731493544,11.561242927630186,1.7786527580969516,sintetico,180.8670870643045,8.440277777777778,2.786576641336688,24.667186651544625,21.429044378196355,13.128188250781637,0.6067465571282616,7.845976633207174,0.20409955953869083,5.625527707110807,14.274989836888302,18.20760562695081,15.265474157639954,11.84811458829043,13.632890053226888,11.481394317464558,10.243632375193908,59.133110769679774,20.778759890691806
S048-05,S048,aplicacion,1,5,162.9647944267045,0.06801778494060333,0.8887045430583584,0.1980308877436754,0.993468419986215,0.445371739751381,intermedio,155.33809142938043,1495.1964618772793,0.6425628926805063,0.7007173731493544,11.561242927630186,1.7786527580969516,sintetico,143.88410326326797,5.4302777777777775,1.9946609353701128,30.49090781087629,26.496637769081012,13.100414343444678,0.593907271140314,13.82167885825362,0.18055930770458878,5.216187879749707,13.251998350332428,17.087228492098788,10.727050112676466,13.413203234059283,9.12816862194247,7.621688017161257,7.021383887598032,51.29488537058129,19.605990623942937
S048-06,S048,aplicacion,2,6,162.9647944267045,0.06801778494060333,0.8887045430583584,0.1980308877436754,0.993468419986215,0.45705571355922836,intermedio,155.33809142938043,1495.1964618772793,0.6425628926805063,0.7007173731493544,11.561242927630186,1.7786527580969516,sintetico,165.62922117238645,7.3886111111111115,2.5780475025936367,26.012556295649198,22.416827558201106,13.823827963457273,0.5934500224056034,10.244746043084326,0.20045612484316738,5.01825985534826,13.639173091811495,17.619823834837625,13.580222479099593,12.19635550354902,11.943807964043984,9.878057663288232,8.87713411775215,57.68371848776648,20.31810792575966
S048-07,S048,aplicacion,2,7,162.9647944267045,0.06801778494060333,0.8887045430583584,0.1980308877436754,0.993468419986215,1.0220402957104024,intermedio,155.33809142938043,1495.1964618772793,0.6425628926805063,0.7007173731493544,11.561242927630186,1.7786527580969516,sintetico,144.2744288394067,6.571666666666666,2.4536572617039494,25.009943142704284,21.95400895349836,12.219967875560064,0.5895806110268621,6.682728886634543,0.19767746975374215,5.574065553449426,13.071071960022213,16.57796826758704,12.46064437362768,11.578408348187528,10.084728769151111,8.537774547206183,7.79270033314755,57.903846271489435,18.868315829342073
S048-08,S048,aplicacion,2,8,162.9647944267045,0.06801778494060333,0.8887045430583584,0.1980308877436754,0.993468419986215,1.4520332174945563,intermedio,155.33809142938043,1495.1964618772793,0.6425628926805063,0.7007173731493544,11.561242927630186,1.7786527580969516,sintetico,180.19270115762063,6.253611111111111,1.4650981882394354,32.029300462015,28.814183990025064,10.038644338826456,0.5847243487942004,13.43668102873895,0.17603808890981557,5.24745968556443,12.57668744603063,16.028410674692385,13.897103252688204,12.966205825862653,11.028968586220735,9.235362709939336,8.392545794025967,50.55892594234743,18.302354672016484
S048-09,S048,aplicacion,2,9,162.9647944267045,0.06801778494060333,0.8887045430583584,0.1980308877436754,0.993468419986215,0.4876751527400283,intermedio,155.33809142938043,1495.1964618772793,0.6425628926805063,0.7007173731493544,11.561242927630186,1.7786527580969516,sintetico,184.09427786831296,7.937222222222222,2.4063757175379914,25.760378044346005,23.193791570166116,9.963603275705186,0.5938020650473056,9.75362217400434,0.1941600779702576,5.195810196143117,13.3608747539116,16.975198227341316,14.947733134164494,12.315865972181939,12.475930160859045,10.519325447558293,9.417101798732281,54.87067935659934,19.382111278704173
S048-10,S048,aplicacion,2,10,162.9647944267045,0.06801778494060333,0.8887045430583584,0.1980308877436754,0.993468419986215,1.0055356227295795,intermedio,155.33809142938043,1495.1964618772793,0.6425628926805063,0.7007173731493544,11.561242927630186,1.7786527580969516,sintetico,171.0093345121801,7.513888888888889,2.4092252108650563,25.671454239205264,22.759098123617314,11.345656192236598,0.5694537088517349,8.724584103512015,0.19671759149596307,5.117150348264557,12.875587843201835,16.534902339579414,14.631069189390791,11.68809553823869,11.900995502769995,10.01748112356185,9.020880239871211,55.44239056489305,18.992890111404172
S049-01,S049,aplicacion,1,1,222.2206121787355,0.10653548556024287,0.627497874671656,0.29095777168370796,1.003576159312026,1.24870750258034,plano,17.397519280663925,1337.5182862600145,0.6447427342100999,0.5553484822397776,9.6959965195827,1.4916917722434924,sintetico,231.15566738147336,8.369444444444444,1.890500912005866,31.312477520067134,27.618997762140864,11.7955526053767,0.5959527378334455,13.544639893793562,0.18589938229526587,6.187591952431778,13.508160658041882,17.090265782436727,15.95199085937223,14.490709618584258,13.302512582457569,11.387852141306166,10.150456198448467,50.58257672377621,19.408129954248025
S049-02,S049,aplicacion,1,2,222.2206121787355,0.10653548556024287,0.627497874671656,0.29095777168370796,1.003576159312026,1.120329832766134,plano,17.397519280663925,1337.5182862600145,0.6447427342100999,0.5553484822397776,9.6959965195827,1.4916917722434924,sintetico,201.12381684090235,6.8052777777777775,1.591059701562515,32.64555393062124,29.55409366207798,9.469774276501083,0.5992313330982981,15.465937385199396,0.18272301336211125,1.032336035271353,13.101501512457059,16.812757782660498,13.292776836182272,15.130308687155072,10.978975897214777,9.334195025087189,8.467266407710682,50.255054132345755,19.20054494663535
S049-03,S049,aplicacion,1,3,222.2206121787355,0.10653548556024287,0.627497874671656,0.29095777168370796,1.003576159312026,0.9019989757226303,plano,17.397519280663925,1337.5182862600145,0.6447427342100999,0.5553484822397776,9.6959965195827,1.4916917722434924,sintetico,223.06349433001418,7.765833333333333,1.7528641393088282,32.10059880028986,28.723703529994314,10.51972672318203,0.6107406552246643,14.676109739957793,0.18993795457637372,1.948596366332914,13.213102273285225,16.918535217160013,15.163751036996883,14.710311042813782,12.686175727050594,10.724826669899558,9.618898113836226,48.68566132542097,19.27867861052101
S049-04,S049,aplicacion,1,4,222.2206121787355,0.10653548556024287,0.627497874671656,0.29095777168370796,1.003576159312026,1.4045389207867416,plano,17.397519280663925,1337.5182862600145,0.6447427342100999,0.5553484822397776,9.6959965195827,1.4916917722434924,sintetico,231.06157282715594,6.881944444444445,1.3676008352820384,37.513378830060496,33.575041863885424,10.498486377396569,0.5829095372331934,22.280524722502523,0.15817776185311988,2.3379180654492506,10.754985047583226,13.952345553149408,14.74979035538912,15.66541403368036,10.241726972177553,8.713457349023697,7.8928622000664825,41.574524068864505,15.925795697421568
S049-05,S049,aplicacion,1,5,222.2206121787355,0.10653548556024287,0.627497874671656,0.29095777168370796,1.003576159312026,0.9413027142480515,plano,17.397519280663925,1337.5182862600145,0.6447427342100999,0.5553484822397776,9.6959965195827,1.4916917722434924,sintetico,231.2043756334488,9.223611111111111,2.1193370525860877,28.571184686269927,25.06657889716656,12.26622496611956,0.6296992273138885,9.384128896250566,0.20878844628924775,3.3074190475598426,15.468161959318637,19.528844693327674,16.210064871457238,14.263013594754613,15.332985400084441,13.120596027439703,11.62405616107716,59.4540142213906,22.129586013016574
S049-06,S049,aplicacion,2,6,222.2206121787355,0.10653548556024287,0.627497874671656,0.29095777168370796,1.003576159312026,0.8381661594696734,plano,17.397519280663925,1337.5182862600145,0.6447427342100999,0.5553484822397776,9.6959965195827,1.4916917722434924,sintetico,218.848507459233,7.431111111111111,1.5124617656424206,32.508959226459204,29.4503075229231,9.408642344497608,0.5942090578501557,15.131578947368421,0.17965366185456472,1.6776442240547422,13.140359222037697,16.798164091695245,14.191536339869316,15.42105817284954,11.712481341135508,9.989849925253676,9.01010391431264,49.30150753876216,19.145821794787963
S049-07,S049,aplicacion,2,7,222.2206121787355,0.10653548556024287,0.627497874671656,0.29095777168370796,1.003576159312026,1.454388263151973,plano,17.397519280663925,1337.5182862600145,0.6447427342100999,0.5553484822397776,9.6959965195827,1.4916917722434924,sintetico,222.56455729321954,8.755277777777778,2.183636091526088,28.96195215093405,25.420616334769196,12.227545290142453,0.6144856612412476,10.90453377327961,0.20267933420164316,1.9449849208199497,13.538099261882186,17.15267262980841,16.504084121137947,13.485423102525596,13.897579485372884,11.792186739385523,10.42365881109886,54.55537369778199,19.52187959111677
S049-08,S049,aplicacion,2,8,222.2206121787355,0.10653548556024287,0.627497874671656,0.29095777168370796,1.003576159312026,1.1445064029699017,plano,17.397519280663925,1337.5182862600145,0.6447427342100999,0.5553484822397776,9.6959965195827,1.4916917722434924,sintetico,209.574977711206,6.348888888888889,1.3551236082742262,36.90783288133947,33.009709474988696,10.561778088904445,0.6086848659695546,20.7910395519776,0.15867099156980044,1.5929941703934463,11.125828481204543,14.269949691127772,13.406365367340351,15.632497844774385,9.52263428457813,8.08538029268485,7.401980795217458,41.086655632359566,16.29118163238921
S049-09,S049,aplicacion,2,9,222.2206121787355,0.10653548556024287,0.627497874671656,0.29095777168370796,1.003576159312026,1.542622133418472,plano,17.397519280663925,1337.5182862600145,0.6447427342100999,0.5553484822397776,9.6959965195827,1.4916917722434924,sintetico,256.28381281281264,11.204166666666667,2.419192976705253,26.031875349193765,22.873973624051704,12.130903681666046,0.6142760002349763,8.474029998760383,0.20945689625351563,2.6829498767745075,14.375118354773505,18.060892660527703,19.73239495262411,12.987972997100933,17.128908242712928,14.785717086198305,13.010104079832024,61.25017463289158,20.391370041183276
S049-10,S049,aplicacion,2,10,222.2206121787355,0.10653548556024287,0.627497874671656,0.29095777168370796,1.003576159312026,0.4573129217835565,plano,17.397519280663925,1337.5182862600145,0.6447427342100999,0.5553484822397776,9.6959965195827,1.4916917722434924,sintetico,237.31927171837086,8.930555555555555,2.031019210997724,29.873400405123775,26.573853131761588,11.045101088646968,0.5971859355372916,12.255054432348366,0.20212834258442677,5.471362238017531,14.888193920638608,19.026794929912207,15.868787157219472,14.955098292461683,14.923815700027204,12.604968092669022,11.201660474493924,53.95816911024689,21.721354988072893
S050-01,S050,aplicacion,1,1,159.33845035377402,0.10320366706464568,0.6954019674137539,0.30939925077390806,1.0511455708268778,1.2593862127681192,intermedio,108.31089366297596,1257.0969166409059,0.6524585654468814,0.4739056056470071,7.74286975272975,1.1912107311891924,sintetico,164.01911615667552,5.160555555555556,1.5668905309458356,36.03275878220735,31.783228451072873,11.793519216277318,0.5999896771876194,19.819140919366994,0.16642186994884048,5.343462926427674,11.218576195365609,14.300101360557095,10.177642770517696,16.115629115201546,7.258233102098772,6.205980206447639,5.7997177045704005,38.80818897771071,16.27492546510022
S050-02,S050,aplicacion,1,2,159.33845035377402,0.10320366706464568,0.6954019674137539,0.30939925077390806,1.0511455708268778,1.0893961200475775,intermedio,108.31089366297596,1257.0969166409059,0.6524585654468814,0.4739056056470071,7.74286975272975,1.1912107311891924,sintetico,148.89026650669715,4.76,1.5917763166159666,34.79196153603205,31.279467753507806,10.095704948646125,0.6475472284200259,18.67997198879552,0.20491596536582338,5.178973976849868,15.367791874597563,19.71555062024243,8.922911191611389,16.686288063325335,8.66832990425419,7.374076464563209,6.777705531539854,51.72107111737559,22.527936131131558
S050-03,S050,aplicacion,1,3,159.33845035377402,0.10320366706464568,0.6954019674137539,0.30939925077390806,1.0511455708268778,0.5264976403966068,intermedio,108.31089366297596,1257.0969166409059,0.6524585654468814,0.4739056056470071,7.74286975272975,1.1912107311891924,sintetico,145.35295763338843,6.352222222222222,2.5180086181880874,26.09308105516098,22.882221771917017,12.305404932656987,0.6268692811651769,7.796921462305405,0.2239207402347579,5.417347932011211,17.392393427275557,21.971519852804267,9.32479074286197,15.58779833688543,9.876369870452827,8.541965899891014,7.768553963145013,61.287200313881996,24.818272093308547
S050-04,S050,aplicacion,1,4,159.33845035377402,0.10320366706464568,0.6954019674137539,0.30939925077390806,1.0511455708268778,1.3053527084319323,intermedio,108.31089366297596,1257.0969166409059,0.6524585654468814,0.4739056056470071,7.74286975272975,1.1912107311891924,sintetico,146.5490032596453,4.129166666666666,1.2896710028463516,39.67336529814432,35.49118141505033,10.541540531449714,0.6146615640616918,20.450723175243862,0.17271763112944855,5.5424358889635785,11.216317099832834,14.482813382016785,9.128263759696134,16.054422518628417,6.645408916290374,5.636187452117142,5.322463134256631,36.93002448462354,16.538427640317213
S050-05,S050,aplicacion,1,5,159.33845035377402,0.10320366706464568,0.6954019674137539,0.30939925077390806,1.0511455708268778,0.4216134205561186,intermedio,108.31089366297596,1257.0969166409059,0.6524585654468814,0.4739056056470071,7.74286975272975,1.1912107311891924,sintetico,145.22926558416833,4.3966666666666665,1.370247237700645,36.625243860105506,33.031675265542454,9.811726055092242,0.6045554299741936,19.155926206722267,0.18323835149045695,5.5701987731309135,13.804327807945686,17.992914195833716,8.066014375998906,18.0050839007069,7.412602676186,6.141590335698925,5.748396854516745,46.068652495547475,20.80114358556194
S050-06,S050,aplicacion,2,6,159.33845035377402,0.10320366706464568,0.6954019674137539,0.30939925077390806,1.0511455708268778,0.5558519354099907,intermedio,108.31089366297596,1257.0969166409059,0.6524585654468814,0.4739056056470071,7.74286975272975,1.1912107311891924,sintetico,179.94580171142377,6.662222222222222,1.939472867278592,30.878730452410768,27.009876841274416,12.529186124082722,0.6317916727554559,12.69596397598399,0.21003572436702164,5.201829367832709,16.728224982390547,21.366963908642283,10.772782389238447,16.703744233354424,11.289346138758079,9.629669406232313,8.711492242733232,56.272734634150964,24.326775528298114
S050-07,S050,aplicacion,2,7,159.33845035377402,0.10320366706464568,0.6954019674137539,0.30939925077390806,1.0511455708268778,1.1659901616710235,intermedio,108.31089366297596,1257.0969166409059,0.6524585654468814,0.4739056056470071,7.74286975272975,1.1912107311891924,sintetico,140.40313071076218,4.589166666666666,1.5099378406079216,34.5607706364953,30.59447191808873,11.476302887234429,0.6163440928973528,17.498940742085832,0.18307759406889576,6.508303918826099,13.383401304797042,17.09280005562548,8.591460725521241,16.34217220986527,7.263682968150573,6.2051281991271505,5.837343470275825,45.74983690072476,19.480340802851707
S050-08,S050,aplicacion,2,8,159.33845035377402,0.10320366706464568,0.6954019674137539,0.30939925077390806,1.0511455708268778,0.7574477011511818,intermedio,108.31089366297596,1257.0969166409059,0.6524585654468814,0.4739056056470071,7.74286975272975,1.1912107311891924,sintetico,138.2746313683067,4.193888888888889,1.5331807281070904,36.85412548500067,32.970504234064386,10.537819578752153,0.6374008341488127,19.817194330374885,0.18062003549661293,5.3444833175412825,12.843001243356253,16.39938701724455,8.478073171004215,16.309676571466564,6.895501294577039,5.873490511784767,5.560231970579194,40.06532229643408,18.690158442771462
S050-09,S050,aplicacion,2,9,159.33845035377402,0.10320366706464568,0.6954019674137539,0.30939925077390806,1.0511455708268778,0.699677012350461,intermedio,108.31089366297596,1257.0969166409059,0.6524585654468814,0.4739056056470071,7.74286975272975,1.1912107311891924,sintetico,186.6679139717635,6.211944444444445,1.7035600453975317,33.989403181343825,30.049836350147505,11.59057371551223,0.6204805342418723,18.199704869650763,0.19142203967135893,5.921708214065235,14.220773784258357,18.328182355577884,11.402833283086192,16.370309846470157,10.45827665527989,8.819571431937874,7.949688361835758,46.76577000628445,21.017272082164023
S050-10,S050,aplicacion,2,10,159.33845035377402,0.10320366706464568,0.6954019674137539,0.30939925077390806,1.0511455708268778,1.1316679991262937,intermedio,108.31089366297596,1257.0969166409059,0.6524585654468814,0.4739056056470071,7.74286975272975,1.1912107311891924,sintetico,168.2817378010883,5.832777777777777,1.6341642509364527,32.31698794857132,28.851045627389176,10.724830936279647,0.6085127284556655,12.30593389846652,0.19694836071830985,5.3060754289480085,14.532674844565909,18.507553475261094,10.468716121868445,16.074725481337584,9.643462836509377,8.144166329246552,7.424683322419566,50.974126302899926,21.148972311039625
S051-01,S051,aplicacion,1,1,147.4040040180542,0.061736983324221645,0.8443529035345944,0.18799160857123964,0.9474487302063573,1.1947070926693368,intermedio,144.42536976959354,1322.1320198506016,0.6866025975379675,0.48977627019532743,8.643067028068936,1.3297026197029131,sintetico,151.10205579127145,6.756388888888889,2.567800934065208,25.624368962050887,22.364321870187773,12.728693006619249,0.5689563215169626,9.509517740410312,0.1832234694033274,5.792045161816224,13.292543751065299,16.44866321051607,10.88710221848987,13.878996702598293,8.676872887338089,7.538358579935759,6.883846972516959,51.973024042263916,18.51905824000157
S051-02,S051,aplicacion,1,2,147.4040040180542,0.061736983324221645,0.8443529035345944,0.18799160857123964,0.9474487302063573,0.852956500043477,intermedio,144.42536976959354,1322.1320198506016,0.6866025975379675,0.48977627019532743,8.643067028068936,1.3297026197029131,sintetico,140.21426187558987,4.658055555555555,1.6688744559210738,34.35269424030477,30.101457615369046,12.379986880553401,0.589564656543873,18.701174786808995,0.1603886920174439,5.4503219386960255,12.502374874792883,15.735608831358467,8.706543005188639,16.104470142975185,6.73430351137295,5.79449500165197,5.461157197402719,42.096705103618554,17.854131687262036
S051-03,S051,aplicacion,1,3,147.4040040180542,0.061736983324221645,0.8443529035345944,0.18799160857123964,0.9474487302063573,0.6836427969026679,intermedio,144.42536976959354,1322.1320198506016,0.6866025975379675,0.48977627019532743,8.643067028068936,1.3297026197029131,sintetico,151.89483483261623,6.831944444444445,2.429312362113086,25.326412842283055,22.233031323334757,12.21793047367351,0.5720237308256454,7.082740394389103,0.1882281196858357,7.125195240638038,14.360138423728928,17.66199284511564,10.380189389014435,14.633146770266986,8.876223586720222,7.719772717412791,7.0676190128146805,54.1643971122262,19.909535659878568
S051-04,S051,aplicacion,1,4,147.4040040180542,0.061736983324221645,0.8443529035345944,0.18799160857123964,0.9474487302063573,0.49221353499915643,intermedio,144.42536976959354,1322.1320198506016,0.6866025975379675,0.48977627019532743,8.643067028068936,1.3297026197029131,sintetico,140.93255216516286,6.375,2.3273544327474287,24.907114367827354,22.107067006300056,11.246187363834423,0.5857398364408509,5.816993464052287,0.19543572282773056,5.363689132510886,15.613906973128177,19.31319558461855,9.285352613489536,15.177942942136571,8.625963957103279,7.493120532090531,6.859338811077139,58.24963182623452,21.728355755526913
S051-05,S051,aplicacion,1,5,147.4040040180542,0.061736983324221645,0.8443529035345944,0.18799160857123964,0.9474487302063573,1.5463522696107481,intermedio,144.42536976959354,1322.1320198506016,0.6866025975379675,0.48977627019532743,8.643067028068936,1.3297026197029131,sintetico,165.53993516430782,9.239722222222222,3.376828675480395,20.84060700125787,17.91611600251054,14.039623605808254,0.581001991678456,2.6365631482427925,0.21906982941057287,5.364912120597868,14.84106217141113,18.215896451522365,13.620449009729828,12.153779588767861,11.864580251846347,10.31165412419814,9.234980310349531,67.26482301907224,20.509913632879794
S051-06,S051,aplicacion,2,6,147.4040040180542,0.061736983324221645,0.8443529035345944,0.18799160857123964,0.9474487302063573,0.5853628539468486,intermedio,144.42536976959354,1322.1320198506016,0.6866025975379675,0.48977627019532743,8.643067028068936,1.3297026197029131,sintetico,172.09171758782693,6.413888888888889,1.8129867280845224,30.300743850024002,26.831103651631743,11.455175400606322,0.564790035621836,13.200519705500216,0.170504772105616,5.714981412245293,13.089256325538104,16.181388816101855,10.749918374648445,16.00865342323633,8.432745924217473,7.36616948154006,6.765995183142395,44.947166284666004,18.20320593181664
S051-07,S051,aplicacion,2,7,147.4040040180542,0.061736983324221645,0.8443529035345944,0.18799160857123964,0.9474487302063573,0.5786401354838884,intermedio,144.42536976959354,1322.1320198506016,0.6866025975379675,0.48977627019532743,8.643067028068936,1.3297026197029131,sintetico,137.6851664832436,7.368611111111111,3.348218343158296,21.415518395660772,18.68536205902201,12.756813812342141,0.5893622522592641,3.7848230105175857,0.2171021650382285,5.310126979271965,16.300450879198014,20.24176181115678,10.158535423545878,13.553643388801024,9.915129642699021,8.556025665053049,7.777663556415286,65.80096614375769,22.86234726418787
S051-08,S051,aplicacion,2,8,147.4040040180542,0.061736983324221645,0.8443529035345944,0.18799160857123964,0.9474487302063573,1.2895406936436502,intermedio,144.42536976959354,1322.1320198506016,0.6866025975379675,0.48977627019532743,8.643067028068936,1.3297026197029131,sintetico,145.20695641880022,8.473333333333333,3.6568495965751846,19.822546646834624,17.136934274445345,13.555599265670077,0.5752961015700137,2.553763440860215,0.2130051416777589,5.704777615975683,14.149269486673218,17.427295089475734,12.040190507246116,12.06018761342777,10.132535123468024,8.765035453535749,7.93020606801248,65.74638826081825,19.71548378910889
S051-09,S051,aplicacion,2,9,147.4040040180542,0.061736983324221645,0.8443529035345944,0.18799160857123964,0.9474487302063573,0.8270291696007934,intermedio,144.42536976959354,1322.1320198506016,0.6866025975379675,0.48977627019532743,8.643067028068936,1.3297026197029131,sintetico,148.3799602510502,6.8886111111111115,2.547513824376595,24.31096533271361,21.539895032210197,11.40368563248518,0.5772800108483611,5.935723214645751,0.19144184391944255,5.869539110717183,14.428706877030463,17.80191330523673,10.418831585141723,14.241516338804688,8.968948914358817,7.793370520461736,7.136838251068688,55.86542989969799,20.05390305360037
S051-10,S051,aplicacion,2,10,147.4040040180542,0.061736983324221645,0.8443529035345944,0.18799160857123964,0.9474487302063573,1.4782202943067073,intermedio,144.42536976959354,1322.1320198506016,0.6866025975379675,0.48977627019532743,8.643067028068936,1.3297026197029131,sintetico,146.5326609417467,7.933333333333334,3.3030178861790525,21.16157056080448,18.470503480052106,12.724089635854341,0.5836657745045537,5.259103641456583,0.20622731335315225,5.852267121341653,13.918179715268588,17.132824277294606,11.908427765712231,12.304954425944974,9.86496852116135,8.53264599068864,7.744287207841254,62.053188155672274,19.379995093567597
S052-01,S052,aplicacion,1,1,209.00453929686086,0.10087395512966305,0.5669123476184829,0.060900411191093726,1.0050491809597213,0.9036254860594316,piedemonte,176.2118651242547,1245.57322794658,0.6909899752794976,0.45329109952577773,7.960742213573529,1.2247295713190045,sintetico,228.36369697934774,6.743333333333333,1.1122608512638097,36.885737128753235,33.865105829858784,8.189158016147635,0.5661316780582285,19.146482122260668,0.16577287649600736,8.962299964197495,13.129462770463112,16.706409974602874,13.27347642264058,17.20451294807949,11.041111868835872,9.424564098264891,8.524221370003785,42.40444524398982,19.120306171872095
S052-02,S052,aplicacion,1,2,209.00453929686086,0.10087395512966305,0.5669123476184829,0.060900411191093726,1.0050491809597213,0.6804598566642168,piedemonte,176.2118651242547,1245.57322794658,0.6909899752794976,0.45329109952577773,7.960742213573529,1.2247295713190045,sintetico,190.86828156790904,7.084722222222222,1.7498978733203825,29.802472833295997,26.940827823739365,9.602038815918448,0.6034119768349705,12.338757106449716,0.20936033943022583,9.44160602918148,16.469189311935235,20.915962891103963,11.65470012058722,16.37693630836142,11.96707215064891,10.24885551272414,9.220144217442312,55.78277488491285,23.78983985071767
S052-03,S052,aplicacion,1,3,209.00453929686086,0.10087395512966305,0.5669123476184829,0.060900411191093726,1.0050491809597213,0.5761868880611223,piedemonte,176.2118651242547,1245.57322794658,0.6909899752794976,0.45329109952577773,7.960742213573529,1.2247295713190045,sintetico,220.15091282552652,6.700277777777778,1.3944979653266436,36.01978303739925,32.856982968031815,8.780730483810787,0.5840281300177684,20.770283155756395,0.1698227986280647,8.893060261630982,12.965083344779021,16.4057429970739,12.774405539126482,17.233750106901688,10.400549945372434,8.952218018377074,7.985849858373753,40.71452872366436,18.6605017967491
S052-04,S052,aplicacion,1,4,209.00453929686086,0.10087395512966305,0.5669123476184829,0.060900411191093726,1.0050491809597213,1.0457799725015984,piedemonte,176.2118651242547,1245.57322794658,0.6909899752794976,0.45329109952577773,7.960742213573529,1.2247295713190045,sintetico,198.83698432579308,6.546666666666667,1.5288906187688807,33.74248814805577,30.372248114937843,9.988119484046164,0.5900497615901009,16.670909708078753,0.17734446920419297,8.903708682577868,14.007235942680017,17.693935025968976,12.099457161600508,16.4335458748375,10.574209593379269,9.045754137652299,8.139258577306025,46.6573077665206,20.12470904228528
S052-05,S052,aplicacion,1,5,209.00453929686086,0.10087395512966305,0.5669123476184829,0.060900411191093726,1.0050491809597213,1.0134625430475674,piedemonte,176.2118651242547,1245.57322794658,0.6909899752794976,0.45329109952577773,7.960742213573529,1.2247295713190045,sintetico,196.9287029133144,6.711388888888889,1.492926097875205,32.36149771707362,29.34246639162004,9.329084061090187,0.6044015284939799,13.15756798145772,0.19650036160806958,9.030004233588643,15.658055537544696,19.71268240262989,12.178492731085631,16.170203264206368,11.779647581462592,10.09726314559043,9.081450677041229,51.42427864135437,22.447777287924662
S052-06,S052,aplicacion,2,6,209.00453929686086,0.10087395512966305,0.5669123476184829,0.060900411191093726,1.0050491809597213,0.9151128947905063,piedemonte,176.2118651242547,1245.57322794658,0.6909899752794976,0.45329109952577773,7.960742213573529,1.2247295713190045,sintetico,198.74848485829855,5.43,0.900635796683539,39.34747830454657,36.60193091313049,6.977695927972172,0.540194449750344,19.848577859627582,0.15416552056186417,9.169122068573115,12.432721617354314,15.677572352178228,11.17021393616343,17.792719637611665,8.658495639627372,7.504942189778957,6.840394980813047,38.13264088088569,17.771809337347015
S052-07,S052,aplicacion,2,7,209.00453929686086,0.10087395512966305,0.5669123476184829,0.060900411191093726,1.0050491809597213,1.562715918406694,piedemonte,176.2118651242547,1245.57322794658,0.6909899752794976,0.45329109952577773,7.960742213573529,1.2247295713190045,sintetico,238.3014357698285,8.849166666666667,1.8422045951247352,29.714425159204126,26.92925161727038,9.373136202404494,0.6022640470646,12.110368207929184,0.18841405954402815,9.24999361945342,14.950954243710527,18.619414697804054,15.570653795967061,15.304523425442206,14.08880012740558,12.191688008641446,10.811488296168793,53.53957329967527,21.06780263047431
S052-08,S052,aplicacion,2,8,209.00453929686086,0.10087395512966305,0.5669123476184829,0.060900411191093726,1.0050491809597213,0.816841068069873,piedemonte,176.2118651242547,1245.57322794658,0.6909899752794976,0.45329109952577773,7.960742213573529,1.2247295713190045,sintetico,239.6005600352757,7.026944444444444,1.3105144660503745,36.78459704580121,34.0974034915995,7.305214057002807,0.5697716031098797,22.152824445586432,0.15783890041552617,9.012970232509165,11.329336786604298,14.425693210147383,13.968262505750902,17.153211427450568,10.220068371473339,8.641485313476183,7.81394841357611,37.71724169453234,16.50297560186059
S052-09,S052,aplicacion,2,9,209.00453929686086,0.10087395512966305,0.5669123476184829,0.060900411191093726,1.0050491809597213,0.4035904429672808,piedemonte,176.2118651242547,1245.57322794658,0.6909899752794976,0.45329109952577773,7.960742213573529,1.2247295713190045,sintetico,201.16462505701148,6.925,1.7100422099686163,32.2035152172377,29.049043329532346,9.795427196149218,0.605957112588559,16.25350982751705,0.18099217904718976,8.917136954008997,14.881043051336228,18.864448458503794,11.496344883204788,17.498137634240287,10.632416932871141,9.14297768535293,8.160248417968955,48.547185976933434,21.50410099582981
S052-10,S052,aplicacion,2,10,209.00453929686086,0.10087395512966305,0.5669123476184829,0.060900411191093726,1.0050491809597213,1.5676458148726597,piedemonte,176.2118651242547,1245.57322794658,0.6909899752794976,0.45329109952577773,7.960742213573529,1.2247295713190045,sintetico,179.65745242380393,7.1369444444444445,2.037210230147438,28.049563219953775,25.17288089073655,10.255711672439965,0.6004016559992614,9.088078464951543,0.20515434342941236,9.07106018748389,14.963799122395859,18.69589514258255,12.173287619331042,14.758334645647404,11.098098159915036,9.529681532148578,8.550782562007997,56.3712858984146,21.240195868821214
S053-01,S053,aplicacion,1,1,127.87604939004004,0.10252009560290079,0.7080029214756792,0.2407461280433083,1.0142885433894058,1.317055251863572,piedemonte,176.7422343432189,1406.67214173132,0.6380739645733485,0.6703300609435334,11.198044919604907,1.722776141477678,sintetico,126.46419106567843,3.591388888888889,1.2889024049135531,38.697075039221616,35.213170998255265,9.003016474592004,0.5865284161620723,22.089875473741202,0.1703299347750662,5.621939821699371,11.262554031471666,14.685777280477494,8.970377877920546,14.097978121630092,6.632777887926344,5.550285257630695,5.27147281173815,41.21819370030367,16.866612265456016
S053-02,S053,aplicacion,1,2,127.87604939004004,0.10252009560290079,0.7080029214756792,0.2407461280433083,1.0142885433894058,0.46736345976416016,piedemonte,176.7422343432189,1406.67214173132,0.6380739645733485,0.6703300609435334,11.198044919604907,1.722776141477678,sintetico,146.36767623511994,4.851388888888889,1.694363170742845,34.047792352444546,30.17026249335424,11.388491268250787,0.6008844644246547,17.681076438591468,0.18905900784656166,6.983965036122761,12.19557073888908,16.051352541276977,10.529539541103222,13.900672072483086,8.591005231896885,7.096612180644339,6.575402034778092,45.60068176802458,18.561876422372677
S053-03,S053,aplicacion,1,3,127.87604939004004,0.10252009560290079,0.7080029214756792,0.2407461280433083,1.0142885433894058,1.2315662857757599,piedemonte,176.7422343432189,1406.67214173132,0.6380739645733485,0.6703300609435334,11.198044919604907,1.722776141477678,sintetico,117.22418951384238,4.184722222222222,1.6208258789246217,30.80118839864481,28.01241833719433,9.0540989047461,0.606961903436597,12.791237968801857,0.1891652156611357,7.693616927057637,13.381834490156512,17.02468228380353,8.907254998590316,13.160529201464938,7.376639044218952,6.321110945965605,5.907597725070733,51.31241978285346,19.296080715963345
S053-04,S053,aplicacion,1,4,127.87604939004004,0.10252009560290079,0.7080029214756792,0.2407461280433083,1.0142885433894058,0.8625613282969171,piedemonte,176.7422343432189,1406.67214173132,0.6380739645733485,0.6703300609435334,11.198044919604907,1.722776141477678,sintetico,146.7590316424577,4.0680555555555555,1.2605697784290852,40.48214802795554,36.075965443007696,10.884260839877092,0.6091530197315929,24.260839877091158,0.1673746090399148,5.530745569107282,10.709835856416083,14.240642372678941,10.054518580092655,14.596326067071155,7.4633235853773465,6.026565168019426,5.69406615178684,40.46205629871559,16.615039888946104
S053-05,S053,aplicacion,1,5,127.87604939004004,0.10252009560290079,0.7080029214756792,0.2407461280433083,1.0142885433894058,0.8218536171138224,piedemonte,176.7422343432189,1406.67214173132,0.6380739645733485,0.6703300609435334,11.198044919604907,1.722776141477678,sintetico,114.12321558985612,3.0019444444444443,1.147882131807404,41.786368604910706,38.01643158355529,9.021930230406218,0.5709221222950898,27.297122235588045,0.13557633880086642,5.862521068574597,9.678779806813893,12.536430449838232,7.396101403789251,15.430185358381816,4.813050401315928,3.9717417666555863,3.892251952751909,35.14258776816567,14.382087311805236
S053-06,S053,aplicacion,2,6,127.87604939004004,0.10252009560290079,0.7080029214756792,0.2407461280433083,1.0142885433894058,0.5698617898178736,piedemonte,176.7422343432189,1406.67214173132,0.6380739645733485,0.6703300609435334,11.198044919604907,1.722776141477678,sintetico,141.29366580970137,5.3180555555555555,1.8472165649061918,30.342233173164217,26.56867051005092,12.436667537215982,0.6016932461037274,10.806999216505615,0.18052793748674556,5.387078396013133,14.019630726819337,17.726052214418203,10.048606082391446,14.061021464190501,8.62460652858581,7.393898119437319,6.835575664846873,53.4731336245049,20.117233723183507
S053-07,S053,aplicacion,2,7,127.87604939004004,0.10252009560290079,0.7080029214756792,0.2407461280433083,1.0142885433894058,1.4681746027910685,piedemonte,176.7422343432189,1406.67214173132,0.6380739645733485,0.6703300609435334,11.198044919604907,1.722776141477678,sintetico,148.53017591466164,5.682777777777778,2.080385336495775,29.707685609910655,26.136896729532793,12.019747775931176,0.5867691610716822,13.139114282921108,0.18188031387906672,5.762031632381561,11.255854168118557,14.39487276890566,11.844392205471515,12.540126444482997,8.610775405981784,7.158451295535102,6.614505475060409,48.829356100166734,16.473832111837982
S053-08,S053,aplicacion,2,8,127.87604939004004,0.10252009560290079,0.7080029214756792,0.2407461280433083,1.0142885433894058,0.8461988005393949,piedemonte,176.7422343432189,1406.67214173132,0.6380739645733485,0.6703300609435334,11.198044919604907,1.722776141477678,sintetico,134.32808828385237,5.676388888888889,2.397115927977572,27.21028121887624,23.66435614494096,13.031563494005383,0.6228630374779554,9.752874969415219,0.1948357335665652,5.419603290593143,13.786926032308966,17.506637698125427,10.375176178472657,12.94706576285117,8.924679031732262,7.536948169746585,6.897222821574765,57.51474589901411,19.989312961285773
S053-09,S053,aplicacion,2,9,127.87604939004004,0.10252009560290079,0.7080029214756792,0.2407461280433083,1.0142885433894058,0.846087900085842,piedemonte,176.7422343432189,1406.67214173132,0.6380739645733485,0.6703300609435334,11.198044919604907,1.722776141477678,sintetico,121.74989684437577,5.145,2.50513559276243,26.758219086675997,23.663731165087615,11.564625850340136,0.6118490783951162,10.44703595724004,0.21190090800895175,6.099512555292154,14.03011566431117,17.84584492207115,9.762737396828404,12.47087695751484,8.475562607069243,7.237525979900178,6.677302835049915,56.696243665534816,20.263050894363758
S053-10,S053,aplicacion,2,10,127.87604939004004,0.10252009560290079,0.7080029214756792,0.2407461280433083,1.0142885433894058,0.9709951500708495,piedemonte,176.7422343432189,1406.67214173132,0.6380739645733485,0.6703300609435334,11.198044919604907,1.722776141477678,sintetico,145.8551443545565,5.647777777777778,1.8442955933463205,28.85205339174699,25.82522721209932,10.490851859138305,0.5921070305500197,9.905567578201849,0.19051426432572566,5.6027385366388,13.017096695449185,16.695062084957932,11.042075726329509,13.209033153682253,9.053270867347372,7.690090505822808,7.075344988704184,53.34139154896258,19.058058061847802
S054-01,S054,aplicacion,1,1,188.92376328269071,0.12686709157628703,0.7557603769188685,0.3095627837795541,1.0095151447144854,0.7657759585434819,plano,36.077946569529956,1393.7321531598234,0.6603779145616677,0.6967591650267912,10.844455270509776,1.668377733924581,sintetico,212.63600162758357,8.515555555555556,2.2667845346536746,28.122322037446764,24.97030290511811,11.208246346555324,0.6000322374972842,12.186847599164926,0.19077997173299918,2.5101958423160617,13.028771191368968,16.663954930237967,16.07164659411449,13.230505062589655,13.068816144848043,11.138976389872163,9.946160379427608,53.362296654927796,18.993640170030083
S054-02,S054,aplicacion,1,2,188.92376328269071,0.12686709157628703,0.7557603769188685,0.3095627837795541,1.0095151447144854,0.4770923928025429,plano,36.077946569529956,1393.7321531598234,0.6603779145616677,0.6967591650267912,10.844455270509776,1.668377733924581,sintetico,182.45603379667864,5.786388888888889,1.3811546527467446,34.8198537779921,31.531934216698335,9.442657577648697,0.5831001827117821,17.944409773894677,0.15254269118744215,3.377555400810861,10.946075669239624,14.118640365398617,12.087134120863446,15.095061573093956,8.54285405086062,7.196274132521261,6.619198560796143,41.256248878351585,16.153332500649025
S054-03,S054,aplicacion,1,3,188.92376328269071,0.12686709157628703,0.7557603769188685,0.3095627837795541,1.0095151447144854,1.1185923592353058,plano,36.077946569529956,1393.7321531598234,0.6603779145616677,0.6967591650267912,10.844455270509776,1.668377733924581,sintetico,176.8441747995829,6.51,1.9791435052732396,31.180283537981115,27.16500380945974,12.877624167946749,0.6083203848705018,12.275985663082437,0.17665857270857216,2.7914838271978453,12.099684210345643,15.486166142063755,13.192550363906383,13.404851216896809,9.977385424262831,8.508496545867928,7.730345702814151,48.85207434595915,17.643113498742682
S054-04,S054,aplicacion,1,4,188.92376328269071,0.12686709157628703,0.7557603769188685,0.3095627837795541,1.0095151447144854,1.4695687825567822,plano,36.077946569529956,1393.7321531598234,0.6603779145616677,0.6967591650267912,10.844455270509776,1.668377733924581,sintetico,208.0848952023948,7.323055555555555,1.816566260767445,32.230686805293054,28.415037087153255,11.838561620452907,0.6275274935853035,13.340666843682433,0.19934524668199485,2.6616225215614286,13.31029962997825,17.030393971861628,15.820700974280285,13.152697566351733,13.242837317361927,11.170350697872266,9.998011024971106,52.16794192978983,19.405415951006614
S054-05,S054,aplicacion,1,5,188.92376328269071,0.12686709157628703,0.7557603769188685,0.3095627837795541,1.0095151447144854,1.3379757768423177,plano,36.077946569529956,1393.7321531598234,0.6603779145616677,0.6967591650267912,10.844455270509776,1.668377733924581,sintetico,191.41718286320688,6.931666666666667,1.912054051393891,31.00989372277674,27.614885722030326,10.94814458603831,0.5991544544200853,13.380620341428228,0.1757290713410364,1.9637668943274202,11.50898810554511,14.607086118057008,14.785088211156934,12.94663786441004,10.558123846293007,9.013145384429905,8.182228507562412,45.655924700106304,16.591964392155194
S054-06,S054,aplicacion,2,6,188.92376328269071,0.12686709157628703,0.7557603769188685,0.3095627837795541,1.0095151447144854,0.4650983013216863,plano,36.077946569529956,1393.7321531598234,0.6603779145616677,0.6967591650267912,10.844455270509776,1.668377733924581,sintetico,195.48795799902408,5.804444444444444,1.3709284333582221,37.57577280135013,33.67901267211364,10.37040581929556,0.6023884369736868,21.425153139356816,0.17518949178193746,1.9889874140272354,11.795553105896808,15.213411802349572,13.247341563495242,14.756768900540495,10.053206306417016,8.443726160768353,7.70771520318812,40.863296729204365,17.450340574334206
S054-07,S054,aplicacion,2,7,188.92376328269071,0.12686709157628703,0.7557603769188685,0.3095627837795541,1.0095151447144854,0.43864759101228107,plano,36.077946569529956,1393.7321531598234,0.6603779145616677,0.6967591650267912,10.844455270509776,1.668377733924581,sintetico,185.3856740880374,7.646111111111111,2.3194888284398836,28.008579264601924,24.24574681090368,13.434570951100778,0.6145641278975377,11.421928358642738,0.1918581831894423,2.04476752921907,13.336439250353568,16.85867037526132,13.887129159021915,13.349459918258175,11.40913647575293,9.742707266752953,8.770002277997845,52.306472687438415,19.137441880289238
S054-08,S054,aplicacion,2,8,188.92376328269071,0.12686709157628703,0.7557603769188685,0.3095627837795541,1.0095151447144854,1.3480404929298122,plano,36.077946569529956,1393.7321531598234,0.6603779145616677,0.6967591650267912,10.844455270509776,1.668377733924581,sintetico,186.83625070098782,8.685555555555556,2.633321949857554,24.646775468067286,21.511145660853146,12.722271971344506,0.6189681855629384,4.8548036331073305,0.22001753521127934,2.5279004250957313,14.48832144069333,18.234948858751583,15.786740193422492,11.835011434395602,13.80344496211474,11.864633833465165,10.570197965460025,64.48351002923675,20.61467953164539
S054-09,S054,aplicacion,2,9,188.92376328269071,0.12686709157628703,0.7557603769188685,0.3095627837795541,1.0095151447144854,1.3190740237592238,plano,36.077946569529956,1393.7321531598234,0.6603779145616677,0.6967591650267912,10.844455270509776,1.668377733924581,sintetico,196.01653592076067,7.061111111111111,2.015136111576209,32.4157990405962,27.760012954946436,14.362706530291108,0.6118862921737227,14.79543666404406,0.1676754708143279,3.1001241321487765,10.939473704424932,13.954600169153915,14.812003771837846,13.233627194549337,10.299267374160722,8.670887348626199,7.887971405623929,44.27360404218019,15.99752181841033
S054-10,S054,aplicacion,2,10,188.92376328269071,0.12686709157628703,0.7557603769188685,0.3095627837795541,1.0095151447144854,0.8760785519423894,plano,36.077946569529956,1393.7321531598234,0.6603779145616677,0.6967591650267912,10.844455270509776,1.668377733924581,sintetico,213.12021898654234,8.065277777777778,2.1443296284753615,29.781569301744913,26.4244115154659,11.272602032030308,0.6196198440092865,14.03134148441536,0.20467167347281204,3.003957548563051,13.683820446604456,17.719392392322476,16.085706106359197,13.249043441262991,14.162105502736804,11.82438304382676,10.519261758774327,54.9246235358691,20.355119017995406
S055-01,S055,aplicacion,1,1,199.43783173919917,0.12955700824626162,0.5378457894394715,0.16468263741470984,0.961152246520154,1.2171972710800365,intermedio,156.43200982943927,1510.361695491957,0.6508874547679263,0.81624730648079,13.127499241816967,2.019615267971841,sintetico,176.6050180280474,6.088888888888889,1.6250953863293982,32.28011247455709,29.004473763730413,10.150547445255475,0.5688020323384061,14.958941605839415,0.17951207225735435,6.910009107650889,12.69873834324267,16.38437148797247,14.109142996198498,12.517062026774484,11.467331412441903,9.572441128124371,8.6269988536754,52.509899390342696,18.803500715360222
S055-02,S055,aplicacion,1,2,199.43783173919917,0.12955700824626162,0.5378457894394715,0.16468263741470984,0.961152246520154,1.576496054301145,intermedio,156.43200982943927,1510.361695491957,0.6508874547679263,0.81624730648079,13.127499241816967,2.019615267971841,sintetico,211.296336008592,6.8325,1.490797265822873,34.05168977502941,30.925186389841492,9.184046834979876,0.5754463730456033,17.424889214131806,0.16950893899807212,7.1061751588796485,11.396319388950626,14.61504686554604,16.867138224950722,12.527100518808329,12.246043639536241,10.248029443653797,9.199461621046545,47.838971641113694,16.6724366772973
S055-03,S055,aplicacion,1,3,199.43783173919917,0.12955700824626162,0.5378457894394715,0.16468263741470984,0.961152246520154,1.2247866053328482,intermedio,156.43200982943927,1510.361695491957,0.6508874547679263,0.81624730648079,13.127499241816967,2.019615267971841,sintetico,210.31980995851595,6.780555555555556,1.2790045790411197,33.7884310008943,31.018079305639386,8.201556739041377,0.5465629736182064,14.022941417451865,0.15223744093846817,6.7770344398727875,10.991962947041472,14.122836573503903,16.04284337283636,13.109883645353548,11.380856684833864,9.472145654229358,8.569344198487418,46.36856391627915,16.18641439203067
S055-04,S055,aplicacion,1,4,199.43783173919917,0.12955700824626162,0.5378457894394715,0.16468263741470984,0.961152246520154,0.9325148033010938,intermedio,156.43200982943927,1510.361695491957,0.6508874547679263,0.81624730648079,13.127499241816967,2.019615267971841,sintetico,222.22930223792,6.829444444444444,1.3274577071036802,36.34561007972694,32.53987993396697,10.473440169201984,0.5665927601064242,18.64475717888229,0.1569846519347544,6.382709525970397,10.999738089802953,14.282613939423591,16.576005132415442,13.406686379659494,11.874839830347979,9.862983275467647,8.877708852245183,43.88467089577107,16.412965870366822
S055-05,S055,aplicacion,1,5,199.43783173919917,0.12955700824626162,0.5378457894394715,0.16468263741470984,0.961152246520154,1.0245565217954926,intermedio,156.43200982943927,1510.361695491957,0.6508874547679263,0.81624730648079,13.127499241816967,2.019615267971841,sintetico,212.16898821068276,6.815277777777778,1.4139672462504345,34.61670580963099,31.131377931871118,10.071326676176891,0.5840448064215076,18.055838597921337,0.17010440981718492,6.726103158217746,11.780619352172389,15.131570971398993,16.170192075567,13.12099369130364,12.110288023163122,10.178426501129607,9.15885390424178,47.301501417251146,17.294600821138925
S055-06,S055,aplicacion,2,6,199.43783173919917,0.12955700824626162,0.5378457894394715,0.16468263741470984,0.961152246520154,0.8742296909538002,intermedio,156.43200982943927,1510.361695491957,0.6508874547679263,0.81624730648079,13.127499241816967,2.019615267971841,sintetico,225.02858852617436,7.4688888888888885,1.5153630133547957,33.271064600052696,30.128790489966814,9.44659327581077,0.5631027160629429,15.728205891103839,0.16539452336653512,6.480072061384382,11.67214841136028,14.846671822734804,17.24547791436678,13.048556244342096,12.611392409843702,10.654628658629152,9.572282202437641,46.03314216303874,16.970519635636645
S055-07,S055,aplicacion,2,7,199.43783173919917,0.12955700824626162,0.5378457894394715,0.16468263741470984,0.961152246520154,1.569272927979588,intermedio,156.43200982943927,1510.361695491957,0.6508874547679263,0.81624730648079,13.127499241816967,2.019615267971841,sintetico,184.37652665835748,5.573888888888889,1.3396499244054065,36.63045440933372,33.07861536779064,9.697996611183097,0.5603752066793172,20.851191069470744,0.16382148751321243,7.265304851456872,10.601936616385737,13.708379660242176,14.539158907722673,12.681375025100204,9.977601119112812,8.35007441170774,7.563237615345806,42.217888723482226,15.705697356825551
S055-08,S055,aplicacion,2,8,199.43783173919917,0.12955700824626162,0.5378457894394715,0.16468263741470984,0.961152246520154,1.1028080895188914,intermedio,156.43200982943927,1510.361695491957,0.6508874547679263,0.81624730648079,13.127499241816967,2.019615267971841,sintetico,211.08861052765238,6.4511111111111115,1.2932957364094133,35.95642861175074,32.721279620201024,8.999311057526697,0.577932350216828,19.135377196004132,0.17786855087572945,6.74196071769966,12.592486220213491,16.341901480210797,16.09472038012965,13.11539470969995,13.178623732739352,10.918629190225259,9.794005185473457,48.944094362598236,18.81261808164883
S055-09,S055,aplicacion,2,9,199.43783173919917,0.12955700824626162,0.5378457894394715,0.16468263741470984,0.961152246520154,0.43912290780045027,intermedio,156.43200982943927,1510.361695491957,0.6508874547679263,0.81624730648079,13.127499241816967,2.019615267971841,sintetico,195.6528762440386,5.198888888888889,1.052885109355895,40.7603427008471,37.63359449019764,7.672579611027998,0.5642265743689279,25.54498824535157,0.1404588518828544,6.467730072631164,11.000459782461585,14.140480861358546,13.123952204831147,14.908075950780702,9.207559556711866,7.780260277948872,7.106840699640526,39.171171753573674,16.130735985538383
S055-10,S055,aplicacion,2,10,199.43783173919917,0.12955700824626162,0.5378457894394715,0.16468263741470984,0.961152246520154,1.317877980682781,intermedio,156.43200982943927,1510.361695491957,0.6508874547679263,0.81624730648079,13.127499241816967,2.019615267971841,sintetico,199.5389654843292,6.208611111111111,1.4032346981471637,35.596014834341716,32.13906651798958,9.713211936826092,0.5503663950724575,16.997002371258557,0.15066448574363497,6.625401430400605,10.933068345764326,14.016992241747534,15.201577479439687,13.126201261297258,10.512537653688009,8.895177843304868,8.06934510812734,43.67980279283587,16.02588219392067
S056-01,S056,aplicacion,1,1,154.2411241529938,0.12209929899381436,0.8285776955543469,0.2254908687092087,1.0159845266543064,0.4608777521592996,plano,6.183576283808284,1560.78150926651,0.6639567535764387,0.7915816162902923,12.9849743516532,1.9976883617928,sintetico,165.34472316788847,5.803333333333334,2.0321180716413356,32.29914826655806,28.49133655965913,11.789201608271108,0.6154903683709927,16.776756653264407,0.17993807727985245,1.3215586968871602,11.764394004812683,15.504101101130416,13.266940390611689,12.462912947501758,10.35943129692701,8.51050537684952,7.76839424339474,47.22650812032147,17.92553506091225
S056-02,S056,aplicacion,1,2,154.2411241529938,0.12209929899381436,0.8285776955543469,0.2254908687092087,1.0159845266543064,0.8874684529389041,plano,6.183576283808284,1560.78150926651,0.6639567535764387,0.7915816162902923,12.9849743516532,1.9976883617928,sintetico,146.24511757749906,6.283611111111111,2.4411071351548985,26.718214832732638,23.274056110649248,12.890676804738959,0.5838997550617764,8.58052252331904,0.19067662831159923,4.183344228706654,12.398232576883736,15.805701643319695,13.131216309410377,11.137210303412163,10.234278021120533,8.546537065508288,7.773075242247231,53.41922722600887,18.097273039079642
S056-03,S056,aplicacion,1,3,154.2411241529938,0.12209929899381436,0.8285776955543469,0.2254908687092087,1.0159845266543064,0.8521079511217147,plano,6.183576283808284,1560.78150926651,0.6639567535764387,0.7915816162902923,12.9849743516532,1.9976883617928,sintetico,147.3045578207165,6.766388888888889,2.6815191997029184,25.011621929750937,21.770040155777306,12.96030214705037,0.6039821923891897,8.21462293197586,0.2125806821149269,2.8241786713257713,13.343121668264297,17.41974831517374,13.632674350935194,10.805257576669941,11.823989731614203,9.743387672350089,8.810324195033726,62.17024260534314,20.14949500169315
S056-04,S056,aplicacion,1,4,154.2411241529938,0.12209929899381436,0.8285776955543469,0.2254908687092087,1.0159845266543064,0.7461920757892457,plano,6.183576283808284,1560.78150926651,0.6639567535764387,0.7915816162902923,12.9849743516532,1.9976883617928,sintetico,159.01531674851748,5.849444444444444,1.9306316289362244,30.823559137123784,27.18468706879395,11.805489600151962,0.5958379765643411,11.59179409250641,0.18774937437466835,3.044273958772648,12.120440406854627,15.69405021136432,13.165418310797968,12.078257826270272,10.24672826961103,8.537047592129602,7.787681962423477,49.17714594136246,17.990669605780216
S056-05,S056,aplicacion,1,5,154.2411241529938,0.12209929899381436,0.8285776955543469,0.2254908687092087,1.0159845266543064,0.45598132260353214,plano,6.183576283808284,1560.78150926651,0.6639567535764387,0.7915816162902923,12.9849743516532,1.9976883617928,sintetico,140.7935306195233,4.858888888888889,1.669110782050475,32.840268901793685,28.976486978635023,11.765378458723989,0.5954938734383785,15.064029270523669,0.17973900581645813,2.8159539598358596,12.16691202476949,15.743243679149499,10.951239451922643,12.85640143635112,8.589954474370051,7.1409902990818805,6.6035116682575525,46.34461611225003,18.091023116230158
S056-06,S056,aplicacion,2,6,154.2411241529938,0.12209929899381436,0.8285776955543469,0.2254908687092087,1.0159845266543064,0.7674695100796791,plano,6.183576283808284,1560.78150926651,0.6639567535764387,0.7915816162902923,12.9849743516532,1.9976883617928,sintetico,156.47108318018326,6.75,2.307135559254056,26.544267444920585,23.180901211879,12.670781893004115,0.6039353687062228,8.662551440329217,0.1943983087063199,1.7944883560525342,12.935130689723362,16.59292528740535,13.915446675371898,11.244416857786671,11.271445882921912,9.5095160417371,8.602178728960007,55.85504581384051,18.910362215467888
S056-07,S056,aplicacion,2,7,154.2411241529938,0.12209929899381436,0.8285776955543469,0.2254908687092087,1.0159845266543064,0.5841687643282104,plano,6.183576283808284,1560.78150926651,0.6639567535764387,0.7915816162902923,12.9849743516532,1.9976883617928,sintetico,158.08823794372276,6.3566666666666665,2.2013022886869242,28.126799278313822,24.86967560729776,11.580143331585386,0.5991309581538724,11.842335256074113,0.19542387347440895,1.5811153164864276,12.951843311547762,16.743954653261415,13.289254061325945,11.895945191068867,11.035271108058309,9.176550371540264,8.285658486141083,55.014119731888705,19.231441131121564
S056-08,S056,aplicacion,2,8,154.2411241529938,0.12209929899381436,0.8285776955543469,0.2254908687092087,1.0159845266543064,1.4324865697248388,plano,6.183576283808284,1560.78150926651,0.6639567535764387,0.7915816162902923,12.9849743516532,1.9976883617928,sintetico,162.58041155022153,4.278611111111111,1.131747657946861,41.761646919785754,37.99840820494693,9.011231578263974,0.6074899117844266,26.553268843731743,0.1638708971351469,1.5459619882429694,9.500043709500773,12.82966669503468,12.657636296511619,12.844452766827235,8.606974176368755,6.808834719690851,6.319346059733236,37.99527879231055,15.061734096894916
S056-09,S056,aplicacion,2,9,154.2411241529938,0.12209929899381436,0.8285776955543469,0.2254908687092087,1.0159845266543064,1.4501622631665825,plano,6.183576283808284,1560.78150926651,0.6639567535764387,0.7915816162902923,12.9849743516532,1.9976883617928,sintetico,153.65806249276284,5.194444444444445,1.5944493639020034,33.17355472107623,29.581231282029208,10.828877005347595,0.5907268700897434,17.09090909090909,0.15702492442297522,2.2823849620364705,10.30793560531242,13.357874098195499,12.526570198841501,12.266570981015509,8.433790729563732,6.963802526552498,6.4430888321495905,45.13532915355165,15.398043146772409
S056-10,S056,aplicacion,2,10,154.2411241529938,0.12209929899381436,0.8285776955543469,0.2254908687092087,1.0159845266543064,0.9240678111394764,plano,6.183576283808284,1560.78150926651,0.6639567535764387,0.7915816162902923,12.9849743516532,1.9976883617928,sintetico,145.6110643247194,5.3133333333333335,2.1838999767960305,31.648845714483485,27.40484272108897,13.409661229611041,0.6015954133721496,16.29025512337934,0.18200508431721432,4.5089061026723956,11.70833647370257,15.462912280409402,12.117695851578821,12.016398670853555,9.446701285916538,7.7422904985136825,7.120921651913372,49.460066475686276,17.95694425061217
S057-01,S057,aplicacion,1,1,179.9573409422176,0.13137251915399892,0.5426369641573479,0.1950502845732363,0.9945611077689918,0.704720218662181,intermedio,127.4997847338163,1391.9933274359437,0.6664783710513327,0.6001832417928157,9.873098481284444,1.5189382278899144,sintetico,161.33815942249947,4.593333333333334,1.3078121180709026,39.51930454421044,35.124417871371435,11.121190130624093,0.5732292268875435,24.256168359941945,0.15076134028005123,4.466632727536109,10.197638552844106,13.50431888198491,10.227893545575268,15.774329162068435,7.027877675609548,5.86216127776178,5.524117378229452,36.918701559772714,15.570292729186313
S057-02,S057,aplicacion,1,2,179.9573409422176,0.13137251915399892,0.5426369641573479,0.1950502845732363,0.9945611077689918,1.2150779487731864,intermedio,127.4997847338163,1391.9933274359437,0.6664783710513327,0.6001832417928157,9.873098481284444,1.5189382278899144,sintetico,210.17373773102446,6.398055555555556,1.2085239704166244,36.346310504021396,32.8496268758602,9.620978595927582,0.5833769962017584,19.415621065427864,0.16821116380070972,4.465753363738343,12.388294771251328,15.882478080734606,13.78663570677246,15.244744417797303,10.861137644878077,9.159105457073988,8.206213970421224,45.400759886589455,18.136480809585386
S057-03,S057,aplicacion,1,3,179.9573409422176,0.13137251915399892,0.5426369641573479,0.1950502845732363,0.9945611077689918,1.020074145527182,intermedio,127.4997847338163,1391.9933274359437,0.6664783710513327,0.6001832417928157,9.873098481284444,1.5189382278899144,sintetico,205.3580062746538,6.713888888888889,1.485211146781787,34.019711869116584,30.587042721917822,10.09102192800993,0.5948984374550718,15.995035167563096,0.1770945390672129,4.4712992961183184,12.80914528399676,16.529587549960144,13.924188296407584,14.748292819886371,11.452442308064569,9.633915158684218,8.713124926365602,47.67131112508036,18.924627565660124
S057-04,S057,aplicacion,1,4,179.9573409422176,0.13137251915399892,0.5426369641573479,0.1950502845732363,0.9945611077689918,0.814758120149946,intermedio,127.4997847338163,1391.9933274359437,0.6664783710513327,0.6001832417928157,9.873098481284444,1.5189382278899144,sintetico,161.40405770890683,4.877777777777778,1.4002126291495864,36.668646620158945,33.08967014533397,9.760820045558088,0.6049797648706271,20.70615034168565,0.17320365175221267,4.5564841636256395,12.240975483712992,15.909934558132804,10.44955512214068,15.446021942783132,8.509378469853482,6.990957847864141,6.509557842570522,44.95792208580351,18.36068904321959
S057-05,S057,aplicacion,1,5,179.9573409422176,0.13137251915399892,0.5426369641573479,0.1950502845732363,0.9945611077689918,0.7791338996711809,intermedio,127.4997847338163,1391.9933274359437,0.6664783710513327,0.6001832417928157,9.873098481284444,1.5189382278899144,sintetico,165.78873968799013,5.078333333333333,1.4355619111883562,36.106375451682766,32.646289403608165,9.583196586806695,0.5844223986372513,21.69346898588776,0.1644345942729009,4.869524567168733,11.836034831802587,15.331415145047105,10.706127134726103,15.485407337471486,8.206503366644256,6.921984842402023,6.422506291351423,42.65893307972302,17.563119495305585
S057-06,S057,aplicacion,2,6,179.9573409422176,0.13137251915399892,0.5426369641573479,0.1950502845732363,0.9945611077689918,1.248917648916783,intermedio,127.4997847338163,1391.9933274359437,0.6664783710513327,0.6001832417928157,9.873098481284444,1.5189382278899144,sintetico,157.41036686159288,5.626666666666667,1.7470259772776011,30.839464891474144,27.975776100993993,9.286137440758294,0.6052797140473964,13.413309636650869,0.19232153278436326,4.543109193342349,14.065347671221023,17.974968712007882,11.00021928652168,14.309748084246305,9.669258259328776,8.217867763408673,7.526696685234596,54.23862328406307,20.416834956326305
S057-07,S057,aplicacion,2,7,179.9573409422176,0.13137251915399892,0.5426369641573479,0.1950502845732363,0.9945611077689918,1.0107077259612707,intermedio,127.4997847338163,1391.9933274359437,0.6664783710513327,0.6001832417928157,9.873098481284444,1.5189382278899144,sintetico,192.5575035784085,6.694444444444445,1.7449332991751338,32.18963452394914,28.76377646814401,10.643153526970954,0.6078431519156878,15.365145228215768,0.20015433816021982,4.50148303363007,13.90679770425435,17.94990393114868,13.707000598357574,14.048113750099455,12.28511323433666,10.251050477441444,9.220838048103303,51.372314204437316,20.622449202583212
S057-08,S057,aplicacion,2,8,179.9573409422176,0.13137251915399892,0.5426369641573479,0.1950502845732363,0.9945611077689918,1.1547878066162447,intermedio,127.4997847338163,1391.9933274359437,0.6664783710513327,0.6001832417928157,9.873098481284444,1.5189382278899144,sintetico,192.8324631007282,5.689722222222223,1.052727309166614,36.66392268553314,33.891366848734144,7.562368793633745,0.5708402945595116,17.809891129229115,0.16878069261210527,4.80935179184986,12.328649900534813,15.795495076592236,12.54191526533284,15.37504113376824,9.827388765490971,8.332264463693482,7.63734167092712,43.79960817261605,17.981678668484786
S057-09,S057,aplicacion,2,9,179.9573409422176,0.13137251915399892,0.5426369641573479,0.1950502845732363,0.9945611077689918,1.1265813609037072,intermedio,127.4997847338163,1391.9933274359437,0.6664783710513327,0.6001832417928157,9.873098481284444,1.5189382278899144,sintetico,172.74753268716626,4.6725,1.0825046071057,40.63829873339112,36.97111453978946,9.024433743534868,0.5872585299318652,25.688127935318946,0.1598375814369134,4.51681983784579,10.895493003167617,14.36352961252161,11.153960556035594,15.487550975217472,8.164334812416143,6.752697945041833,6.2541989311194754,39.46584780432543,16.615182938344464
S057-10,S057,aplicacion,2,10,179.9573409422176,0.13137251915399892,0.5426369641573479,0.1950502845732363,0.9945611077689918,0.7400893560456777,intermedio,127.4997847338163,1391.9933274359437,0.6664783710513327,0.6001832417928157,9.873098481284444,1.5189382278899144,sintetico,185.86951113610743,7.398055555555556,2.0767257504504983,28.22120829280119,25.124103183643854,10.97510607141516,0.6255753401670715,9.041414786167538,0.22313885585677248,5.050410321873981,16.76526314411308,21.4052946126828,13.311961096474628,13.962594225529307,13.945920889425485,11.770044405509042,10.468470924576105,62.13142855940168,24.42606585113619
S058-01,S058,aplicacion,1,1,209.6257378789083,0.04498662860530042,0.7410182084770475,0.12456868607346867,1.0460558465456704,1.2166442800735866,intermedio,149.56825523216293,1544.3360416134738,0.6633430780896624,0.7563213049086607,12.582774842019292,1.9358115141568142,sintetico,197.19862805460667,9.251388888888888,2.789066057030064,24.036399559728594,21.315570064452306,11.319621678426662,0.6326362663801088,5.09533103137667,0.2323110232367207,6.607994690125948,15.513417639514971,19.887253584975802,18.559018284208136,10.625488106900727,17.90158438361579,15.039820208813788,13.26986728213419,68.14040667048589,22.66601144874689
S058-02,S058,aplicacion,1,2,209.6257378789083,0.04498662860530042,0.7410182084770475,0.12456868607346867,1.0460558465456704,1.4082384499950167,intermedio,149.56825523216293,1544.3360416134738,0.6633430780896624,0.7563213049086607,12.582774842019292,1.9358115141568142,sintetico,195.5289598945434,5.9625,1.6059002214779479,36.494413916443186,32.79311696344543,10.142091777311903,0.605608169756868,19.482879105520613,0.17437745474837507,6.365956579769483,11.156303690759476,14.657119935196263,15.797404072038782,12.377284204600889,11.891294678929981,9.618916436214914,8.589895953961625,43.222849622254984,16.997031407409374
S058-03,S058,aplicacion,1,3,209.6257378789083,0.04498662860530042,0.7410182084770475,0.12456868607346867,1.0460558465456704,1.37951024714244,intermedio,149.56825523216293,1544.3360416134738,0.6633430780896624,0.7563213049086607,12.582774842019292,1.9358115141568142,sintetico,236.84945928374546,9.676111111111112,2.1363781092436964,27.26150377023,24.477753155580285,10.211287822242635,0.6240386091597702,8.78165011195958,0.21958001249418724,6.567436609278374,14.333724777675847,18.571101603810437,21.13262787787172,11.207761791506957,19.463270196827573,16.085889269042084,14.134692255263312,61.48296833906088,21.35660014165711
S058-04,S058,aplicacion,1,4,209.6257378789083,0.04498662860530042,0.7410182084770475,0.12456868607346867,1.0460558465456704,1.0346280328728588,intermedio,149.56825523216293,1544.3360416134738,0.6633430780896624,0.7563213049086607,12.582774842019292,1.9358115141568142,sintetico,199.62441528597765,8.3625,2.3343837943490953,27.036149694500573,23.871380004302257,11.705696728118253,0.6335523470034409,8.516857664839728,0.2251602869145468,7.08899953265169,14.977098504684026,19.576247710205447,17.61369091507459,11.333480089350841,17.45955191157929,14.108539779480125,12.46706580903676,64.95082305243102,22.669806571199494
S058-05,S058,aplicacion,1,5,209.6257378789083,0.04498662860530042,0.7410182084770475,0.12456868607346867,1.0460558465456704,0.5033209777596692,intermedio,149.56825523216293,1544.3360416134738,0.6633430780896624,0.7563213049086607,12.582774842019292,1.9358115141568142,sintetico,197.16735006057152,6.9591666666666665,1.8816502827979662,31.875447288398483,28.332034495591646,11.116433161697202,0.6305499846750403,14.453358879176145,0.19981218497400782,6.20720501922621,13.682099678693515,18.155355376622293,15.567704795822397,12.665152162538533,14.451275154640665,11.641544142573856,10.408108635939058,54.170458978202156,21.136642111323663
S058-06,S058,aplicacion,2,6,209.6257378789083,0.04498662860530042,0.7410182084770475,0.12456868607346867,1.0460558465456704,1.112245930813585,intermedio,149.56825523216293,1544.3360416134738,0.6633430780896624,0.7563213049086607,12.582774842019292,1.9358115141568142,sintetico,197.4823158228946,8.261944444444444,2.152091432739461,26.63680543133835,23.902643881330754,10.264600073966983,0.6162808804893888,8.106109000437076,0.21566694927307684,6.179179529050626,14.804117687828004,19.117827246145502,17.35306055900756,11.380258551589405,16.275231876799243,13.585265724337807,12.026281707689675,61.91563839035401,21.869355220028144
S058-07,S058,aplicacion,2,7,209.6257378789083,0.04498662860530042,0.7410182084770475,0.12456868607346867,1.0460558465456704,0.7542497739893462,intermedio,149.56825523216293,1544.3360416134738,0.6633430780896624,0.7563213049086607,12.582774842019292,1.9358115141568142,sintetico,223.81655326241696,8.1725,1.7112228493258321,30.096354091763825,27.386546743642334,9.003772815335985,0.6068441595944791,12.140987729852826,0.19682319053868488,6.689249369096648,14.745393098733087,19.007267962400125,17.82109340441344,12.559080870256155,16.657321249824108,13.905119970721724,12.283366307435118,57.21707903348496,21.742607259499216
S058-08,S058,aplicacion,2,8,209.6257378789083,0.04498662860530042,0.7410182084770475,0.12456868607346867,1.0460558465456704,0.9321126457074299,intermedio,149.56825523216293,1544.3360416134738,0.6633430780896624,0.7563213049086607,12.582774842019292,1.9358115141568142,sintetico,232.0984557676792,9.390555555555556,2.0680878656101864,27.761128339545653,24.716158101036655,10.968467136011359,0.6117706262207827,8.906702952138673,0.22000758253563898,6.670600447288048,14.711625470469336,19.228551921619943,20.182194298089712,11.500159612953873,19.33286265705768,15.917436441476847,13.981917351810344,60.65265308824646,22.19136447619726
S058-09,S058,aplicacion,2,9,209.6257378789083,0.04498662860530042,0.7410182084770475,0.12456868607346867,1.0460558465456704,1.4737650882444187,intermedio,149.56825523216293,1544.3360416134738,0.6633430780896624,0.7563213049086607,12.582774842019292,1.9358115141568142,sintetico,218.71498538627102,9.735,2.423245023947356,25.51190575739804,22.466870609786444,11.935741596758547,0.6397952288807698,6.579923529076072,0.23378411580307168,6.205840472627664,15.08187420837255,19.452918311199895,20.420750635132514,10.710428293952464,19.578563619817476,16.231629181577386,14.209816844114453,66.63567655673248,22.351123375145086
S058-10,S058,aplicacion,2,10,209.6257378789083,0.04498662860530042,0.7410182084770475,0.12456868607346867,1.0460558465456704,0.49329906243344684,intermedio,149.56825523216293,1544.3360416134738,0.6633430780896624,0.7563213049086607,12.582774842019292,1.9358115141568142,sintetico,219.67799003297085,9.074166666666667,2.18046423279869,27.30709451050361,24.209164114203787,11.34478219610004,0.6102394959207516,8.623381394067406,0.21788378638214276,6.573865695950119,15.386439398601905,19.930004536558684,18.401353096777125,11.938143291834663,18.218251641715124,15.028760730641617,13.202602712101802,61.99562658471136,22.91043065462901
S059-01,S059,aplicacion,1,1,190.46789597260522,0.10408542210885188,0.7998820312419403,0.18816026560506227,0.9966748234359681,1.2518773844254332,plano,37.81815391602835,1447.1488517598934,0.69366953324307,0.5660400051310767,10.789647324093504,1.6599457421682315,sintetico,199.06835344193183,7.615277777777778,1.9591260652776878,29.40560151383443,26.140655567789697,11.103410541674267,0.5898790979920054,12.650009119095385,0.1889790390529873,1.7882374710528437,12.392369183306467,15.855673872792979,15.514325470801564,12.831260618876701,12.193137537337671,10.23031495170456,9.189486534028237,49.91826455412117,18.168705517046323
S059-02,S059,aplicacion,1,2,190.46789597260522,0.10408542210885188,0.7998820312419403,0.18816026560506227,0.9966748234359681,1.2008049494297546,plano,37.81815391602835,1447.1488517598934,0.69366953324307,0.5660400051310767,10.789647324093504,1.6599457421682315,sintetico,188.08031873150267,6.078055555555555,1.6322813682502484,34.60008929599927,30.944159199004144,10.566244687171519,0.6096914439182278,17.41693706868973,0.17343837240971302,2.523564228908308,11.571140275429485,15.072807494453375,13.840423968834694,13.589202119459225,10.443465645568677,8.707147435907075,7.928417640813244,43.437065343403425,17.361493053331156
S059-03,S059,aplicacion,1,3,190.46789597260522,0.10408542210885188,0.7998820312419403,0.18816026560506227,0.9966748234359681,0.4557282587809278,plano,37.81815391602835,1447.1488517598934,0.69366953324307,0.5660400051310767,10.789647324093504,1.6599457421682315,sintetico,201.48938651655223,8.674444444444445,2.3971485960146186,26.40924774492432,23.227929789278466,12.046881004226975,0.5918391793504721,8.87664916100935,0.19300522052330207,2.0005262351130404,13.383723135746445,16.861974012935324,15.456924840657354,13.035541583702445,12.679848981937935,10.828603138412282,9.667954356382298,51.56690010033092,19.137802986787445
S059-04,S059,aplicacion,1,4,190.46789597260522,0.10408542210885188,0.7998820312419403,0.18816026560506227,0.9966748234359681,0.9691983460311675,plano,37.81815391602835,1447.1488517598934,0.69366953324307,0.5660400051310767,10.789647324093504,1.6599457421682315,sintetico,181.5844040740099,6.687222222222222,1.8283508525582621,30.8713396845569,27.153935975178022,12.0420370524217,0.5904911025300129,13.969427598238765,0.16800986438104346,2.134587852150588,11.824612101193146,14.993837501794614,13.207613951329527,13.74846393475416,9.75790388599773,8.281802206446564,7.543771758708574,46.53783741677008,17.0929540662663
S059-05,S059,aplicacion,1,5,190.46789597260522,0.10408542210885188,0.7998820312419403,0.18816026560506227,0.9966748234359681,0.9843101354296478,plano,37.81815391602835,1447.1488517598934,0.69366953324307,0.5660400051310767,10.789647324093504,1.6599457421682315,sintetico,185.37073247488647,6.943611111111111,1.7748217078689703,29.726649648578714,26.6965890670717,10.193223186782415,0.5915798226975081,12.029443533223986,0.19744176102925434,2.4484518822800214,14.029021488673052,18.05856462452409,13.734041543723679,13.497172837634169,12.155407509728224,10.272994487296787,9.24216667283322,54.63986941983385,20.6087975110803
S059-06,S059,aplicacion,2,6,190.46789597260522,0.10408542210885188,0.7998820312419403,0.18816026560506227,0.9966748234359681,1.0024652006278845,plano,37.81815391602835,1447.1488517598934,0.69366953324307,0.5660400051310767,10.789647324093504,1.6599457421682315,sintetico,194.1711535067312,8.583333333333334,2.4874961665366846,26.058343846247332,22.621881961949263,13.187702265372167,0.6115296171571454,8.572815533980583,0.2023561838215133,1.853689396674499,13.815895522409521,17.426580005705024,15.743314585721734,12.333562443250234,13.273173136451904,11.36780030076944,10.149779266778355,55.2423942568771,19.73521072588842
S059-07,S059,aplicacion,2,7,190.46789597260522,0.10408542210885188,0.7998820312419403,0.18816026560506227,0.9966748234359681,1.4735205337687804,plano,37.81815391602835,1447.1488517598934,0.69366953324307,0.5660400051310767,10.789647324093504,1.6599457421682315,sintetico,226.6245761772889,7.805555555555555,1.619418362256065,32.53105452135032,29.033753531609968,10.750889679715304,0.5905312571620379,16.34163701067616,0.1742926065992798,2.063078193629027,11.895177389439663,15.164229089422646,16.73099693427309,13.545192618680916,12.43527581596201,10.562251503533181,9.496495353055549,46.64177134996928,17.285799118341814
S059-08,S059,aplicacion,2,8,190.46789597260522,0.10408542210885188,0.7998820312419403,0.18816026560506227,0.9966748234359681,0.9165899320928467,plano,37.81815391602835,1447.1488517598934,0.69366953324307,0.5660400051310767,10.789647324093504,1.6599457421682315,sintetico,197.11160498739173,7.096388888888889,1.7502774634809959,31.29583566881054,27.7763251244612,11.24593885779152,0.5908746162271336,15.156378439738521,0.1890786050474179,4.350381324831752,13.157173446295301,17.13404082582267,14.502687636601687,13.59138457136208,12.533211851256773,10.329698158510634,9.30424996055625,51.11166996323085,19.793075426996065
S059-09,S059,aplicacion,2,9,190.46789597260522,0.10408542210885188,0.7998820312419403,0.18816026560506227,0.9966748234359681,1.510710229309034,plano,37.81815391602835,1447.1488517598934,0.69366953324307,0.5660400051310767,10.789647324093504,1.6599457421682315,sintetico,171.34111863505595,5.833611111111111,1.6983664068390303,32.44414196750481,29.37136455817349,9.470977572496547,0.5778668715018318,15.004047426313033,0.17620510673509399,2.3923731314857615,11.203169826092086,14.355276962700016,13.219980460178691,12.960769431631974,9.482582807283908,7.938133770861395,7.281551413988485,43.30862288965032,16.498409202770517
S059-10,S059,aplicacion,2,10,190.46789597260522,0.10408542210885188,0.7998820312419403,0.18816026560506227,0.9966748234359681,1.468314008558865,plano,37.81815391602835,1447.1488517598934,0.69366953324307,0.5660400051310767,10.789647324093504,1.6599457421682315,sintetico,173.66299976107484,5.698055555555555,1.6468677864224281,33.64276824484346,30.47758977915807,9.40866767415785,0.6073014868054762,17.544971481499534,0.1894276355309809,2.502131688613093,12.328726809464445,16.04188548394609,13.123066687021858,13.233415931111589,10.564624491781206,8.747662423101575,7.96724049901631,47.181399069961394,18.511530005959465
S060-01,S060,aplicacion,1,1,124.4708002410115,0.12452487521825395,0.5738961852982947,0.10356261290083374,0.9778168695943785,1.09340389594949,intermedio,153.01107741998447,1547.4367335602565,0.6742594784590389,0.7866950493233908,11.798833435213597,1.8152051438790149,sintetico,125.36582912750376,3.625277777777778,1.1805449780855042,39.10855379298655,34.58102711355556,11.577656884529922,0.5554474513058102,20.396904451766147,0.14236210339831362,9.814040309049611,10.553837342564714,13.64913383115836,9.081783658025419,13.804097724428846,6.351373644094909,5.1991280399689925,4.8199168890439354,39.19826251266328,15.766001719541414
S060-02,S060,aplicacion,1,2,124.4708002410115,0.12452487521825395,0.5738961852982947,0.10356261290083374,0.9778168695943785,0.6907583683478564,intermedio,153.01107741998447,1547.4367335602565,0.6742594784590389,0.7866950493233908,11.798833435213597,1.8152051438790149,sintetico,125.31560295877394,4.2972222222222225,1.5321316377750962,32.05860550449651,29.16200198135657,9.036845507433743,0.566067311342041,13.451842275371687,0.1792541072302188,9.932504247136377,14.943261728051496,18.96088951147015,9.307402451498055,13.46407911464106,8.675506173500901,7.288448423460321,6.526954170744077,53.33962969876715,21.55443747705791
S060-03,S060,aplicacion,1,3,124.4708002410115,0.12452487521825395,0.5738961852982947,0.10356261290083374,0.9778168695943785,0.4820904132669521,intermedio,153.01107741998447,1547.4367335602565,0.6742594784590389,0.7866950493233908,11.798833435213597,1.8152051438790149,sintetico,116.99095071235548,2.8694444444444445,0.9060529840519133,43.4054573556398,40.77128969646464,6.069699903194579,0.5417892979227823,26.07938044530494,0.14207166257418058,10.688886286329854,10.880045857430583,14.25309626713006,7.9977450180008685,14.627992071394992,5.775909521128132,4.806130882119901,4.628699585077439,35.32019385861978,16.423701940023403
S060-04,S060,aplicacion,1,4,124.4708002410115,0.12452487521825395,0.5738961852982947,0.10356261290083374,0.9778168695943785,0.7447760551835179,intermedio,153.01107741998447,1547.4367335602565,0.6742594784590389,0.7866950493233908,11.798833435213597,1.8152051438790149,sintetico,122.36773365310225,4.291944444444445,1.6262456945075159,31.87974105317076,28.511024603661127,10.56889521713805,0.5511845451824491,14.005565982784285,0.17997162379668097,10.477086352467014,13.736333163756514,17.73275535705417,9.522427275790584,12.850477100959838,8.413658176740633,7.007445031208413,6.375847654395961,50.11168819260588,20.30482384052023
S060-05,S060,aplicacion,1,5,124.4708002410115,0.12452487521825395,0.5738961852982947,0.10356261290083374,0.9778168695943785,1.191666580825438,intermedio,153.01107741998447,1547.4367335602565,0.6742594784590389,0.7866950493233908,11.798833435213597,1.8152051438790149,sintetico,123.88435720784092,3.798611111111111,1.2673109304397563,35.502091144108725,32.61306661412997,8.13893967093236,0.5542235904114386,18.625228519195613,0.15995099559241355,9.991273304423798,12.989001604194664,16.89382139015582,9.288565555253422,13.337296966997716,7.8500952878303725,6.515984319431527,5.9200412993427305,47.63471553269864,19.396919251906116
S060-06,S060,aplicacion,2,6,124.4708002410115,0.12452487521825395,0.5738961852982947,0.10356261290083374,0.9778168695943785,0.6742012625821208,intermedio,153.01107741998447,1547.4367335602565,0.6742594784590389,0.7866950493233908,11.798833435213597,1.8152051438790149,sintetico,108.76283699280258,2.2641666666666667,0.7447396761575851,51.51190083396297,48.03658608441778,6.747638326585695,0.5513315429191815,41.8721629247945,0.11879461937969463,9.943124118887098,9.827827890984521,12.944748994431936,6.978110502498587,15.586287570805716,4.60292874719967,3.8315663930674626,3.5150696981738903,30.860308537384622,14.993835908158776
S060-07,S060,aplicacion,2,7,124.4708002410115,0.12452487521825395,0.5738961852982947,0.10356261290083374,0.9778168695943785,1.2381897265839985,intermedio,153.01107741998447,1547.4367335602565,0.6742594784590389,0.7866950493233908,11.798833435213597,1.8152051438790149,sintetico,138.69618019586383,3.9244444444444446,1.1463906199540863,38.4933023722413,35.34160877018048,8.189411098527746,0.5813675438070963,22.18289920724802,0.16941943167762957,10.038835629417166,13.122248621423248,17.137036307599402,10.095744350867536,13.738083629657831,8.660668823361545,7.168500762622451,6.547279068846493,47.15851932528451,19.75599734495153
S060-08,S060,aplicacion,2,8,124.4708002410115,0.12452487521825395,0.5738961852982947,0.10356261290083374,0.9778168695943785,1.489701874535427,intermedio,153.01107741998447,1547.4367335602565,0.6742594784590389,0.7866950493233908,11.798833435213597,1.8152051438790149,sintetico,123.39185733500717,3.870277777777778,1.3290990470687405,34.94903079078923,31.88191246723791,8.777721955070696,0.559906261311905,19.18466948970071,0.16919662578227132,10.154807606348191,13.06516229217358,16.990562015526926,9.593190398022827,12.862442234070372,8.079079484159028,6.751147026339785,6.074912851927603,48.75889260445419,19.47029751243465
S060-09,S060,aplicacion,2,9,124.4708002410115,0.12452487521825395,0.5738961852982947,0.10356261290083374,0.9778168695943785,0.8650216581972048,intermedio,153.01107741998447,1547.4367335602565,0.6742594784590389,0.7866950493233908,11.798833435213597,1.8152051438790149,sintetico,121.7928531988433,3.4825,1.2398100219679729,38.12305129830747,34.97282216765063,8.263539921831379,0.5773329108330906,21.0098109595597,0.1586501405673834,10.135944074318845,11.960595333288222,15.826703884177352,8.881887261608465,13.712497086659399,7.2636790208271185,5.8857394654788315,5.499634606147307,43.85978695920842,18.438968952759215
S060-10,S060,aplicacion,2,10,124.4708002410115,0.12452487521825395,0.5738961852982947,0.10356261290083374,0.9778168695943785,1.5902001478136376,intermedio,153.01107741998447,1547.4367335602565,0.6742594784590389,0.7866950493233908,11.798833435213597,1.8152051438790149,sintetico,144.7363951532979,5.052222222222222,1.5407320305567167,31.513200583524306,28.64806589794768,9.093908071255772,0.5920749841203814,15.24631625247416,0.18210270784673224,9.860922394421646,13.370819009615266,17.30962559743362,11.786340198992635,12.280011666867411,10.274973618485609,8.427648873559775,7.695050805451409,53.212279253339624,19.98465841465863
S061-01,S061,aplicacion,1,1,223.3280525572187,0.1277578920345516,0.5791559450737557,0.10447184126077746,0.9973443318197603,1.5053577225685357,intermedio,149.95803347333887,1442.7167853914295,0.7159210361257983,0.6377084566446701,10.527234574452706,1.619574549915801,sintetico,206.04299984202686,6.054166666666666,1.261872522722645,36.90867889525172,34.033255307698866,7.79077770130764,0.5879366114292695,19.142005047029134,0.1687994244990468,5.782716105906399,11.39734267995889,14.86667563558327,14.74581231977399,13.972984015653395,11.073137026239525,9.175980683786834,8.187442470157936,42.27012303773444,17.091704725827153
S061-02,S061,aplicacion,1,2,223.3280525572187,0.1277578920345516,0.5791559450737557,0.10447184126077746,0.9973443318197603,0.7727594403982869,intermedio,149.95803347333887,1442.7167853914295,0.7159210361257983,0.6377084566446701,10.527234574452706,1.619574549915801,sintetico,203.68047339021953,5.788611111111111,1.1979547962486057,38.42820735450802,35.186415096923575,8.436105379336821,0.5999745608948122,23.024137434617785,0.1805422817904342,5.713925739791724,12.737856981826404,16.79799558054544,13.985360558608557,14.563834270604197,11.86581649045647,9.813733199958351,8.849385285708104,43.84274147665844,19.411960447526173
S061-03,S061,aplicacion,1,3,223.3280525572187,0.1277578920345516,0.5791559450737557,0.10447184126077746,0.9973443318197603,0.6834208889579303,intermedio,149.95803347333887,1442.7167853914295,0.7159210361257983,0.6377084566446701,10.527234574452706,1.619574549915801,sintetico,211.6186712607342,5.4825,0.9639981140825363,41.72097804155416,38.59893684646315,7.483406799412272,0.5418006089026745,27.75497796017632,0.1438881029424217,6.133242573783168,10.90604721098752,14.225068710401901,13.204017763353939,16.026839334316463,9.474607466469461,7.939570676589708,7.282309575858658,36.96575473342082,16.366817205830912
S061-04,S061,aplicacion,1,4,223.3280525572187,0.1277578920345516,0.5791559450737557,0.10447184126077746,0.9973443318197603,0.748639036011465,intermedio,149.95803347333887,1442.7167853914295,0.7159210361257983,0.6377084566446701,10.527234574452706,1.619574549915801,sintetico,232.16781092775543,9.151388888888889,2.101927903140082,28.44020962024128,25.369680356349054,10.796782516315071,0.6074156715536212,11.054788283502807,0.2043123889727207,5.517846940348977,14.509729072804186,18.577936316023695,17.585236029844562,13.202427907918592,16.19972405071786,13.528104289516161,11.947905281002935,55.761883362744236,21.285065818671697
S061-05,S061,aplicacion,1,5,223.3280525572187,0.1277578920345516,0.5791559450737557,0.10447184126077746,0.9973443318197603,1.2064768488857005,intermedio,149.95803347333887,1442.7167853914295,0.7159210361257983,0.6377084566446701,10.527234574452706,1.619574549915801,sintetico,250.3621876242122,8.032222222222222,1.3979746834827225,34.17387260560847,31.16972871237944,8.790980771890995,0.5864778182402793,16.55830681975377,0.1754270641807917,5.084337798832502,12.829760897678284,16.568316303464364,17.877757032605494,14.004116241629255,14.726895183982371,12.335533501102233,10.978989178233016,47.18206044809597,19.009108467018066
S061-06,S061,aplicacion,2,6,223.3280525572187,0.1277578920345516,0.5791559450737557,0.10447184126077746,0.9973443318197603,0.5456729574217024,intermedio,149.95803347333887,1442.7167853914295,0.7159210361257983,0.6377084566446701,10.527234574452706,1.619574549915801,sintetico,203.8859659954887,6.924166666666666,1.3635072852741184,32.471567786095974,29.445560138956125,9.319212099330043,0.5495769204706606,12.789344887070245,0.16382034380958277,5.363870186359599,12.09430318168162,15.308458290666005,14.09672189220612,14.463360173702117,10.652769625058987,9.04867593266222,8.092584282252297,42.74054812491827,17.44237229934428
S061-07,S061,aplicacion,2,7,223.3280525572187,0.1277578920345516,0.5791559450737557,0.10447184126077746,0.9973443318197603,0.8892003251308586,intermedio,149.95803347333887,1442.7167853914295,0.7159210361257983,0.6377084566446701,10.527234574452706,1.619574549915801,sintetico,256.11361968448745,7.638333333333334,1.2533499795733145,36.19683542100683,33.530039670672586,7.367808567895846,0.5732963564446559,21.48156229543967,0.16763628212999668,5.361297212681166,12.26132067717497,15.811287557281085,17.22749079158662,14.866565466955029,13.511039250279117,11.395786895557816,10.187580151149522,44.11892720026139,18.058826781929433
S061-08,S061,aplicacion,2,8,223.3280525572187,0.1277578920345516,0.5791559450737557,0.10447184126077746,0.9973443318197603,1.1754370461293813,intermedio,149.95803347333887,1442.7167853914295,0.7159210361257983,0.6377084566446701,10.527234574452706,1.619574549915801,sintetico,191.5921146318624,6.747222222222222,1.607581818238247,32.14028578757137,28.395702456760173,11.65088513791684,0.5752060797586929,16.98641416220667,0.17435994042301,5.299747560072257,12.211537990710042,15.494875066530955,13.779717087741181,13.903922222199181,10.576713404617308,8.918478080374328,8.104037775305416,47.540039943899224,17.662514453338446
S061-09,S061,aplicacion,2,9,223.3280525572187,0.1277578920345516,0.5791559450737557,0.10447184126077746,0.9973443318197603,1.3209715381923945,intermedio,149.95803347333887,1442.7167853914295,0.7159210361257983,0.6377084566446701,10.527234574452706,1.619574549915801,sintetico,212.8907320683291,6.348055555555556,1.399779112527803,37.32736975319315,33.53636876760096,10.156215814116308,0.600380122993286,19.71732376493239,0.1747174227820331,6.031411776892914,11.72608711800525,15.176922517801847,15.275696989879904,13.936564217617596,11.468799472184935,9.681308352562583,8.666111775493794,41.61813973380516,17.42207519628115
S061-10,S061,aplicacion,2,10,223.3280525572187,0.1277578920345516,0.5791559450737557,0.10447184126077746,0.9973443318197603,0.49372646863928166,intermedio,149.95803347333887,1442.7167853914295,0.7159210361257983,0.6377084566446701,10.527234574452706,1.619574549915801,sintetico,200.7555789287847,5.6561111111111115,1.1655964992285883,38.826694108930106,35.49357057968888,8.584618406836263,0.5659806571086462,21.89372360278951,0.16019010367947997,5.467311144145686,11.155244889238256,14.440933670238582,13.15016625745729,15.26639093364609,9.626839942657705,8.02357515098352,7.344121990367384,38.032600318003425,16.66809961243813
S062-01,S062,aplicacion,1,1,123.10531621576732,0.1039713359849721,0.8256988817623327,0.2476213330139806,1.0420117567311413,1.366091398231625,plano,27.997019157220112,1370.138136660307,0.6501050528858658,0.6474217643407179,10.496778037087388,1.614888928782675,sintetico,149.2818118081012,5.3502777777777775,2.0632118291538952,32.18822008320342,27.90169370796762,13.31706557291937,0.5950723405111152,16.110274648252947,0.18205519135451856,3.90649864084655,11.592193740196292,14.75387654061461,11.300286561730982,13.21044479647551,8.172552101366763,6.978924510738868,6.461098795972817,44.02424790749171,16.844995513493295
S062-02,S062,aplicacion,1,2,123.10531621576732,0.1039713359849721,0.8256988817623327,0.2476213330139806,1.0420117567311413,1.1055959445139323,plano,27.997019157220112,1370.138136660307,0.6501050528858658,0.6474217643407179,10.496778037087388,1.614888928782675,sintetico,136.8829104972263,5.715277777777778,2.3158478940029803,26.93220078646853,23.95035128991566,11.071688942891859,0.6086819585912138,9.443499392466585,0.19151416499486718,3.3944013378984583,13.244660367904011,16.623472750242453,10.485630627836603,13.054332672546947,8.524354765320766,7.260416300013961,6.692953978739313,55.04684817513983,18.90171254077194
S062-03,S062,aplicacion,1,3,123.10531621576732,0.1039713359849721,0.8256988817623327,0.2476213330139806,1.0420117567311413,0.8241985378708273,plano,27.997019157220112,1370.138136660307,0.6501050528858658,0.6474217643407179,10.496778037087388,1.614888928782675,sintetico,127.51024427263674,4.160833333333334,1.5841864404878134,34.883872587696054,30.6453621324182,12.150343814673876,0.6082854171015063,20.208291608251553,0.16927969400229614,2.3765138107807458,11.417861567391425,14.885448201708332,8.866484148979753,14.381150648908461,6.6495942299346895,5.539693834736498,5.243095743992708,43.4986783872239,17.165837562495234
S062-04,S062,aplicacion,1,4,123.10531621576732,0.1039713359849721,0.8256988817623327,0.2476213330139806,1.0420117567311413,1.2600736241147286,plano,27.997019157220112,1370.138136660307,0.6501050528858658,0.6474217643407179,10.496778037087388,1.614888928782675,sintetico,138.0065884138894,6.2975,2.637555236916254,24.701621751603533,21.914503916457228,11.283137047329186,0.6391787643899396,6.1841118609677554,0.22920481746748972,2.2827318249876263,15.403636416413857,19.26881062160958,11.3279228614745,12.18286795395125,10.459146827550306,9.002842809505529,8.14296710012629,64.8934415054901,21.794908316885458
S062-05,S062,aplicacion,1,5,123.10531621576732,0.1039713359849721,0.8256988817623327,0.2476213330139806,1.0420117567311413,0.6010115407270316,plano,27.997019157220112,1370.138136660307,0.6501050528858658,0.6474217643407179,10.496778037087388,1.614888928782675,sintetico,131.44656177857397,3.243611111111111,1.0346409838326274,44.62959751040897,40.52475998996885,9.197567868459364,0.5903142039118838,30.1618566412606,0.1483058197334411,2.5783255626484856,9.8109097602643,13.016485858164822,8.102460991926879,16.223041605451055,5.548679891988669,4.510866522668013,4.305143151272073,34.918599310355596,15.184730196080924
S062-06,S062,aplicacion,2,6,123.10531621576732,0.1039713359849721,0.8256988817623327,0.2476213330139806,1.0420117567311413,0.6750815647418178,plano,27.997019157220112,1370.138136660307,0.6501050528858658,0.6474217643407179,10.496778037087388,1.614888928782675,sintetico,114.81395590170584,5.1658333333333335,2.473566891494769,25.72701613632149,22.225640761743346,13.609721998171748,0.6393020369013228,6.995752003011238,0.23097807363616393,2.6502549313317636,16.418866883971052,20.69972240123774,8.795276119971232,13.054047915676053,8.779075291218817,7.5115504323745,6.921498950370515,65.05772494633044,23.460787846570838
S062-07,S062,aplicacion,2,7,123.10531621576732,0.1039713359849721,0.8256988817623327,0.2476213330139806,1.0420117567311413,0.5309108049532458,plano,27.997019157220112,1370.138136660307,0.6501050528858658,0.6474217643407179,10.496778037087388,1.614888928782675,sintetico,122.84512499281482,4.7380555555555555,2.189749084595207,29.150514137112477,25.92732895433742,11.057044028844462,0.6333726123733799,11.34431611655039,0.21258020292390772,3.102338160162341,14.670385471161925,18.94957123217434,8.905866755983777,13.793730398029613,8.480969885099945,7.011669582732555,6.485456522821753,57.18686628412112,21.861100061672953
S062-08,S062,aplicacion,2,8,123.10531621576732,0.1039713359849721,0.8256988817623327,0.2476213330139806,1.0420117567311413,0.9843616931236511,plano,27.997019157220112,1370.138136660307,0.6501050528858658,0.6474217643407179,10.496778037087388,1.614888928782675,sintetico,135.01035178245027,3.770277777777778,1.3998926564130896,40.18165231620545,35.8091259424461,10.881897885507993,0.5961836880553654,21.955352538127165,0.1555805746296728,2.338414574595807,9.346469774548202,11.933204256799577,9.424879223867622,14.324889324899702,5.607553272346072,4.784348053728772,4.628572650363136,31.22567311499046,13.574428063858608
S062-09,S062,aplicacion,2,9,123.10531621576732,0.1039713359849721,0.8256988817623327,0.2476213330139806,1.0420117567311413,0.7859219431705116,plano,27.997019157220112,1370.138136660307,0.6501050528858658,0.6474217643407179,10.496778037087388,1.614888928782675,sintetico,128.30644047094245,4.252222222222223,1.6522942981027646,34.07622174071507,30.17397345802148,11.4515286124902,0.6361394349792046,17.71622680951137,0.18818765990581424,3.0800416079561344,12.991139242701477,17.02491316173144,8.803221527755506,14.574941692243865,7.545087619815485,6.256799765287166,5.83189826948791,49.98203884736685,19.724435750657953
S062-10,S062,aplicacion,2,10,123.10531621576732,0.1039713359849721,0.8256988817623327,0.2476213330139806,1.0420117567311413,1.5074809166628995,plano,27.997019157220112,1370.138136660307,0.6501050528858658,0.6474217643407179,10.496778037087388,1.614888928782675,sintetico,110.2985182241975,4.4238888888888885,2.1577805743158853,28.599442927622515,24.93247931728689,12.821800828833355,0.610315824988845,9.562978776842899,0.19867175767151016,2.2324111123537995,12.96988530120476,16.343487028107667,8.601087951027221,12.823786810716733,6.874903011426421,5.849192839479188,5.506822450244531,54.55844835019106,18.50613360659692
S063-01,S063,aplicacion,1,1,123.10357886995243,0.04524125673791165,0.8763929485503904,0.13186037532901546,0.9621688267225125,1.3819307635385942,intermedio,64.23216708324173,1500.2261715818177,0.7141515249769999,0.7704499545733569,11.725860883821529,1.8039785975110045,sintetico,127.81039057575369,6.8261111111111115,3.2157009938593277,21.186091760403112,18.723748924583433,11.626108895580694,0.5710078212659657,3.3490681207780577,0.20403970586519,2.688925653647464,12.523988472218198,15.630465880349714,12.419516241616044,10.291092510308825,9.30263437656013,8.01763994284402,7.328559811666214,63.623882173795934,17.640750950233258
S063-02,S063,aplicacion,1,2,123.10357886995243,0.04524125673791165,0.8763929485503904,0.13186037532901546,0.9621688267225125,1.509773501557151,intermedio,64.23216708324173,1500.2261715818177,0.7141515249769999,0.7704499545733569,11.725860883821529,1.8039785975110045,sintetico,117.94627145754988,5.825833333333334,2.6876644431620855,22.878887596672644,20.245390609220404,11.514804748962952,0.5694213354715316,3.3090163543603683,0.2039182728400954,3.256769748819494,13.35302413382737,16.6547307244924,10.9519954539208,10.769386451427469,8.721679666732504,7.506357833192008,6.876668882165814,63.804622608322255,18.793288489414074
S063-03,S063,aplicacion,1,3,123.10357886995243,0.04524125673791165,0.8763929485503904,0.13186037532901546,0.9621688267225125,0.5964347191066828,intermedio,64.23216708324173,1500.2261715818177,0.7141515249769999,0.7704499545733569,11.725860883821529,1.8039785975110045,sintetico,124.07337975840998,6.080555555555556,2.7806125751693735,23.096426888625384,20.404941394713383,11.658291457286433,0.5926250911803028,4.860666971219735,0.21279919626305943,2.419692446279645,14.519967255601916,18.167664585392245,10.73968599539184,11.552793984074311,9.366918123261884,8.037171519788044,7.357733593687554,63.70009000833988,20.50050132607672
S063-04,S063,aplicacion,1,4,123.10357886995243,0.04524125673791165,0.8763929485503904,0.13186037532901546,0.9621688267225125,0.9911552909725354,intermedio,64.23216708324173,1500.2261715818177,0.7141515249769999,0.7704499545733569,11.725860883821529,1.8039785975110045,sintetico,124.22389851647802,6.888888888888889,3.316592096369839,20.44721625727839,18.032501397553258,11.814516129032258,0.5512664670378804,3.0,0.19352500205957962,3.54851243830209,12.282208467129571,15.24385659298661,11.964477525728961,10.382726554447633,8.801556141161093,7.545082466118225,6.916693423472955,62.76475447692471,17.23993697574964
S063-05,S063,aplicacion,1,5,123.10357886995243,0.04524125673791165,0.8763929485503904,0.13186037532901546,0.9621688267225125,0.5232932627722626,intermedio,64.23216708324173,1500.2261715818177,0.7141515249769999,0.7704499545733569,11.725860883821529,1.8039785975110045,sintetico,115.33417084463368,6.136111111111111,3.060671416067362,21.570133755471275,18.795971708496207,12.865550022634675,0.5772025456067932,2.5984608420099593,0.20207628235591996,2.3188048003881225,13.447663287344431,16.836203996820558,10.288822392985216,11.20965708604971,8.328330626155894,7.146824650221763,6.554709011083803,64.13066383709878,19.065683457442248
S063-06,S063,aplicacion,2,6,123.10357886995243,0.04524125673791165,0.8763929485503904,0.13186037532901546,0.9621688267225125,0.6622423382633228,intermedio,64.23216708324173,1500.2261715818177,0.7141515249769999,0.7704499545733569,11.725860883821529,1.8039785975110045,sintetico,114.44485965897545,6.032222222222222,2.9883386726070253,22.021612639200864,18.972255239100736,13.851538036470807,0.5706405074767985,4.577270215509302,0.2066087223904189,2.476067002672285,13.48073372522629,16.99686292723478,10.406369717261272,10.99757771138414,8.542430599286865,7.2977713897015954,6.715170680515544,63.071166109869424,19.325118970209925
S063-07,S063,aplicacion,2,7,123.10357886995243,0.04524125673791165,0.8763929485503904,0.13186037532901546,0.9621688267225125,0.4852681173401564,intermedio,64.23216708324173,1500.2261715818177,0.7141515249769999,0.7704499545733569,11.725860883821529,1.8039785975110045,sintetico,138.36730079040248,6.525277777777778,2.796903587692471,23.9240111771832,21.20481387959001,11.370312034396152,0.5711736013795923,7.398578178877016,0.19354243890372852,2.530694298077833,13.139761764005357,16.46503062476169,11.818838462141567,11.7073518885654,9.474752746593914,8.072454961194712,7.341493132191616,56.66011196609293,18.709866993586726
S063-08,S063,aplicacion,2,8,123.10357886995243,0.04524125673791165,0.8763929485503904,0.13186037532901546,0.9621688267225125,0.5680745755469366,intermedio,64.23216708324173,1500.2261715818177,0.7141515249769999,0.7704499545733569,11.725860883821529,1.8039785975110045,sintetico,126.00460146470286,7.3925,3.8649382192317896,20.00188311780855,17.04492410750123,14.789764400856726,0.5858937463517898,3.1676248450005633,0.22155816818162782,2.4007858281541203,13.659820297995099,17.067928341811996,12.265852955750008,10.272795697068437,10.124716782141563,8.620416100458595,7.833081202751889,65.820024799955,19.390961646198857
S063-09,S063,aplicacion,2,9,123.10357886995243,0.04524125673791165,0.8763929485503904,0.13186037532901546,0.9621688267225125,1.2350594620621624,intermedio,64.23216708324173,1500.2261715818177,0.7141515249769999,0.7704499545733569,11.725860883821529,1.8039785975110045,sintetico,108.51847927176435,5.61,2.9580215476123213,22.34660346476275,19.343757445947297,13.443256090314915,0.5573821058255439,4.540503069914835,0.19803599912799694,3.2226759263353526,12.131026942651646,15.210079517903434,10.239015113943228,10.598527110677535,7.630888038075352,6.451034622483983,5.9824972467722635,61.29641033848434,17.26779826248423
S063-10,S063,aplicacion,2,10,123.10357886995243,0.04524125673791165,0.8763929485503904,0.13186037532901546,0.9621688267225125,1.0828737292522268,intermedio,64.23216708324173,1500.2261715818177,0.7141515249769999,0.7704499545733569,11.725860883821529,1.8039785975110045,sintetico,129.1751365401674,5.686388888888889,2.539188335969031,25.808278057948005,22.716549828762766,11.982804943578723,0.5880898884889801,8.84177617116897,0.1908441907133891,2.6166293844218678,12.442936761657817,15.75623084165134,11.138035645540993,11.59765874801105,8.513510549092837,7.261908539028682,6.6672728205458265,54.49537676382728,17.939758580085385
S064-01,S064,aplicacion,1,1,200.308131853764,0.05167158679408086,0.8597859346193422,0.3080881789416886,1.008196892814651,1.5007605946811848,plano,33.940245782686574,1244.7418987572291,0.6151385160956568,0.5595696550953495,9.255531240470797,1.4239278831493534,sintetico,201.49165991953532,8.485277777777778,2.42689945675806,27.0226865741656,23.746029911622323,12.125576979736143,0.6109600755679101,8.367433790552264,0.1998104059200877,2.9656614149936185,13.340921592692217,16.67367863355731,14.705299976490366,13.701975494662724,11.842114097772733,10.271798584695324,9.223926099484952,56.37743991432448,18.824683380286267
S064-02,S064,aplicacion,1,2,200.308131853764,0.05167158679408086,0.8597859346193422,0.3080881789416886,1.008196892814651,0.6951324324813262,plano,33.940245782686574,1244.7418987572291,0.6151385160956568,0.5595696550953495,9.255531240470797,1.4239278831493534,sintetico,176.1022686292569,8.54138888888889,2.8960444630823496,23.50903574981736,20.61752144997642,12.299586978438324,0.5956031303259642,5.564408598653615,0.20171912164668954,1.927338992954791,13.593620318444218,16.764413460347594,12.97796719218134,13.569326075608425,10.463681320711899,9.138194937891933,8.222942958102445,55.558129954050344,18.854714406927272
S064-03,S064,aplicacion,1,3,200.308131853764,0.05167158679408086,0.8597859346193422,0.3080881789416886,1.008196892814651,1.2238856746003381,plano,33.940245782686574,1244.7418987572291,0.6151385160956568,0.5595696550953495,9.255531240470797,1.4239278831493534,sintetico,231.32663542462873,9.108611111111111,2.20899767578427,29.371702730880806,25.396477311721615,13.534201457717057,0.6091016694611934,11.539751761153976,0.18311202245387367,3.649731235598503,12.46963499563376,15.670151295242848,15.981161677177269,14.47495745913057,12.342180540114152,10.552156079315388,9.42807399772224,50.391047470709715,17.831732288654464
S064-04,S064,aplicacion,1,4,200.308131853764,0.05167158679408086,0.8597859346193422,0.3080881789416886,1.008196892814651,1.1818637510540744,plano,33.940245782686574,1244.7418987572291,0.6151385160956568,0.5595696550953495,9.255531240470797,1.4239278831493534,sintetico,203.22814642970073,8.980555555555556,2.475050866903391,26.1536186153901,22.629796694924917,13.473553974636559,0.6130881905583635,8.00804206619239,0.20206361406519036,1.9171867573447359,13.761809825990621,17.10385920912842,14.562749938453141,13.95534135301424,12.010188592969747,10.449708228105168,9.3655406551006,57.83472869821822,19.270992698574393
S064-05,S064,aplicacion,1,5,200.308131853764,0.05167158679408086,0.8597859346193422,0.3080881789416886,1.008196892814651,1.3834483321422173,plano,33.940245782686574,1244.7418987572291,0.6151385160956568,0.5595696550953495,9.255531240470797,1.4239278831493534,sintetico,221.90411743945026,7.548611111111111,1.6042965047601685,32.72653923728066,29.396681611113927,10.174793008279668,0.5859993461521003,14.82980680772769,0.17500971300543972,1.9225790894893782,11.826193339917069,14.932884481809195,14.528114817845779,15.274116443991188,10.588616516129745,9.167377092965562,8.302201956808503,45.680972315762354,16.912990337553328
S064-06,S064,aplicacion,2,6,200.308131853764,0.05167158679408086,0.8597859346193422,0.3080881789416886,1.008196892814651,1.4038527258302165,plano,33.940245782686574,1244.7418987572291,0.6151385160956568,0.5595696550953495,9.255531240470797,1.4239278831493534,sintetico,193.70568206216615,8.982222222222223,2.565748173770645,24.900569734825858,21.565451986139227,13.393740722414647,0.6044408669828275,7.428253339930728,0.20732771661207597,2.0536344686509795,13.36997825126642,16.65942003690823,14.559434885256627,13.304478064483053,11.773411669982751,10.1643756941115,9.115357042818948,59.5634610692913,18.887884430270788
S064-07,S064,aplicacion,2,7,200.308131853764,0.05167158679408086,0.8597859346193422,0.3080881789416886,1.008196892814651,1.1955005036144435,plano,33.940245782686574,1244.7418987572291,0.6151385160956568,0.5595696550953495,9.255531240470797,1.4239278831493534,sintetico,221.22716206482008,9.063888888888888,2.255600059877782,27.99359519976634,24.40753243743035,12.810297272448668,0.6083809789438903,10.833588722034937,0.18704973488637403,2.4719690674371027,13.07737540882294,16.253415867306376,15.410880966999926,14.35525733658865,12.11755596982575,10.534829678164469,9.42584906848022,52.97820531019923,18.353565824368363
S064-08,S064,aplicacion,2,8,200.308131853764,0.05167158679408086,0.8597859346193422,0.3080881789416886,1.008196892814651,0.893768891232193,plano,33.940245782686574,1244.7418987572291,0.6151385160956568,0.5595696550953495,9.255531240470797,1.4239278831493534,sintetico,199.590814369774,10.1875,3.0412221219531435,22.769177416458675,19.591736379855117,13.955010224948875,0.6153288160023526,4.441717791411043,0.2320324923480272,3.5234412336782737,15.890235233618327,19.643980921019015,15.035191248078606,13.274910247335917,14.145341625755863,12.307211559688694,10.920044183590383,67.41652896028428,22.147659967221447
S064-09,S064,aplicacion,2,9,200.308131853764,0.05167158679408086,0.8597859346193422,0.3080881789416886,1.008196892814651,1.2298905135082552,plano,33.940245782686574,1244.7418987572291,0.6151385160956568,0.5595696550953495,9.255531240470797,1.4239278831493534,sintetico,194.7043954945753,8.000277777777777,2.434459678200774,27.934633499939068,24.337204395002644,12.87802506857401,0.6180020024897454,10.954480747196278,0.19916475531817157,2.8567725114595066,12.93155359447133,16.16229130784434,14.113653207643942,13.795464053851312,11.144398775030135,9.594478595922444,8.646468030440165,50.846851186056206,18.336905785275565
S064-10,S064,aplicacion,2,10,200.308131853764,0.05167158679408086,0.8597859346193422,0.3080881789416886,1.008196892814651,0.5374926505060729,plano,33.940245782686574,1244.7418987572291,0.6151385160956568,0.5595696550953495,9.255531240470797,1.4239278831493534,sintetico,227.97286480118544,8.894444444444444,2.1669245610911463,29.20648801723372,25.630927960158264,12.242348532167394,0.6099449438195443,11.814490943160525,0.2011698220755652,1.0637386710688816,14.371040921689852,18.1086899447117,14.798714083664565,15.404910420752797,13.147712686339256,11.253706988170967,10.022369576700505,54.022546183832205,20.55394396060752
S065-01,S065,aplicacion,1,1,187.63997192349314,0.03544778494313467,0.6551538657820074,0.15139172172962362,1.048792132814183,1.2323222339056077,plano,18.150851145279436,1314.458125990747,0.6008637093533306,0.533071228491296,7.873940115875545,1.2113754024423915,sintetico,215.73463358587975,8.785,2.03954271359422,27.428736744099137,24.55715806327601,10.469234174413456,0.6230789838593299,8.27483715929931,0.21644454227422288,1.4319552587429112,16.185034332947193,20.556244064170887,14.531912731534566,14.845577287133779,14.573626294447614,12.405030953927387,10.994101558179453,61.591984394118604,23.372153602533736
S065-02,S065,aplicacion,1,2,187.63997192349314,0.03544778494313467,0.6551538657820074,0.15139172172962362,1.048792132814183,0.8491745210784162,plano,18.150851145279436,1314.458125990747,0.6008637093533306,0.533071228491296,7.873940115875545,1.2113754024423915,sintetico,175.8000185245937,5.711944444444445,1.626848520269011,34.43870417851321,30.77761351400755,10.630744541166171,0.635726752046271,17.90594757574284,0.1990220762846382,2.3759730665947956,15.382832670727101,19.826782801586855,10.515533575819877,16.71812630876288,10.354597114231277,8.703731424561818,7.906031937376211,52.398353406381084,22.7001180589779
S065-03,S065,aplicacion,1,3,187.63997192349314,0.03544778494313467,0.6551538657820074,0.15139172172962362,1.048792132814183,0.8233359832887625,plano,18.150851145279436,1314.458125990747,0.6008637093533306,0.533071228491296,7.873940115875545,1.2113754024423915,sintetico,203.85552552997106,6.562777777777778,1.5403065439785462,34.108565342438,31.0623843184583,8.930838906289681,0.6221275751760575,17.336832303394566,0.20308749131972312,5.264773348546721,15.635723291549995,20.081781691557495,12.407641702806627,16.429836580778975,12.286859989557327,10.405810202964718,9.34299732536054,51.25856879693989,22.96790881383805
S065-04,S065,aplicacion,1,4,187.63997192349314,0.03544778494313467,0.6551538657820074,0.15139172172962362,1.048792132814183,1.163700483530103,plano,18.150851145279436,1314.458125990747,0.6008637093533306,0.533071228491296,7.873940115875545,1.2113754024423915,sintetico,170.31538209015025,5.849444444444444,1.8142812246778866,32.69183553849859,29.116505628480432,10.93646120239339,0.6101676137897409,15.599772058125177,0.19058767467937984,2.531076363341523,13.551989629705108,17.39810522301803,10.921069323411494,15.595119584585476,9.51247725356757,7.984095050290737,7.316414165734591,48.49089785950983,19.977685605636722
S065-05,S065,aplicacion,1,5,187.63997192349314,0.03544778494313467,0.6551538657820074,0.15139172172962362,1.048792132814183,1.3088568976192163,plano,18.150851145279436,1314.458125990747,0.6008637093533306,0.533071228491296,7.873940115875545,1.2113754024423915,sintetico,174.04937756050253,6.865833333333334,1.9362321470115746,28.30838344708634,25.350073197305868,10.450297366185216,0.6114577638625701,10.7254116599911,0.20458976948078192,2.715523047080776,15.410894919599778,19.452868534039094,11.710495445857541,14.862682656357684,11.085903655307218,9.49615282883961,8.571457357565967,57.83089836868458,22.10906462358
S065-06,S065,aplicacion,2,6,187.63997192349314,0.03544778494313467,0.6551538657820074,0.15139172172962362,1.048792132814183,1.4240612004711886,plano,18.150851145279436,1314.458125990747,0.6008637093533306,0.533071228491296,7.873940115875545,1.2113754024423915,sintetico,203.68995331608323,7.247777777777777,1.6397470496824331,31.018774616662427,28.103780160121865,9.397516480147171,0.6281545222755798,12.639889621339876,0.2192796603244319,3.5296501646557794,16.717066435146698,21.30505799175757,13.273071979628705,15.346104777304248,13.86101505551134,11.735513856072664,10.471311600837007,60.02833424006297,24.328659700521364
S065-07,S065,aplicacion,2,7,187.63997192349314,0.03544778494313467,0.6551538657820074,0.15139172172962362,1.048792132814183,1.2835705328354665,plano,18.150851145279436,1314.458125990747,0.6008637093533306,0.533071228491296,7.873940115875545,1.2113754024423915,sintetico,208.86167091234563,8.0375,1.88162815265867,29.403332366824824,25.985899957990128,11.622602384655261,0.6119801416175008,10.28857784689822,0.2109962815322993,1.1127207617093153,15.22911427691868,19.641580466397144,13.936384075932745,14.986790674995571,13.57612718941322,11.407176489611114,10.198199613735067,58.45913795425549,22.530942511826368
S065-08,S065,aplicacion,2,8,187.63997192349314,0.03544778494313467,0.6551538657820074,0.15139172172962362,1.048792132814183,0.9219402344205911,plano,18.150851145279436,1314.458125990747,0.6008637093533306,0.533071228491296,7.873940115875545,1.2113754024423915,sintetico,217.06035226083173,9.633888888888889,2.5016083975921184,25.534843086693492,22.53091713681432,11.764027449397382,0.6279672327211853,6.565365319185745,0.2278682721521162,1.2551226232494728,17.257122580827474,21.838268326454635,14.818737426596627,14.64769541507986,15.703782492862034,13.422959331236816,11.865607744797549,65.24045924969414,24.854257217255682
S065-09,S065,aplicacion,2,9,187.63997192349314,0.03544778494313467,0.6551538657820074,0.15139172172962362,1.048792132814183,0.5291271495043459,plano,18.150851145279436,1314.458125990747,0.6008637093533306,0.533071228491296,7.873940115875545,1.2113754024423915,sintetico,172.9593308182613,6.39,2.0062519804994716,30.368901670279506,27.06718792148064,10.872022256998783,0.6362699681843511,11.611024169709616,0.19849209744710386,3.631570361438469,16.171127168960243,20.450813683874536,10.58792164903158,16.335531802323164,10.646718955359443,9.029493316956472,8.17752085425686,54.880230301179374,23.275381018967426
S065-10,S065,aplicacion,2,10,187.63997192349314,0.03544778494313467,0.6551538657820074,0.15139172172962362,1.048792132814183,0.6661865987030402,plano,18.150851145279436,1314.458125990747,0.6008637093533306,0.533071228491296,7.873940115875545,1.2113754024423915,sintetico,173.75510383011513,6.538055555555555,1.904980013269868,29.95490727844146,26.575960138862833,11.280112163827166,0.6342717329427571,10.515358796788036,0.20152813734968386,1.1466443935559236,16.10490443995481,20.53671064500947,10.563311272608232,16.448923954430864,10.672619915665551,9.046385785175225,8.202465115757176,58.22626841087699,23.38524021404071
S066-01,S066,aplicacion,1,1,158.49069550910687,0.10294595109051,0.8348670494351691,0.20698549724617343,1.0205837623714071,1.3255148074162517,intermedio,123.76833679236347,1230.4850190233763,0.6817424414487571,0.5542872184125287,8.436303967055164,1.2978929180084866,sintetico,150.32133193504336,6.510277777777778,2.5412228263455603,26.315735993296833,23.08984916867159,12.25839484575671,0.6191820272150445,8.44818022784486,0.21670054527616006,5.281079899628938,14.164114191209332,17.73430592078179,10.898878088412141,13.792367500180351,9.33835523582955,8.103292137517629,7.374767103742253,55.41484977523177,20.047126353503813
S066-02,S066,aplicacion,1,2,158.49069550910687,0.10294595109051,0.8348670494351691,0.20698549724617343,1.0205837623714071,0.694253014518418,intermedio,123.76833679236347,1230.4850190233763,0.6817424414487571,0.5542872184125287,8.436303967055164,1.2978929180084866,sintetico,137.69812740142748,4.8341666666666665,1.8228279842053825,32.212181340252066,28.484356642253573,11.57271734758375,0.6029931314993037,14.273401137734872,0.18801895316035858,4.267753862246191,12.585751351940543,15.80453833186841,8.876739292006217,15.5122419248506,6.878634437163218,5.951166139344427,5.576491526284152,42.24748727603148,17.884142646829616
S066-03,S066,aplicacion,1,3,158.49069550910687,0.10294595109051,0.8348670494351691,0.20698549724617343,1.0205837623714071,1.295247958169286,intermedio,123.76833679236347,1230.4850190233763,0.6817424414487571,0.5542872184125287,8.436303967055164,1.2978929180084866,sintetico,157.06690710601515,7.694166666666667,2.9605217837907754,23.58558711861411,20.41376459733761,13.448138921982745,0.600137984575061,6.711433625762663,0.22059925221067725,4.440880648377198,13.698379619751739,17.10110657360607,12.291789873109282,12.778196562701583,10.362266084323807,8.84073943941078,7.994108140107091,56.99348282505023,19.473439555435082
S066-04,S066,aplicacion,1,4,158.49069550910687,0.10294595109051,0.8348670494351691,0.20698549724617343,1.0205837623714071,1.077808442896138,intermedio,123.76833679236347,1230.4850190233763,0.6817424414487571,0.5542872184125287,8.436303967055164,1.2978929180084866,sintetico,147.16694208238115,7.439722222222223,3.0305719048666377,22.65268477409663,19.781241515012216,12.675951163051188,0.6187892684542006,3.8046522047567484,0.23479387323985768,4.177674506820413,15.919615697606812,19.635321815473734,10.99963350478613,13.379258683332154,10.41586207590327,9.027800944216338,8.146507685458994,66.07544285355583,22.188627353231865
S066-05,S066,aplicacion,1,5,158.49069550910687,0.10294595109051,0.8348670494351691,0.20698549724617343,1.0205837623714071,0.8710947913645959,intermedio,123.76833679236347,1230.4850190233763,0.6817424414487571,0.5542872184125287,8.436303967055164,1.2978929180084866,sintetico,147.0059803596919,3.8561111111111113,1.1087984284800807,41.7630626021852,38.12285904731961,8.716323296354993,0.5715452975243092,26.372280651202995,0.142138236922997,4.179772427682605,8.74940754840023,11.218419872465352,8.541504724261886,17.210782538365383,4.993364266097128,4.192720034767685,4.110613018098021,30.050853858788876,12.847522590990394
S066-06,S066,aplicacion,2,6,158.49069550910687,0.10294595109051,0.8348670494351691,0.20698549724617343,1.0205837623714071,0.701816534806958,intermedio,123.76833679236347,1230.4850190233763,0.6817424414487571,0.5542872184125287,8.436303967055164,1.2978929180084866,sintetico,172.71963995221282,5.921666666666667,1.7542880478666611,32.67080200861529,29.16740331306718,10.72333239515902,0.6016411736077862,16.54939487756825,0.1796101837492266,3.853402506683711,12.413747252320892,15.73823532100781,10.635130182498346,16.240481967625385,8.338188121160101,7.102643877946599,6.573185234725281,44.67140985254872,17.93573528582625
S066-07,S066,aplicacion,2,7,158.49069550910687,0.10294595109051,0.8348670494351691,0.20698549724617343,1.0205837623714071,1.2591011865687158,intermedio,123.76833679236347,1230.4850190233763,0.6817424414487571,0.5542872184125287,8.436303967055164,1.2978929180084866,sintetico,164.58793243394896,6.921111111111111,2.3148720223027266,26.670712853898824,23.780564968783764,10.83641033873816,0.5946911345843348,8.56477765291379,0.1966200679312497,3.9412884817336455,13.792334044980151,17.167794751673956,11.265536913219064,14.609861358744496,9.356449602579017,8.131104083574714,7.357375557603485,55.51318586972465,19.374753235801204
S066-08,S066,aplicacion,2,8,158.49069550910687,0.10294595109051,0.8348670494351691,0.20698549724617343,1.0205837623714071,1.5413625495271708,intermedio,123.76833679236347,1230.4850190233763,0.6817424414487571,0.5542872184125287,8.436303967055164,1.2978929180084866,sintetico,156.6307591052989,5.816388888888889,2.0047147941669987,30.219772376819552,26.929210219164048,10.888772147667034,0.6094232534781968,14.814461053536462,0.1923703761779289,4.2982484993142345,12.313424713807102,15.729992448116208,10.84655983212253,14.440593287599862,8.450778520874396,7.212956484671585,6.654692183463348,48.25513795251731,18.009952524465483
S066-09,S066,aplicacion,2,9,158.49069550910687,0.10294595109051,0.8348670494351691,0.20698549724617343,1.0205837623714071,0.8464396705332723,intermedio,123.76833679236347,1230.4850190233763,0.6817424414487571,0.5542872184125287,8.436303967055164,1.2978929180084866,sintetico,139.54112237596456,5.823888888888889,2.2932308021561307,26.76477385867507,23.960127852402575,10.478870552322809,0.6027466322510162,9.114757225984928,0.18515264140765975,4.078187595908917,13.71547493674606,17.06254539429203,9.288624823289348,15.022796703565142,7.690053345627534,6.680407021085378,6.1994918913386865,51.71809977053409,19.277509339263915
S066-10,S066,aplicacion,2,10,158.49069550910687,0.10294595109051,0.8348670494351691,0.20698549724617343,1.0205837623714071,1.0988941672587915,intermedio,123.76833679236347,1230.4850190233763,0.6817424414487571,0.5542872184125287,8.436303967055164,1.2978929180084866,sintetico,141.92719241194405,6.040277777777778,2.3885486229872823,27.496388584813182,23.496798927707452,14.545872614394115,0.5890129889918522,10.420786387675328,0.19237103534394828,4.508233208607058,12.902700773506618,16.015530991049193,9.952471253030563,14.260497599400423,7.800847295846004,6.752425026168984,6.232068051426606,48.271757597388195,18.17441488529902
S067-01,S067,aplicacion,1,1,183.63252893150195,0.0919904211692153,0.7836085710006677,0.11198226926332533,1.0458687796912052,0.5458971391433649,intermedio,82.77519424731847,1390.5543851351379,0.6685642049880095,0.6868260790048678,11.572650758589761,1.7804078090138094,sintetico,179.68432311785588,7.341388888888889,2.0981240514383868,27.31571991150209,24.47552170813429,10.397669226985508,0.606192231618691,9.323092057966628,0.2099743214735254,3.0328304037963005,14.526698870768113,18.481698342666345,13.688772757640129,13.126401197475388,12.281615176784266,10.462217073819252,9.36905700809712,59.170668146257725,21.027537147400484
S067-02,S067,aplicacion,1,2,183.63252893150195,0.0919904211692153,0.7836085710006677,0.11198226926332533,1.0458687796912052,1.3776941211330542,intermedio,82.77519424731847,1390.5543851351379,0.6685642049880095,0.6868260790048678,11.572650758589761,1.7804078090138094,sintetico,167.41305430746357,5.831666666666667,1.7382157036903585,31.783936056685416,28.7075829049666,9.678955892159664,0.6214369826175978,13.00371534724207,0.20713023200545344,4.454265884404607,13.542596801072486,17.564324888524865,13.007875809381986,12.870130124298711,11.249928218355159,9.461492630743972,8.574398096475623,54.094708932412914,20.092019126831776
S067-03,S067,aplicacion,1,3,183.63252893150195,0.0919904211692153,0.7836085710006677,0.11198226926332533,1.0458687796912052,1.3791161265597809,intermedio,82.77519424731847,1390.5543851351379,0.6685642049880095,0.6868260790048678,11.572650758589761,1.7804078090138094,sintetico,200.47041971948286,7.479444444444445,1.8905532323937495,30.159785657158192,26.802848956032765,11.130505830795514,0.5912279795171616,13.875064992943622,0.17907469567190537,3.417855602624925,10.948305263898908,14.09642932377312,15.989911900960887,12.537306081557329,11.262742919255857,9.461380429873095,8.54482489014755,46.71050091439911,16.230202323620162
S067-04,S067,aplicacion,1,4,183.63252893150195,0.0919904211692153,0.7836085710006677,0.11198226926332533,1.0458687796912052,1.2542463711927836,intermedio,82.77519424731847,1390.5543851351379,0.6685642049880095,0.6868260790048678,11.572650758589761,1.7804078090138094,sintetico,177.53919688036044,7.746944444444445,2.4332654849797186,25.995083123980052,22.917318970536684,11.8397934669583,0.6325305273096735,7.917099931872781,0.23429098018730468,4.071186038241971,15.012263659045995,19.157094325650238,14.931065494171772,11.890591260862228,13.951565941197499,11.79344689588632,10.531529849084555,64.43223231258429,21.886449159201984
S067-05,S067,aplicacion,1,5,183.63252893150195,0.0919904211692153,0.7836085710006677,0.11198226926332533,1.0458687796912052,1.3289491944257583,intermedio,82.77519424731847,1390.5543851351379,0.6685642049880095,0.6868260790048678,11.572650758589761,1.7804078090138094,sintetico,166.555451690858,4.858333333333333,1.3569054492402715,37.346597700846395,34.282425733967344,8.204688393367638,0.6099961267072674,20.217267009719837,0.16481092513840231,3.6880806618774815,9.376596222614259,12.318040894385172,12.50276331576078,13.321491216337826,8.007542830233914,6.515814581216033,6.095059767387935,37.208968733509884,14.278500729337171
S067-06,S067,aplicacion,2,6,183.63252893150195,0.0919904211692153,0.7836085710006677,0.11198226926332533,1.0458687796912052,0.7492172441783755,intermedio,82.77519424731847,1390.5543851351379,0.6685642049880095,0.6868260790048678,11.572650758589761,1.7804078090138094,sintetico,207.597535414645,6.896944444444444,1.4884569770195912,33.74045722314772,30.09992861141093,10.789802247372023,0.5883118894186228,16.770711667807806,0.18230362931339666,3.2190296524561464,12.324245407341072,15.841043612678176,14.790265135327006,14.036092897266043,11.669855870943097,9.802101430923583,8.821528683697366,47.45415461641249,18.12382322071005
S067-07,S067,aplicacion,2,7,183.63252893150195,0.0919904211692153,0.7836085710006677,0.11198226926332533,1.0458687796912052,0.774397533424469,intermedio,82.77519424731847,1390.5543851351379,0.6685642049880095,0.6868260790048678,11.572650758589761,1.7804078090138094,sintetico,170.94578947768343,5.415,1.4390527005762532,35.01990793374269,31.56893619163129,9.854314147942956,0.6207677485186409,17.43100441161383,0.17915961924568816,2.9565321562195765,12.037757109968537,15.689566671269255,12.14995243874548,14.069667378495033,9.601862812134582,7.977164373299954,7.291930282920916,46.225698098740615,18.074714321849875
S067-08,S067,aplicacion,2,8,183.63252893150195,0.0919904211692153,0.7836085710006677,0.11198226926332533,1.0458687796912052,0.7082973171324434,intermedio,82.77519424731847,1390.5543851351379,0.6685642049880095,0.6868260790048678,11.572650758589761,1.7804078090138094,sintetico,178.51655482049816,7.467222222222222,2.2630954333968063,27.04568627867155,23.906688392001836,11.606279294695335,0.612625965289984,9.750018599806562,0.1955597613618097,3.499053006949699,13.239566516558963,16.765985895936794,14.153687685031187,12.612723891689066,11.6764020528284,9.858058019521593,8.832440325581713,54.64180509002767,19.143818879726673
S067-09,S067,aplicacion,2,9,183.63252893150195,0.0919904211692153,0.7836085710006677,0.11198226926332533,1.0458687796912052,0.8805230932771426,intermedio,82.77519424731847,1390.5543851351379,0.6685642049880095,0.6868260790048678,11.572650758589761,1.7804078090138094,sintetico,169.78959491669386,5.859166666666667,1.7610030823543832,32.29644624855215,28.978454544166212,10.273550466979566,0.6149586688094991,15.98160527189115,0.19319452444973786,3.5361508820272407,12.345258602632136,15.93771452212619,12.765788540792679,13.300360911833726,10.114118984246774,8.496620761153709,7.743721996534606,48.04549115611245,18.240096734502345
S067-10,S067,aplicacion,2,10,183.63252893150195,0.0919904211692153,0.7836085710006677,0.11198226926332533,1.0458687796912052,1.2392329784221645,intermedio,82.77519424731847,1390.5543851351379,0.6685642049880095,0.6868260790048678,11.572650758589761,1.7804078090138094,sintetico,160.57422809086088,5.863888888888889,2.0239860646634953,31.100619848662998,27.383572767745104,11.951681667456182,0.6233158784296072,13.870203694931313,0.20561634226565512,3.8248169819991986,12.912811470564035,16.755217314188574,12.645599105731247,12.698032473454369,10.478085700675798,8.795024753583325,7.951309597373208,51.442040235773305,19.25184941846379
S068-01,S068,aplicacion,1,1,189.29349434087172,0.13957665252054421,0.7197169354788224,0.12713366330897669,0.9933156599280083,1.1214443831584608,plano,27.00536721138571,1520.587886420092,0.7145820095940035,0.8612951105921854,13.997530790818567,2.153466275510549,sintetico,175.8525902293136,5.85,1.5012573864038128,33.6324678919137,30.0602718340707,10.622032288698955,0.5860998665800735,17.00854700854701,0.1803943216905579,3.1740452813350157,11.829654293055327,15.209269288115017,14.21987790792611,12.36667370619926,10.667327940999954,8.961554967918312,8.120606464909477,49.15891054166294,17.411759697597166
S068-02,S068,aplicacion,1,2,189.29349434087172,0.13957665252054421,0.7197169354788224,0.12713366330897669,0.9933156599280083,1.339066908189337,plano,27.00536721138571,1520.587886420092,0.7145820095940035,0.8612951105921854,13.997530790818567,2.153466275510549,sintetico,205.63618695455494,6.897222222222222,1.7458016768193532,33.25498392499491,29.814348491196046,10.346355215465163,0.5726716399525782,17.26137736608941,0.15354856714244072,1.9246905782484791,9.481768314478074,12.239910021520483,17.441929565388975,11.789761343986314,10.667089910202261,8.92058045994566,8.084968745803703,41.66207629718158,14.038089305667288
S068-03,S068,aplicacion,1,3,189.29349434087172,0.13957665252054421,0.7197169354788224,0.12713366330897669,0.9933156599280083,0.7331862256424457,plano,27.00536721138571,1520.587886420092,0.7145820095940035,0.8612951105921854,13.997530790818567,2.153466275510549,sintetico,197.12026253191013,6.599166666666667,1.6132283709216433,33.067654697236044,29.87047796922492,9.668729216651935,0.5996373021519837,15.616449888453928,0.1888029803679159,2.729586729417777,11.4982124089712,15.095328575010189,16.24860076216499,12.13152230257921,12.507394626171735,10.164089308610778,9.1163868626906,47.72128148334774,17.492311580218292
S068-04,S068,aplicacion,1,4,189.29349434087172,0.13957665252054421,0.7197169354788224,0.12713366330897669,0.9933156599280083,0.7281046817851564,plano,27.00536721138571,1520.587886420092,0.7145820095940035,0.8612951105921854,13.997530790818567,2.153466275510549,sintetico,178.2517427571508,6.1497222222222225,1.6774029548050813,32.62670162405412,28.98533239648326,11.161299064998419,0.5897332320126312,17.539184244997514,0.16671904776665666,4.192718563305846,10.684891137289746,13.793783192763462,14.516920975675133,12.278894612420448,9.982761891239711,8.33244402966388,7.582598674923024,44.482376071494,15.823882691589533
S068-05,S068,aplicacion,1,5,189.29349434087172,0.13957665252054421,0.7197169354788224,0.12713366330897669,0.9933156599280083,0.6888159068746764,plano,27.00536721138571,1520.587886420092,0.7145820095940035,0.8612951105921854,13.997530790818567,2.153466275510549,sintetico,218.03703003572883,7.840277777777778,1.940037432773161,31.76058735099732,27.809860341138133,12.439326837909654,0.5789588522660543,15.819309123117803,0.16803350008863185,3.6411811413037927,10.221549920576312,13.1745974096318,18.47832807193351,11.79960812401109,12.211987313158245,10.158981435089446,9.123183628592361,43.41340350193495,15.16698485879663
S068-06,S068,aplicacion,2,6,189.29349434087172,0.13957665252054421,0.7197169354788224,0.12713366330897669,0.9933156599280083,0.5900184589854858,plano,27.00536721138571,1520.587886420092,0.7145820095940035,0.8612951105921854,13.997530790818567,2.153466275510549,sintetico,168.91007460659225,4.826944444444444,1.166301065574874,37.79205197312963,34.99316732368833,7.406341716061461,0.5704335815689707,22.17874201530759,0.1533869648321546,2.2300227020323886,9.98478668492847,13.109334466347844,12.457578874882818,13.558820401864091,8.238853468640828,6.833235792798589,6.335225468415784,40.04201170645839,15.1672047195753
S068-07,S068,aplicacion,2,7,189.29349434087172,0.13957665252054421,0.7197169354788224,0.12713366330897669,0.9933156599280083,1.1652165653375761,plano,27.00536721138571,1520.587886420092,0.7145820095940035,0.8612951105921854,13.997530790818567,2.153466275510549,sintetico,189.4503651308954,7.8436111111111115,2.100814108882889,27.28068046554369,24.153462282509594,11.463682402521515,0.5719160211998081,11.120161490243298,0.19511311665002115,4.006104670537533,11.671903975209233,14.913198477341567,17.49270567564555,10.830249399020081,12.904517982437035,10.782412233180606,9.534102137272674,54.024233022753606,17.031554022531388
S068-08,S068,aplicacion,2,8,189.29349434087172,0.13957665252054421,0.7197169354788224,0.12713366330897669,0.9933156599280083,1.557541246474635,plano,27.00536721138571,1520.587886420092,0.7145820095940035,0.8612951105921854,13.997530790818567,2.153466275510549,sintetico,222.62998715988908,7.820833333333334,1.8101784271791392,31.466840261294905,28.466274330513254,9.536494405966968,0.587767144278626,15.482152370804474,0.18257561550181614,1.7023223718322709,10.95186509209701,14.238194728091223,19.67738071853176,11.314005168900383,13.897872366853663,11.600375005577524,10.376107134384586,48.61571582586399,16.36440106488784
S068-09,S068,aplicacion,2,9,189.29349434087172,0.13957665252054421,0.7197169354788224,0.12713366330897669,0.9933156599280083,1.5557432019350461,plano,27.00536721138571,1520.587886420092,0.7145820095940035,0.8612951105921854,13.997530790818567,2.153466275510549,sintetico,212.64533690914138,7.259722222222222,1.6459331066805722,32.41924688015366,29.291112028808456,9.649894777118806,0.6033618796599965,16.361201453988905,0.18606634987328158,3.6033800435732286,11.287455359505639,14.766090578443272,18.41580454076435,11.546893671598209,13.598702507518851,11.254237702760511,10.077269849510117,50.278065002596584,17.0124971191789
S068-10,S068,aplicacion,2,10,189.29349434087172,0.13957665252054421,0.7197169354788224,0.12713366330897669,0.9933156599280083,0.7712937165976663,plano,27.00536721138571,1520.587886420092,0.7145820095940035,0.8612951105921854,13.997530790818567,2.153466275510549,sintetico,210.7109470641938,7.312222222222222,1.7464683497810276,32.54069657292305,28.816266883114178,11.445828901382768,0.607023592929005,16.48685610089652,0.18719557042337034,2.8507657788013785,11.55621156948395,15.083733061560125,17.592125398144265,11.977571913307358,13.531615881525795,11.010680026135088,9.869030529033177,49.18328485545688,17.46948917810452
S069-01,S069,aplicacion,1,1,182.1589573537432,0.07969137749951705,0.8087574536224702,0.0864340678831909,1.020779138290055,1.479917443566825,intermedio,117.63014201033934,1502.8434649792569,0.671006764912806,0.7105970651239667,11.213041332154758,1.7250832818699626,sintetico,175.50613935989523,9.45861111111111,3.2705408602427744,21.464994112302456,18.555170235694188,13.556136383659803,0.6133242979370498,4.11441661037855,0.22696575240989347,4.522769846822248,13.739688033122656,17.51349215436028,17.203153137587975,10.201975065630476,14.759706498943066,12.384220182938968,11.003885597718998,67.02502961393003,20.096112844592273
S069-02,S069,aplicacion,1,2,182.1589573537432,0.07969137749951705,0.8087574536224702,0.0864340678831909,1.020779138290055,0.5789626210848339,intermedio,117.63014201033934,1502.8434649792569,0.671006764912806,0.7105970651239667,11.213041332154758,1.7250832818699626,sintetico,176.83545516279193,6.479166666666667,1.764352062276073,30.37684967247464,27.292931986540232,10.15219721329046,0.5879878632101686,14.670953912111468,0.18986023271673674,3.9444765876528027,13.56619723700261,17.600737128796187,13.291943437986477,13.30395784392382,11.673974724242772,9.701051536673235,8.741761242370545,52.588030850771304,20.207644575531745
S069-03,S069,aplicacion,1,3,182.1589573537432,0.07969137749951705,0.8087574536224702,0.0864340678831909,1.020779138290055,0.5562174798885606,intermedio,117.63014201033934,1502.8434649792569,0.671006764912806,0.7105970651239667,11.213041332154758,1.7250832818699626,sintetico,181.6796905662109,8.392222222222221,2.642012425847181,24.92936751175328,21.64857957230105,13.160333642261355,0.6016308668336106,7.32159406858202,0.21538855568418314,3.6133362130008133,15.104045577535004,19.224997262190342,15.189880766369257,11.960573842584324,14.252666659683936,12.008826897728438,10.682297400868928,62.12042737696214,21.926265553288445
S069-04,S069,aplicacion,1,4,182.1589573537432,0.07969137749951705,0.8087574536224702,0.0864340678831909,1.020779138290055,1.3290683129428817,intermedio,117.63014201033934,1502.8434649792569,0.671006764912806,0.7105970651239667,11.213041332154758,1.7250832818699626,sintetico,219.92281422371417,7.621388888888889,1.827914040746449,32.28488077337076,28.856002157866055,10.620694682363233,0.5975096351043102,16.91146991289135,0.18096890545951075,3.621071179720313,11.76435288713636,15.185680387093008,17.21966418805821,12.771608773661802,13.352151545624213,10.894164069398496,9.67271579659341,47.43794863500193,17.592578448542834
S069-05,S069,aplicacion,1,5,182.1589573537432,0.07969137749951705,0.8087574536224702,0.0864340678831909,1.020779138290055,1.2321614186727583,intermedio,117.63014201033934,1502.8434649792569,0.671006764912806,0.7105970651239667,11.213041332154758,1.7250832818699626,sintetico,163.9914467732377,7.5872222222222225,2.4879346333481025,24.80438672256022,21.614161542932404,12.861536208537746,0.5926299913610386,7.260013180054186,0.20769225942692335,3.5507538474062037,13.119576887445403,16.73238859792055,14.577308888395024,11.24977511478755,12.195404347987768,10.071664847727988,9.029661242093036,59.24142976651341,19.230098612977955
S069-06,S069,aplicacion,2,6,182.1589573537432,0.07969137749951705,0.8087574536224702,0.0864340678831909,1.020779138290055,0.8508563913298093,intermedio,117.63014201033934,1502.8434649792569,0.671006764912806,0.7105970651239667,11.213041332154758,1.7250832818699626,sintetico,177.16523698333597,5.949166666666667,1.552223250353941,33.12875821421201,29.779840927301187,10.108792081057103,0.5909411011516524,15.543726945884112,0.1791718237215841,3.7321252118758257,11.488554081379096,15.175959730567904,13.484873318086121,13.1380720311046,10.652305518358611,8.557785423752021,7.818936939745026,45.68447417531516,17.715708421542832
S069-07,S069,aplicacion,2,7,182.1589573537432,0.07969137749951705,0.8087574536224702,0.0864340678831909,1.020779138290055,0.9439902811973265,intermedio,117.63014201033934,1502.8434649792569,0.671006764912806,0.7105970651239667,11.213041332154758,1.7250832818699626,sintetico,169.40123780660852,6.673055555555556,2.166454063452439,28.816540949004903,25.385857557498674,11.9052574615993,0.597891382193142,12.046788494359573,0.18537697904727643,3.43158265780596,12.598843130772805,16.098426233548082,13.601442940398908,12.4546519475117,10.761206704528172,9.093329004116253,8.211589245186113,50.18413009546769,18.375324062063054
S069-08,S069,aplicacion,2,8,182.1589573537432,0.07969137749951705,0.8087574536224702,0.0864340678831909,1.020779138290055,0.9360011976303712,intermedio,117.63014201033934,1502.8434649792569,0.671006764912806,0.7105970651239667,11.213041332154758,1.7250832818699626,sintetico,206.3293719229311,6.943333333333333,1.5945378834521402,33.04501018429361,29.716184146365496,10.073611777884462,0.5761989871646978,16.87469995199232,0.1783359719726093,4.687865624489885,12.206055970589398,15.870914796525609,15.376923022497266,13.418118281600298,12.403232819334619,10.168921109246222,9.145280104546561,47.55806473319114,18.387679589847757
S069-09,S069,aplicacion,2,9,182.1589573537432,0.07969137749951705,0.8087574536224702,0.0864340678831909,1.020779138290055,1.2231141301464254,intermedio,117.63014201033934,1502.8434649792569,0.671006764912806,0.7105970651239667,11.213041332154758,1.7250832818699626,sintetico,196.9271744056018,8.5,2.290186721874637,26.415449283112245,23.167902871247268,12.294117647058824,0.6035006746823074,9.470588235294118,0.1921527252332106,3.493040470433115,13.12781743255167,16.710122086509266,16.38077387406864,12.021848046956112,13.275640484833866,11.297093953486765,10.094505567237064,56.77065050174357,19.0077117400934
S069-10,S069,aplicacion,2,10,182.1589573537432,0.07969137749951705,0.8087574536224702,0.0864340678831909,1.020779138290055,1.204599434363737,intermedio,117.63014201033934,1502.8434649792569,0.671006764912806,0.7105970651239667,11.213041332154758,1.7250832818699626,sintetico,167.67829150358173,5.950555555555556,1.6877557462109214,31.71887180983103,28.17859440822025,11.161422836336477,0.5929828862148517,15.894874428157967,0.16094121842560805,3.38705808022044,10.749167148117838,13.843084001460879,13.165393686507871,12.736291484805458,9.15369820279232,7.619037151319039,7.00853953974898,43.754180063649436,15.94480999664342
S070-01,S070,aplicacion,1,1,143.93083423758105,0.08273039592561926,0.5223773327300187,0.06649850147183076,0.9449420543913171,1.1049397306572772,plano,18.847585028819505,1359.002968293675,0.6945759501786067,0.5470098185969007,9.286546243250143,1.4286994220384834,sintetico,142.39438963630482,4.655555555555556,1.4115724679419048,33.37286395592768,30.58590708178385,8.353221957040573,0.5665749264074005,14.719570405727925,0.16523802768981366,3.1066461371819885,12.003044732421484,15.314790721724465,9.243156561750782,15.405385453011666,6.961794257350707,5.952742095003526,5.592670325905268,45.026108460192546,17.450622408239315
S070-02,S070,aplicacion,1,2,143.93083423758105,0.08273039592561926,0.5223773327300187,0.06649850147183076,0.9449420543913171,0.5624023840907999,plano,18.847585028819505,1359.002968293675,0.6945759501786067,0.5470098185969007,9.286546243250143,1.4286994220384834,sintetico,139.88853208155697,5.118611111111111,1.4797496043443796,29.53541639087591,27.329392494361812,7.47273023281055,0.5566836888893542,9.073641938459868,0.18099426785158657,1.145083595319269,14.281581865256406,17.888590394874548,8.799281504024053,15.89772210578599,7.627075559860398,6.578502595230991,6.114684764913243,52.93573209648283,20.204498216758495
S070-03,S070,aplicacion,1,3,143.93083423758105,0.08273039592561926,0.5223773327300187,0.06649850147183076,0.9449420543913171,0.95569440694208,plano,18.847585028819505,1359.002968293675,0.6945759501786067,0.5470098185969007,9.286546243250143,1.4286994220384834,sintetico,162.29837484843958,6.240277777777778,1.9347082205427206,28.358738553649278,26.00819717135021,8.292900066770532,0.5808008679788141,9.152014244380148,0.19654127069430208,3.391691049699213,14.73288257264071,18.639420258184657,11.078651860016917,14.649650237153653,10.00596235826012,8.604024370384876,7.820276010267496,55.67607511985908,21.120918798118378
S070-04,S070,aplicacion,1,4,143.93083423758105,0.08273039592561926,0.5223773327300187,0.06649850147183076,0.9449420543913171,0.7602975120478028,plano,18.847585028819505,1359.002968293675,0.6945759501786067,0.5470098185969007,9.286546243250143,1.4286994220384834,sintetico,143.0099654267284,4.810277777777777,1.440459057418238,32.34975582285714,29.73008462991409,8.101865219148813,0.5577168457740315,18.502050008662007,0.16393260497389556,1.5641576315805472,11.718646866817972,15.197394196198212,9.109880468447047,15.698336100243827,6.946365445746008,5.847487108250161,5.494186533847866,45.24468761135442,17.473507034358768
S070-05,S070,aplicacion,1,5,143.93083423758105,0.08273039592561926,0.5223773327300187,0.06649850147183076,0.9449420543913171,0.4315142709317721,plano,18.847585028819505,1359.002968293675,0.6945759501786067,0.5470098185969007,9.286546243250143,1.4286994220384834,sintetico,154.71201787704277,6.324166666666667,1.7968869116615118,27.167605009177542,24.463621221827818,9.957394474458646,0.5485290199933821,7.357139719769842,0.1889720236059184,2.433009057423622,14.785946887282652,18.45394632270887,10.153560675257655,15.237218038598744,9.058148022781303,7.832347384598129,7.16278597558858,55.68080697732594,20.792712991206525
S070-06,S070,aplicacion,2,6,143.93083423758105,0.08273039592561926,0.5223773327300187,0.06649850147183076,0.9449420543913171,1.3555098204512852,plano,18.847585028819505,1359.002968293675,0.6945759501786067,0.5470098185969007,9.286546243250143,1.4286994220384834,sintetico,130.15269179298636,5.195277777777778,1.890087685556853,27.76866397049997,25.05211412365668,9.789873282361118,0.5895202802694337,7.357108485269742,0.19371839600190605,1.8761933742387265,14.081193016669973,17.496065242742215,9.22648111151046,14.106428032526384,7.836060818643731,6.734099916451679,6.262295827126646,56.708368202060754,19.779825678485494
S070-07,S070,aplicacion,2,7,143.93083423758105,0.08273039592561926,0.5223773327300187,0.06649850147183076,0.9449420543913171,0.40616735573628837,plano,18.847585028819505,1359.002968293675,0.6945759501786067,0.5470098185969007,9.286546243250143,1.4286994220384834,sintetico,153.66216502903427,5.334444444444444,1.5228211834434715,31.426432671882925,28.805654764867914,8.342012080816497,0.556294814353594,13.059779212664028,0.17162037814535192,2.8917143598162505,13.823015717043157,17.217201705383772,9.368905927838936,16.401292340062863,7.890707752476755,6.775670242754209,6.294418194678125,48.633324439802095,19.475615741883104
S070-08,S070,aplicacion,2,8,143.93083423758105,0.08273039592561926,0.5223773327300187,0.06649850147183076,0.9449420543913171,1.0875640318946957,plano,18.847585028819505,1359.002968293675,0.6945759501786067,0.5470098185969007,9.286546243250143,1.4286994220384834,sintetico,147.3896516363729,5.218333333333334,1.6147673690631497,30.632345411691293,28.244583513837025,7.798360481209412,0.5682963486737355,12.956456936016183,0.17470829500749185,3.4613896427507362,12.920004853234573,16.28683107294257,9.780895960373092,15.0691360212312,7.70917508608214,6.6808978239994055,6.188786571202062,48.418321498132144,18.40986425291463
S070-09,S070,aplicacion,2,9,143.93083423758105,0.08273039592561926,0.5223773327300187,0.06649850147183076,0.9449420543913171,0.6655363339604259,plano,18.847585028819505,1359.002968293675,0.6945759501786067,0.5470098185969007,9.286546243250143,1.4286994220384834,sintetico,164.05306639695954,6.738888888888889,1.9018236406813205,27.008552236500424,24.34423079262384,9.868095630667765,0.5543100339495346,7.68755152514427,0.1874216736273429,3.1090505641782618,14.253036595582756,17.591161080988194,11.017283531299856,14.890518695546719,9.36062334238307,8.115380195513286,7.382028209338478,53.839841022793564,19.813521686065783
S070-10,S070,aplicacion,2,10,143.93083423758105,0.08273039592561926,0.5223773327300187,0.06649850147183076,0.9449420543913171,1.028597765717182,plano,18.847585028819505,1359.002968293675,0.6945759501786067,0.5470098185969007,9.286546243250143,1.4286994220384834,sintetico,163.69080006366448,6.425,1.8388327253757186,28.50648203263898,25.47716732508397,10.631214872460008,0.5591700125124811,11.681798530047557,0.1773179134134374,5.069140861354013,13.463726942194125,16.88517656896063,11.135684700247438,14.699661895063104,9.134756301788457,7.880463163294679,7.230445918385821,52.64464088356733,19.1223680695808
S071-01,S071,aplicacion,1,1,171.71624197631402,0.09474228646627914,0.7935973491597633,0.2750631630128614,1.0435752920347487,1.5177498039938686,plano,27.51402642700816,1259.9767180774625,0.6905336188244834,0.6449515099441299,10.241588250751102,1.5756289616540156,sintetico,194.5776756261384,7.685,2.081430969389146,28.94304736195762,25.31915102487162,12.520783633340562,0.6149254155532152,10.933998409600232,0.198906646675546,2.517031523812871,12.118186882971168,15.381732938302381,14.83916275061837,13.112442992649978,11.269372635923498,9.588671600502357,8.625752902292739,51.17074333189451,17.549716586154535
S071-02,S071,aplicacion,1,2,171.71624197631402,0.09474228646627914,0.7935973491597633,0.2750631630128614,1.0435752920347487,1.2599846574139133,plano,27.51402642700816,1259.9767180774625,0.6905336188244834,0.6449515099441299,10.241588250751102,1.5756289616540156,sintetico,151.0269327844293,4.768888888888889,1.6420912179550566,35.70142215667119,31.66920771341714,11.294268406337373,0.6179530378805522,19.320829450139794,0.18284434914842487,3.4452406985414217,10.362474417721524,13.529928216402904,10.752882166785254,14.04525135139477,7.503971539585413,6.18236494170182,5.797480888458933,39.81537395706698,15.709499486882736
S071-03,S071,aplicacion,1,3,171.71624197631402,0.09474228646627914,0.7935973491597633,0.2750631630128614,1.0435752920347487,0.5110914330949665,plano,27.51402642700816,1259.9767180774625,0.6905336188244834,0.6449515099441299,10.241588250751102,1.5756289616540156,sintetico,160.19328760587942,6.4525,2.2597700903087894,27.99494346510515,24.826545928846095,11.317749365017866,0.6481192626606367,10.938912566188815,0.21930135134126752,2.9154692790603884,15.049648693853063,18.890780233912643,11.28192691973361,14.199107009431145,10.299245259247316,8.894708599854615,8.086222197586231,57.07986920490215,21.35228109403072
S071-04,S071,aplicacion,1,4,171.71624197631402,0.09474228646627914,0.7935973491597633,0.2750631630128614,1.0435752920347487,1.2655623024700202,plano,27.51402642700816,1259.9767180774625,0.6905336188244834,0.6449515099441299,10.241588250751102,1.5756289616540156,sintetico,163.43878601663297,6.393611111111111,2.1108820519805485,29.114732528075553,25.562828763951803,12.199678498501108,0.627561216956274,12.477733848894296,0.2141768622809048,1.7638802002935157,13.33329633067754,16.953904601089405,12.265721023528437,13.324841295764049,10.246040095242208,8.706656338438966,7.929280398967612,54.053208196640306,19.401283126552716
S071-05,S071,aplicacion,1,5,171.71624197631402,0.09474228646627914,0.7935973491597633,0.2750631630128614,1.0435752920347487,1.5821974806720003,plano,27.51402642700816,1259.9767180774625,0.6905336188244834,0.6449515099441299,10.241588250751102,1.5756289616540156,sintetico,156.7048494930681,6.949166666666667,2.527043682955818,25.79149902505579,22.55016421533538,12.56745413119079,0.6257760169808492,7.534876284126795,0.22228912246790672,1.3467000011936954,13.245201715310209,16.692140622812556,12.765599505236704,12.275557401654707,10.350323017249668,8.894879939234915,8.080328235367435,58.553265003882196,18.972396778773252
S071-06,S071,aplicacion,2,6,171.71624197631402,0.09474228646627914,0.7935973491597633,0.2750631630128614,1.0435752920347487,0.8463841538029648,plano,27.51402642700816,1259.9767180774625,0.6905336188244834,0.6449515099441299,10.241588250751102,1.5756289616540156,sintetico,182.05709837117416,7.363611111111111,2.1531706454026787,27.889598048350084,24.72388826950194,11.350861971405937,0.629593164732109,9.623146855784828,0.21236599417684063,3.2623224305051712,14.068369418950851,17.74190024489529,13.135768493280047,13.859645780474155,11.431450011610071,9.732721847922875,8.755890743316504,56.88798880821088,20.20426598508761
S071-07,S071,aplicacion,2,7,171.71624197631402,0.09474228646627914,0.7935973491597633,0.2750631630128614,1.0435752920347487,1.2821860698201912,plano,27.51402642700816,1259.9767180774625,0.6905336188244834,0.6449515099441299,10.241588250751102,1.5756289616540156,sintetico,158.93753079554332,5.811944444444444,1.9252847233019954,31.00043944649488,27.346705102707833,11.786072742914495,0.6347526326981765,13.626153037327343,0.19888200316099597,1.3869442216034038,12.644818219316038,16.0435373289795,11.481106413001456,13.843398456403035,9.063458817732062,7.714316784153469,7.0701728016583285,51.08577789832639,18.27853830838897
S071-08,S071,aplicacion,2,8,171.71624197631402,0.09474228646627914,0.7935973491597633,0.2750631630128614,1.0435752920347487,1.2531839735700996,plano,27.51402642700816,1259.9767180774625,0.6905336188244834,0.6449515099441299,10.241588250751102,1.5756289616540156,sintetico,154.67109806202757,5.515555555555555,1.7844316324004892,31.536925295837065,28.042705128087192,11.079774375503625,0.6142988406306271,13.300765511684126,0.1939968326605242,2.840892162687128,12.113774945206062,15.432481405952009,11.263244477486092,13.732375104810785,8.665363927314797,7.308805581069155,6.752285343507069,47.93670190225607,17.633666072674473
S071-09,S071,aplicacion,2,9,171.71624197631402,0.09474228646627914,0.7935973491597633,0.2750631630128614,1.0435752920347487,0.9222807600162688,plano,27.51402642700816,1259.9767180774625,0.6905336188244834,0.6449515099441299,10.241588250751102,1.5756289616540156,sintetico,184.1470785530306,6.388333333333334,1.7540327141653924,32.467895131301304,28.82552755852292,11.21836681450561,0.5985351118616675,16.305765718758153,0.1872379506901274,1.3811151113427507,12.414914748727458,15.751701107650407,12.538100476461459,14.686999749183789,9.703103734102344,8.31535522487808,7.585106932943206,47.678745486399855,17.963266891992177
S071-10,S071,aplicacion,2,10,171.71624197631402,0.09474228646627914,0.7935973491597633,0.2750631630128614,1.0435752920347487,0.4014786321026826,plano,27.51402642700816,1259.9767180774625,0.6905336188244834,0.6449515099441299,10.241588250751102,1.5756289616540156,sintetico,201.77575959207223,8.18138888888889,2.309494465252451,28.31719688645954,24.662775762450682,12.905306759922588,0.6174204920092594,11.55739653006485,0.19363913400978164,2.196767331077192,13.469834493452783,16.82105055874437,13.96635591954699,14.447273200998087,11.401189955323755,9.858293516216438,8.857137721429309,52.06273665792616,19.000624656070837
S072-01,S072,aplicacion,1,1,165.7284154730037,0.0761050563814003,0.6161759051992003,0.09018819461963126,0.9869050583641202,0.5368809672754897,piedemonte,184.59980271233695,1562.9065704706322,0.6159241766555349,0.8734963186827404,13.984543261235647,2.1514681940362532,sintetico,162.47468752233578,6.543333333333333,2.277277806422217,27.857905469896906,24.830568648344748,10.867719476991,0.6180964661845221,10.10782815418577,0.20135640064592075,8.216704831745846,14.065561438587006,18.104564402558616,13.989515215368572,11.61403272529735,12.521043767141684,10.389616396248158,9.260556456023627,60.64893342382703,20.75619728439738
S072-02,S072,aplicacion,1,2,165.7284154730037,0.0761050563814003,0.6161759051992003,0.09018819461963126,0.9869050583641202,1.4768557395754058,piedemonte,184.59980271233695,1562.9065704706322,0.6159241766555349,0.8734963186827404,13.984543261235647,2.1514681940362532,sintetico,175.6092819495199,6.456388888888889,1.953199718102587,30.062678589295928,27.1993036621035,9.525448522135697,0.574845666135731,11.461515294927505,0.17691994095731134,8.448341119970143,11.463242417636117,14.662712958302453,15.635993226720442,11.231092224408242,11.391932255154952,9.497188010055398,8.568671720636406,49.91012941605791,16.78267816303219
S072-03,S072,aplicacion,1,3,165.7284154730037,0.0761050563814003,0.6161759051992003,0.09018819461963126,0.9869050583641202,1.064166516908203,piedemonte,184.59980271233695,1562.9065704706322,0.6159241766555349,0.8734963186827404,13.984543261235647,2.1514681940362532,sintetico,193.3372469092118,6.243888888888889,1.6241050548705163,34.59605157241614,30.964235646995398,10.499154729068422,0.5854620800427188,17.056677640359464,0.17230208779452177,8.361397820616961,12.069212894533061,15.678594709089856,16.026174795953075,12.063842393509479,12.56860681606573,10.40574504411633,9.35998896959499,47.5732941289873,18.073231070709046
S072-04,S072,aplicacion,1,4,165.7284154730037,0.0761050563814003,0.6161759051992003,0.09018819461963126,0.9869050583641202,0.6748006229261232,piedemonte,184.59980271233695,1562.9065704706322,0.6159241766555349,0.8734963186827404,13.984543261235647,2.1514681940362532,sintetico,185.39625551299707,7.126111111111111,1.8824544165377364,28.72472559384525,26.01646994023503,9.429328759647618,0.5832511829813857,7.351680049894753,0.18923316353008549,8.202586589940866,14.93522655315092,18.880679425505456,15.43640279976594,12.010327659745196,14.033916120507232,11.942348611871777,10.575047090487459,59.108988253287144,21.374992813413023
S072-05,S072,aplicacion,1,5,165.7284154730037,0.0761050563814003,0.6161759051992003,0.09018819461963126,0.9869050583641202,1.4618839733392486,piedemonte,184.59980271233695,1562.9065704706322,0.6159241766555349,0.8734963186827404,13.984543261235647,2.1514681940362532,sintetico,145.94404137022337,5.355,1.6307620219742565,30.162136457070048,27.25378923813695,9.643116505861604,0.5713749074338065,12.83846872082166,0.1889360558282506,8.923221675330124,13.204376510239227,17.051468570884598,12.803425290356072,11.398827896481174,10.75547910071205,8.995086832009935,8.168998442464083,56.76658729960961,19.543094528977193
S072-06,S072,aplicacion,2,6,165.7284154730037,0.0761050563814003,0.6161759051992003,0.09018819461963126,0.9869050583641202,0.5367948089418584,piedemonte,184.59980271233695,1562.9065704706322,0.6159241766555349,0.8734963186827404,13.984543261235647,2.1514681940362532,sintetico,185.7281466058815,7.194166666666667,1.8844747357690828,28.41179928226788,25.81649205688148,9.135487856674002,0.5684408972271954,9.645160044789373,0.18907197881835267,8.271648878470721,13.783115114461586,17.655411990728375,15.582606899313777,11.918939353726529,13.524873843111815,11.307734266223658,10.130696996390963,57.96246184448189,20.17375544994305
S072-07,S072,aplicacion,2,7,165.7284154730037,0.0761050563814003,0.6161759051992003,0.09018819461963126,0.9869050583641202,0.8487996062997769,piedemonte,184.59980271233695,1562.9065704706322,0.6159241766555349,0.8734963186827404,13.984543261235647,2.1514681940362532,sintetico,187.45934917853566,7.4625,1.8937439053087675,27.81705860228226,25.120180794443637,9.696631304671506,0.5657470387468496,9.439791550344315,0.1919780761454758,8.178009087884655,13.528146965955255,17.437509385934575,16.349693557213694,11.465618515878925,14.110952036962031,11.730625965420334,10.484536253480412,59.60589604541534,19.99890560154194
S072-08,S072,aplicacion,2,8,165.7284154730037,0.0761050563814003,0.6161759051992003,0.09018819461963126,0.9869050583641202,1.028762429536775,piedemonte,184.59980271233695,1562.9065704706322,0.6159241766555349,0.8734963186827404,13.984543261235647,2.1514681940362532,sintetico,176.47466320232422,6.05,1.4846323843078986,32.05650892242765,29.16936581856599,9.008264462809917,0.5760287204705706,14.081726354453627,0.17605264969007156,8.595507370849358,12.083040215045942,15.516417010474566,14.675184699521035,12.02537936085288,11.375461048746688,9.42627543239089,8.541191974412452,50.39764144804988,17.843610267982616
S072-09,S072,aplicacion,2,9,165.7284154730037,0.0761050563814003,0.6161759051992003,0.09018819461963126,0.9869050583641202,0.9745407269902556,piedemonte,184.59980271233695,1562.9065704706322,0.6159241766555349,0.8734963186827404,13.984543261235647,2.1514681940362532,sintetico,184.10804635935577,6.106944444444444,1.520846076729722,32.86638881631899,30.14732621758839,8.273823061178076,0.5894051396902487,15.774391630657266,0.18215167697033416,8.11551207778191,13.417298044012965,17.472395404120228,14.922218849005446,12.33784655099241,13.244117597222287,10.747794620777901,9.522346296658808,54.535681035967336,20.227851358404
S072-10,S072,aplicacion,2,10,165.7284154730037,0.0761050563814003,0.6161759051992003,0.09018819461963126,0.9869050583641202,0.9755145766109411,piedemonte,184.59980271233695,1562.9065704706322,0.6159241766555349,0.8734963186827404,13.984543261235647,2.1514681940362532,sintetico,193.25574703830674,5.935277777777777,1.153911350205784,35.73257160496391,32.56052273776872,8.878176627509712,0.5510547899576445,17.80783451116207,0.15813139945760651,8.471156555801667,12.010404825525455,15.497055690185565,14.90492865492603,12.965895477428962,11.62531242412143,9.60425241517419,8.690128866268836,48.119225220556416,17.846754167249127
S073-01,S073,aplicacion,1,1,125.35767129449368,0.087143875293626,0.8982142413379106,0.2011163261386718,0.953466764165692,1.3644801463136873,plano,8.028236601502131,1545.7465369818576,0.6660122041788996,0.7824097395880453,12.451675118412298,1.9156423259095843,sintetico,131.72371108645964,6.526944444444444,2.8772344544046087,23.024188380127917,20.181527850842862,12.350512831425288,0.5839358494707261,5.311316338255947,0.20513194416382752,1.647719077068482,12.786361692997572,16.15593767301811,12.568190994043691,10.480721620867001,9.893668806078031,8.35643312450701,7.623216524799535,63.358771272356236,18.41828397052923
S073-02,S073,aplicacion,1,2,125.35767129449368,0.087143875293626,0.8982142413379106,0.2011163261386718,0.953466764165692,0.610399878161578,plano,8.028236601502131,1545.7465369818576,0.6660122041788996,0.7824097395880453,12.451675118412298,1.9156423259095843,sintetico,116.28524429107455,6.4375,3.4570164293050847,20.812634882675482,18.063727268516434,13.216828478964402,0.5685037633562596,3.697950377562028,0.2016375695082285,1.027134881801975,13.015645852294128,16.245341276494088,11.113898220249595,10.463047437235126,8.713607543982294,7.428818253314551,6.81052470560543,65.03730892145418,18.400675427914496
S073-03,S073,aplicacion,1,3,125.35767129449368,0.087143875293626,0.8982142413379106,0.2011163261386718,0.953466764165692,0.5946866328623769,plano,8.028236601502131,1545.7465369818576,0.6660122041788996,0.7824097395880453,12.451675118412298,1.9156423259095843,sintetico,126.40843934608714,4.945555555555556,2.0172703762432245,29.21470153503785,25.560007955847766,12.514041788362166,0.5651306559169991,13.159964053021792,0.16814540103587847,1.5541147650060294,11.551773947687051,14.69587771364109,10.104071328714154,12.510644000191741,7.263262016531018,6.180476180611987,5.8043794167623135,47.911847790648174,16.718167311586296
S073-04,S073,aplicacion,1,4,125.35767129449368,0.087143875293626,0.8982142413379106,0.2011163261386718,0.953466764165692,0.6701703186571166,plano,8.028236601502131,1545.7465369818576,0.6660122041788996,0.7824097395880453,12.451675118412298,1.9156423259095843,sintetico,118.77706189164822,5.362222222222222,2.424710591534262,24.686243946268355,22.150716059362495,10.27766266058848,0.567226200508102,6.1334438458350595,0.19146655763343293,1.3255239587802334,13.242665532987493,16.557032542131846,10.290840160016044,11.542017954291406,8.171123541209687,7.021998555725249,6.500447575376682,57.58538549843998,18.698287122460655
S073-05,S073,aplicacion,1,5,125.35767129449368,0.087143875293626,0.8982142413379106,0.2011163261386718,0.953466764165692,1.411834848442314,plano,8.028236601502131,1545.7465369818576,0.6660122041788996,0.7824097395880453,12.451675118412298,1.9156423259095843,sintetico,143.25450698169624,7.351388888888889,2.9527866795426347,22.228925412451748,19.486726814060322,12.344606083506518,0.584126460968169,5.123748346873229,0.20689023501387255,5.37240824010324,13.287608380650914,16.76764678094926,14.079026072060584,10.175029597109749,11.349658663407379,9.693675172205905,8.744433882180516,64.95132135924257,18.99231283175634
S073-06,S073,aplicacion,2,6,125.35767129449368,0.087143875293626,0.8982142413379106,0.2011163261386718,0.953466764165692,1.3782888463028096,plano,8.028236601502131,1545.7465369818576,0.6660122041788996,0.7824097395880453,12.451675118412298,1.9156423259095843,sintetico,134.49877160350525,6.899444444444445,3.100400063349964,22.182655912553987,19.494145171616832,12.126580239954908,0.5679929494279577,5.785489975038248,0.19390919877998217,3.552237868075564,12.033960293986732,15.00742706194599,13.288162658289792,10.121698165667656,9.632677686223825,8.2374435615441,7.455443946361586,59.159181839485235,16.9380184089247
S073-07,S073,aplicacion,2,7,125.35767129449368,0.087143875293626,0.8982142413379106,0.2011163261386718,0.953466764165692,0.9399344256284298,plano,8.028236601502131,1545.7465369818576,0.6660122041788996,0.7824097395880453,12.451675118412298,1.9156423259095843,sintetico,124.07101915041183,4.0938888888888885,1.4830215892474938,33.28405837562283,30.3063963184613,8.949653955760619,0.5919423747867886,18.98493689781517,0.16047455034767233,1.33451105277821,11.101552262914463,14.43352761332166,9.551638393669078,12.989501281020788,7.037362995677161,5.714819655236512,5.388877692704091,47.066770232594784,16.714010672690424
S073-08,S073,aplicacion,2,8,125.35767129449368,0.087143875293626,0.8982142413379106,0.2011163261386718,0.953466764165692,1.2887536158577788,plano,8.028236601502131,1545.7465369818576,0.6660122041788996,0.7824097395880453,12.451675118412298,1.9156423259095843,sintetico,131.25759432236396,5.984444444444445,2.735079839405778,25.397639659542445,21.933129389180756,13.646490902339398,0.5772801141475634,9.80319346453769,0.1903362552540583,2.786194373918674,11.701909977306993,15.030801172549998,12.146154518606732,10.806514450420503,9.103249732973055,7.54164562794708,6.935440028111563,56.48031969077557,17.277448285422828
S073-09,S073,aplicacion,2,9,125.35767129449368,0.087143875293626,0.8982142413379106,0.2011163261386718,0.953466764165692,0.7611689834087962,plano,8.028236601502131,1545.7465369818576,0.6660122041788996,0.7824097395880453,12.451675118412298,1.9156423259095843,sintetico,139.27649226421735,5.996388888888889,2.455547195654539,26.46288386673297,23.226727759817596,12.23421503682772,0.5667194472386516,10.686987538796497,0.1761005883432998,1.2007798320641532,11.970844540432413,15.065210174713123,11.783438411064147,11.819681777556765,8.664893002078273,7.336550580917345,6.765019543102031,53.45172515476451,17.103764802189655
S073-10,S073,aplicacion,2,10,125.35767129449368,0.087143875293626,0.8982142413379106,0.2011163261386718,0.953466764165692,0.9809543403064686,plano,8.028236601502131,1545.7465369818576,0.6660122041788996,0.7824097395880453,12.451675118412298,1.9156423259095843,sintetico,145.20461623741897,6.614722222222222,2.6101098561516145,25.09275381662624,21.951733022076525,12.522571704531138,0.5743036033532989,9.3016419602738,0.19385083632040928,1.7725840491611566,12.448422072828796,15.777498935983271,13.137596441018994,11.05260135591107,10.090571997406142,8.563494188544578,7.784441060506356,55.928920557462426,17.950032521930908
S074-01,S074,aplicacion,1,1,172.819897560598,0.03670803351224407,0.6080165448836226,0.26425979794331983,1.0084275662761242,0.6767871343345584,plano,34.114913938071254,1373.6677391504172,0.6105924856211012,0.6129095183283328,10.615084229609648,1.6330898814784074,sintetico,152.17358569663048,6.121666666666667,2.043718682031992,27.869202243875957,24.85819532207413,10.804065704691896,0.6081350589591348,7.586895362555586,0.20960863142628516,5.424199003082742,16.311452287283306,20.55267398764727,10.81383412332037,14.072121318049758,10.702502975664716,9.183689099988747,8.30849844795912,62.93657459223475,23.2076492992531
S074-02,S074,aplicacion,1,2,172.819897560598,0.03670803351224407,0.6080165448836226,0.26425979794331983,1.0084275662761242,0.9232621332311516,plano,34.114913938071254,1373.6677391504172,0.6105924856211012,0.6129095183283328,10.615084229609648,1.6330898814784074,sintetico,192.50986032329774,7.7941666666666665,2.160928272979767,27.47524172073707,24.69922296460572,10.103710039559498,0.5999202228606201,10.880644356534445,0.2024215860978635,2.3555557709019017,13.955996419569532,17.843280450616934,14.344577257796603,13.420392728455225,12.709164882942863,10.645544446929684,9.5528298649033,58.72504360749766,20.430865404254526
S074-03,S074,aplicacion,1,3,172.819897560598,0.03670803351224407,0.6080165448836226,0.26425979794331983,1.0084275662761242,1.3349193221995987,plano,34.114913938071254,1373.6677391504172,0.6105924856211012,0.6129095183283328,10.615084229609648,1.6330898814784074,sintetico,154.74005021443347,6.155555555555556,2.003359825529413,28.427443395180674,25.138275305593883,11.570397111913358,0.6150631686480792,9.490072202166065,0.2137249000516017,1.9605033190511818,14.406935579813865,18.437962887657726,11.80093745205799,13.112521852020155,10.671589967295125,9.022335285119643,8.20295915447515,60.032304466454036,21.06765358623841
S074-04,S074,aplicacion,1,4,172.819897560598,0.03670803351224407,0.6080165448836226,0.26425979794331983,1.0084275662761242,0.4043325497001438,plano,34.114913938071254,1373.6677391504172,0.6105924856211012,0.6129095183283328,10.615084229609648,1.6330898814784074,sintetico,153.09179512979748,5.1322222222222225,1.5611548600456742,33.31099803368213,29.829533582337675,10.451396406148517,0.6046583142599864,15.782636934401387,0.19226971061483183,2.035437773981805,14.081659957429506,18.27925615147337,10.207995071451744,14.99724422457282,9.24351202797386,7.761838092106776,7.141284492742595,51.7764183219108,20.940025719209363
S074-05,S074,aplicacion,1,5,172.819897560598,0.03670803351224407,0.6080165448836226,0.26425979794331983,1.0084275662761242,1.1750134651935293,plano,34.114913938071254,1373.6677391504172,0.6105924856211012,0.6129095183283328,10.615084229609648,1.6330898814784074,sintetico,182.47355764046938,7.267777777777778,2.0331712977887313,28.450985642760177,25.10720102070363,11.75279009325791,0.6203199125233075,9.046781837639504,0.21780038507692795,2.174662074893272,15.15997638507734,19.447244262353856,13.669365442467296,13.349087666759548,12.904218832991527,10.990820438021206,9.819731451617688,61.98838235767179,22.12635565966238
S074-06,S074,aplicacion,2,6,172.819897560598,0.03670803351224407,0.6080165448836226,0.26425979794331983,1.0084275662761242,1.1455870890861108,plano,34.114913938071254,1373.6677391504172,0.6105924856211012,0.6129095183283328,10.615084229609648,1.6330898814784074,sintetico,183.313408350378,7.724444444444444,2.247516991296782,27.07398031020968,23.731597743863666,12.345368239355581,0.6246253456093992,7.605724971231301,0.20637865158813964,2.3658745359628672,14.206244545926808,18.0608919773377,14.167522977949124,12.938987897580544,12.476653200669817,10.603108076818165,9.46815427066454,60.11761459266177,20.56991902954665
S074-07,S074,aplicacion,2,7,172.819897560598,0.03670803351224407,0.6080165448836226,0.26425979794331983,1.0084275662761242,0.6258335582942376,plano,34.114913938071254,1373.6677391504172,0.6105924856211012,0.6129095183283328,10.615084229609648,1.6330898814784074,sintetico,192.43615800245956,8.080833333333333,2.208524657796213,26.89847287163092,23.813900134366452,11.467464164174487,0.6120573305374118,7.878725378983191,0.20248481895975465,2.8475625993283282,14.515194706093377,18.521510233870224,14.065601281664584,13.68133179299718,12.808235493894855,10.822635634909672,9.707884369958252,59.86702721007014,21.139787862256377
S074-08,S074,aplicacion,2,8,172.819897560598,0.03670803351224407,0.6080165448836226,0.26425979794331983,1.0084275662761242,1.1948596814940005,plano,34.114913938071254,1373.6677391504172,0.6105924856211012,0.6129095183283328,10.615084229609648,1.6330898814784074,sintetico,176.68301181903288,6.879444444444444,1.8054933336020722,28.510033283214632,25.682744187536073,9.916821448760398,0.6048250433718004,7.635467980295567,0.19942160340801232,2.007947293817036,14.283316139558268,18.0338614770995,12.839189986683863,13.76122730501529,11.17401203491051,9.601667896997418,8.665265216961721,59.42345167848836,20.377597556123316
S074-09,S074,aplicacion,2,9,172.819897560598,0.03670803351224407,0.6080165448836226,0.26425979794331983,1.0084275662761242,0.8724135391809269,plano,34.114913938071254,1373.6677391504172,0.6105924856211012,0.6129095183283328,10.615084229609648,1.6330898814784074,sintetico,182.1336137571785,6.177222222222222,1.4165424749325348,32.54323057007359,29.484711283651524,9.398327187696735,0.5880418224364087,14.353808795755013,0.1928806894552286,2.1990017045860024,13.889268149752995,17.848364612827883,12.377346103353625,14.715078033394384,10.924631395906378,9.20156628554954,8.349320867091475,52.95729661712244,20.414850622845258
S074-10,S074,aplicacion,2,10,172.819897560598,0.03670803351224407,0.6080165448836226,0.26425979794331983,1.0084275662761242,1.4476539068349177,plano,34.114913938071254,1373.6677391504172,0.6105924856211012,0.6129095183283328,10.615084229609648,1.6330898814784074,sintetico,198.9121251613759,7.848333333333334,2.000883554369074,28.57134623073668,25.344505223364948,11.293976074184187,0.607714064182922,11.371841155234657,0.19635264548275633,4.093409844797175,13.437414562518425,17.09742386311172,15.08659645831834,13.18469183628897,12.740842491100574,10.71288984353657,9.60583476168703,57.823277468347335,19.546383325901523
S075-01,S075,aplicacion,1,1,109.7789360398062,0.11002833881650506,0.8576353568685231,0.2690608892804172,0.9495168285391171,1.4774588235255162,intermedio,121.43790597696243,1435.2900249776544,0.7029588065972726,0.7507446865702054,12.460127134852625,1.916942636131173,sintetico,104.4725168406071,5.775555555555556,3.4363104370092232,21.21622956689951,18.088738968169753,14.746056175452097,0.5821815855458424,3.9197768372450947,0.20545320851588572,7.104436590951126,11.832481876036168,14.734292098805081,10.63136062928353,9.826824663707015,7.483276326018553,6.4895611783516856,5.970801195252286,59.80554111922319,16.58411745722952
S075-02,S075,aplicacion,1,2,109.7789360398062,0.11002833881650506,0.8576353568685231,0.2690608892804172,0.9495168285391171,0.5361559804110331,intermedio,121.43790597696243,1435.2900249776544,0.7029588065972726,0.7507446865702054,12.460127134852625,1.916942636131173,sintetico,100.42628249514458,4.288888888888889,2.389812647019007,26.751423687507966,23.415454467779824,12.474093264248705,0.6061452129835154,8.853626943005182,0.21036446037324036,7.285904649592194,14.226593547852996,18.091832998316526,8.39562784354888,11.961735842342174,7.319490667061878,6.283507691103262,5.868577391872882,56.90155059854208,20.521904311109694
S075-03,S075,aplicacion,1,3,109.7789360398062,0.11002833881650506,0.8576353568685231,0.2690608892804172,0.9495168285391171,1.1466404021123358,intermedio,121.43790597696243,1435.2900249776544,0.7029588065972726,0.7507446865702054,12.460127134852625,1.916942636131173,sintetico,121.58339682275623,4.563055555555556,1.7847831667044285,30.438861175557733,26.645171276673917,12.467279478906677,0.5675876591703798,13.995251719729712,0.1770760480161157,7.0694840308270175,11.986626882131322,15.429147617028402,9.742420930313077,12.479793030134356,7.403832634701269,6.245658586986153,5.815387714545559,50.52751640557152,17.637079293929258
S075-04,S075,aplicacion,1,4,109.7789360398062,0.11002833881650506,0.8576353568685231,0.2690608892804172,0.9495168285391171,1.3419374405726998,intermedio,121.43790597696243,1435.2900249776544,0.7029588065972726,0.7507446865702054,12.460127134852625,1.916942636131173,sintetico,98.74616054073343,4.521944444444444,2.714029573731611,24.98708092303448,21.837101661443597,12.611339762884699,0.572522202740945,9.030038700165857,0.17711749370176516,7.953679563634195,10.333969771852036,13.087579777020192,8.991391492624293,10.982300194773595,5.866505162810684,4.935555045026231,4.711899544870563,51.34674692130825,14.966504066276148
S075-05,S075,aplicacion,1,5,109.7789360398062,0.11002833881650506,0.8576353568685231,0.2690608892804172,0.9495168285391171,1.4902543593816953,intermedio,121.43790597696243,1435.2900249776544,0.7029588065972726,0.7507446865702054,12.460127134852625,1.916942636131173,sintetico,97.96106226983498,2.8130555555555556,1.1535195452325748,38.769712706281766,34.82372115842855,10.180705045916856,0.5517077189463051,25.60481880122445,0.14332117749656034,7.820128676762622,9.836366099076999,12.510242869005015,7.255150184025069,13.502279041105579,4.5316925653097115,3.835583046450779,3.7832939197770012,37.79271020660915,14.297134627199561
S075-06,S075,aplicacion,2,6,109.7789360398062,0.11002833881650506,0.8576353568685231,0.2690608892804172,0.9495168285391171,1.3545276956540873,intermedio,121.43790597696243,1435.2900249776544,0.7029588065972726,0.7507446865702054,12.460127134852625,1.916942636131173,sintetico,107.12267768912669,4.739722222222222,2.4084536119300894,26.51041909876351,22.60104551842326,14.751216081580026,0.5607350725929885,8.972630838656743,0.1780658650869735,6.996393173211627,11.861766066617534,14.995379561843384,9.310599841227676,11.50545394667093,6.758340042143434,5.814261786229507,5.49563601272936,53.92022297524366,16.999958084361165
S075-07,S075,aplicacion,2,7,109.7789360398062,0.11002833881650506,0.8576353568685231,0.2690608892804172,0.9495168285391171,1.0955352405851593,intermedio,121.43790597696243,1435.2900249776544,0.7029588065972726,0.7507446865702054,12.460127134852625,1.916942636131173,sintetico,108.79468234775926,5.612777777777778,2.978086731889549,22.36724553111055,19.383393865779144,13.347520538453924,0.5838819943575944,5.3845392457685834,0.20620053244873815,7.1585657928652395,13.117289764422978,16.40522215278881,10.17252978987458,10.694948512812427,8.027897930168438,6.8925181224083385,6.398111352517901,63.58313381032304,18.594418133792104
S075-08,S075,aplicacion,2,8,109.7789360398062,0.11002833881650506,0.8576353568685231,0.2690608892804172,0.9495168285391171,1.0123455505108887,intermedio,121.43790597696243,1435.2900249776544,0.7029588065972726,0.7507446865702054,12.460127134852625,1.916942636131173,sintetico,95.51531605225756,3.5869444444444443,1.9787402461883272,30.100336647795118,26.62860201255535,11.538759389762255,0.573914044714066,13.211492294586852,0.1748891484276543,7.620881537889476,10.849583568347974,13.681324601386391,7.660916585102402,12.467870520610926,5.139956485894545,4.406308636988228,4.320071308203931,44.84106227523291,15.571125808944998
S075-09,S075,aplicacion,2,9,109.7789360398062,0.11002833881650506,0.8576353568685231,0.2690608892804172,0.9495168285391171,0.45718133795479854,intermedio,121.43790597696243,1435.2900249776544,0.7029588065972726,0.7507446865702054,12.460127134852625,1.916942636131173,sintetico,127.81596584712865,5.059722222222222,2.1358834022857156,28.775587094620498,25.261459074919745,12.215207246774636,0.5595734233115076,11.40818007136975,0.16251384244567624,7.223989490080721,10.640264253138072,13.502837226610096,10.312750343388235,12.393974603397117,6.875876568758977,5.8371999523311064,5.479976492892601,43.15801701368458,15.340856440198541
S075-10,S075,aplicacion,2,10,109.7789360398062,0.11002833881650506,0.8576353568685231,0.2690608892804172,0.9495168285391171,0.46416610108293477,intermedio,121.43790597696243,1435.2900249776544,0.7029588065972726,0.7507446865702054,12.460127134852625,1.916942636131173,sintetico,124.92046103633064,5.259722222222222,2.321477183114616,27.143940887276134,23.75039132457303,12.505941378399788,0.5684571708714758,10.161077369949828,0.18816216576221545,6.816793990347537,13.361000945803724,17.06178400450185,10.003671274317039,12.48746161392224,8.35385762307149,7.082199064048726,6.570887511054258,56.42837583429513,19.44997649710982
S076-01,S076,aplicacion,1,1,223.29436465624798,0.10746503557337564,0.5686985156244142,0.2936053174468037,0.9886600332843721,0.5380662705695427,plano,29.625032857804648,1385.4868050327143,0.6858946320338165,0.6393053094672186,10.57744591864958,1.6272993720999354,sintetico,216.24586339722742,8.219444444444445,2.011599173117766,29.815015290302377,26.30906077154507,11.76072997634336,0.605792714055048,12.676579925650557,0.19278579196027248,2.4449390814607987,13.423321494531892,17.228967089401877,15.673716388153593,13.79671917252943,13.331392391580037,11.237923478114203,10.054172370833037,51.40686114497669,19.709734822152864
S076-02,S076,aplicacion,1,2,223.29436465624798,0.10746503557337564,0.5686985156244142,0.2936053174468037,0.9886600332843721,1.2290856445267426,plano,29.625032857804648,1385.4868050327143,0.6858946320338165,0.6393053094672186,10.57744591864958,1.6272993720999354,sintetico,215.41045691964223,7.338333333333333,1.5644551560731155,32.96329583548307,29.35413903061216,10.950866833219774,0.5974471846105994,14.641532288591112,0.1710373194933318,1.5538052758893017,11.976433819521828,15.29262725709578,15.187982082338886,14.182954374836207,11.44578122933834,9.709433488482732,8.765738925077125,47.969590040946684,17.39740900949361
S076-03,S076,aplicacion,1,3,223.29436465624798,0.10746503557337564,0.5686985156244142,0.2936053174468037,0.9886600332843721,0.7452544189430822,plano,29.625032857804648,1385.4868050327143,0.6858946320338165,0.6393053094672186,10.57744591864958,1.6272993720999354,sintetico,219.1358798706003,9.314444444444444,2.3136329856132343,26.706188389686528,23.52645734027678,11.908028152212811,0.6093387499970716,8.803530955505188,0.20305702691358163,2.532876138103689,14.30897908462673,18.066189280726835,16.40165307849329,13.360597180167332,14.410780629322783,12.287474371224718,10.90479134430369,58.81661486135965,20.51777700865682
S076-04,S076,aplicacion,1,4,223.29436465624798,0.10746503557337564,0.5686985156244142,0.2936053174468037,0.9886600332843721,1.1068899023286605,plano,29.625032857804648,1385.4868050327143,0.6858946320338165,0.6393053094672186,10.57744591864958,1.6272993720999354,sintetico,226.15076743451732,7.378333333333333,1.5476401162394624,34.06833208759222,30.650657434088636,10.0331300353889,0.593925044135268,17.498682328137942,0.17245595887530937,2.996312740651607,12.102330872932573,15.503531281153636,15.714336378492682,14.391366074105235,12.033397303464131,10.196061894533948,9.17834953534728,46.28780952860423,17.71489667237624
S076-05,S076,aplicacion,1,5,223.29436465624798,0.10746503557337564,0.5686985156244142,0.2936053174468037,0.9886600332843721,0.6645310880176627,plano,29.625032857804648,1385.4868050327143,0.6858946320338165,0.6393053094672186,10.57744591864958,1.6272993720999354,sintetico,225.27102375420847,6.503888888888889,1.1896780843523524,38.12388996670375,34.63635797023792,9.148372768429144,0.5879004683103266,18.651234304262406,0.16649805073904414,3.017174670387131,11.460535524919232,14.714697251528305,14.893134254849304,15.125830459821358,10.883385746504183,9.221918307659442,8.354594209838083,39.444613218505665,16.754460501810744
S076-06,S076,aplicacion,2,6,223.29436465624798,0.10746503557337564,0.5686985156244142,0.2936053174468037,0.9886600332843721,1.360403257926412,plano,29.625032857804648,1385.4868050327143,0.6858946320338165,0.6393053094672186,10.57744591864958,1.6272993720999354,sintetico,269.2628438405172,7.575833333333334,1.2255682785384867,39.35286515167535,35.54233996354863,9.683569830968358,0.5877901226858054,22.77710556227771,0.16425041170286994,1.7673645443074661,10.798147021214625,14.045580460588196,18.171400206791837,14.81794692628453,12.79911361163505,10.717348685441431,9.582563200616924,40.17532872299585,16.132428418590543
S076-07,S076,aplicacion,2,7,223.29436465624798,0.10746503557337564,0.5686985156244142,0.2936053174468037,0.9886600332843721,0.5928889191976554,plano,29.625032857804648,1385.4868050327143,0.6858946320338165,0.6393053094672186,10.57744591864958,1.6272993720999354,sintetico,245.55129562211695,6.205555555555556,1.0058998034370483,43.681499559424644,39.56959105817462,9.413607878245301,0.5980653278466362,28.876454789615043,0.15149047143993277,3.146350683760853,10.47678196627383,13.953231205136605,15.190216908375929,16.165094751656852,10.790276850186101,8.953888645714388,8.150646297700067,36.91504964964923,16.161835593668332
S076-08,S076,aplicacion,2,8,223.29436465624798,0.10746503557337564,0.5686985156244142,0.2936053174468037,0.9886600332843721,0.5017007961424788,plano,29.625032857804648,1385.4868050327143,0.6858946320338165,0.6393053094672186,10.57744591864958,1.6272993720999354,sintetico,230.52216390090035,7.904166666666667,1.700487247588556,32.84420019072336,29.164638553619444,11.203654893691795,0.6085975967560594,15.466526093832368,0.1831422222783392,2.9439301032108642,13.284330115026117,17.204750325063667,15.63264156599679,14.746206706505616,13.321192609651787,11.215083265423266,10.036783115354607,49.80976998948509,19.71585979306664
S076-09,S076,aplicacion,2,9,223.29436465624798,0.10746503557337564,0.5686985156244142,0.2936053174468037,0.9886600332843721,1.2339958481513178,plano,29.625032857804648,1385.4868050327143,0.6858946320338165,0.6393053094672186,10.57744591864958,1.6272993720999354,sintetico,228.30505201309663,8.448055555555555,1.69072036118525,30.201062838884177,27.02456802180475,10.518528260941045,0.5986727873277272,11.491796271331339,0.19450655880368875,4.103976693503018,13.546365523711192,17.3560548411674,16.75838771574415,13.623330351678694,14.244755044407928,12.075068260567699,10.759943218938005,54.750132358183784,19.77498696365976
S076-10,S076,aplicacion,2,10,223.29436465624798,0.10746503557337564,0.5686985156244142,0.2936053174468037,0.9886600332843721,0.9451993063835045,plano,29.625032857804648,1385.4868050327143,0.6858946320338165,0.6393053094672186,10.57744591864958,1.6272993720999354,sintetico,240.9608092847135,8.32638888888889,1.6973714572677063,32.587596334669946,28.939413291908874,11.195996663886572,0.5921196573174546,15.536280233527942,0.17866228180480048,1.6851187700041255,12.149638950373182,15.560121784913509,17.027297692769714,14.151441622297616,13.248664906867727,11.086641283600683,9.850830694737429,47.329949369576546,17.822479297675507
S077-01,S077,aplicacion,1,1,199.07566234970096,0.09814822748501639,0.8462896653905949,0.19655180817444362,1.020449484788964,1.2371817680605384,plano,18.742891522766747,1281.7697073322188,0.6354905676943902,0.5192163487154303,7.849735405282225,1.2076516008126499,sintetico,188.10143686533743,6.832777777777777,1.7384237220585432,30.998634594425027,27.529277693926936,11.191966826571266,0.5807869723989623,13.419790226847711,0.18283417747794817,1.398199324345409,13.16403275977522,16.496790983410524,12.027492045758244,15.639290065602287,9.708919566273789,8.351086677959264,7.6068070285146,47.91608896016325,18.752761275738866
S077-02,S077,aplicacion,1,2,199.07566234970096,0.09814822748501639,0.8462896653905949,0.19655180817444362,1.020449484788964,0.49709553757544894,plano,18.742891522766747,1281.7697073322188,0.6354905676943902,0.5192163487154303,7.849735405282225,1.2076516008126499,sintetico,203.13012843184745,8.395,2.2202516361393223,27.384229417115446,24.196560861446986,11.64052676857918,0.6184251058459024,8.745284891800676,0.21307721022933301,1.4912133439246082,16.9513941729713,21.29663897420119,12.708117737131076,15.984281278598315,13.074819446033167,11.278625420927064,10.087087300585575,59.55636830784311,24.089053602541977
S077-03,S077,aplicacion,1,3,199.07566234970096,0.09814822748501639,0.8462896653905949,0.19655180817444362,1.020449484788964,1.3953644091937765,plano,18.742891522766747,1281.7697073322188,0.6354905676943902,0.5192163487154303,7.849735405282225,1.2076516008126499,sintetico,202.7691498287144,8.308333333333334,2.337633710060939,27.5408013349697,24.405514523014773,11.384152457372117,0.6051166001389886,9.658976930792377,0.19415291138687474,3.3167278124861226,13.650501325838885,17.209702188866153,14.022620536849853,14.460146681988585,11.926902964506484,10.13224133839318,9.07780951071599,53.61684931929696,19.615512425632133
S077-04,S077,aplicacion,1,4,199.07566234970096,0.09814822748501639,0.8462896653905949,0.19655180817444362,1.020449484788964,1.364029757562954,plano,18.742891522766747,1281.7697073322188,0.6354905676943902,0.5192163487154303,7.849735405282225,1.2076516008126499,sintetico,187.52843305699542,7.3261111111111115,2.191667649007044,29.48431493231356,25.59726848430968,13.183438234625008,0.6053510564440024,13.4261014635626,0.19997207272988984,1.4177466659466311,13.167396885626262,16.923470243341317,12.851249939227419,14.592232969073288,10.861482704163384,9.14207939794629,8.255857451470252,50.86198010753513,19.45956408866677
S077-05,S077,aplicacion,1,5,199.07566234970096,0.09814822748501639,0.8462896653905949,0.19655180817444362,1.020449484788964,1.3761133277688808,plano,18.742891522766747,1281.7697073322188,0.6354905676943902,0.5192163487154303,7.849735405282225,1.2076516008126499,sintetico,203.24910054762026,9.356388888888889,2.612557686943315,25.089039979818715,21.723028292356172,13.416263396965828,0.6206657184887674,6.564142148858474,0.20979731498934198,3.506842270979299,15.12700611765118,18.74411909880206,14.66865702405457,13.856012872502225,13.245736969457566,11.469387974705265,10.205182968386309,58.985697423597784,21.15752055941745
S077-06,S077,aplicacion,2,6,199.07566234970096,0.09814822748501639,0.8462896653905949,0.19655180817444362,1.020449484788964,1.068964291956729,plano,18.742891522766747,1281.7697073322188,0.6354905676943902,0.5192163487154303,7.849735405282225,1.2076516008126499,sintetico,227.1207728872928,8.561666666666667,2.1750542397332553,30.61843852584834,26.527635532874374,13.360586593991306,0.607595371990567,12.760365972357407,0.18358160409442156,1.3970827499855614,12.47004280160236,15.664943545753665,15.253847669348618,14.889408745288161,11.727576373131777,10.073128095903204,8.981443871511967,43.66874781315291,17.790885034407534
S077-07,S077,aplicacion,2,7,199.07566234970096,0.09814822748501639,0.8462896653905949,0.19655180817444362,1.020449484788964,0.5749145520921817,plano,18.742891522766747,1281.7697073322188,0.6354905676943902,0.5192163487154303,7.849735405282225,1.2076516008126499,sintetico,225.19732351661315,8.135,1.865031046734514,31.07956161241355,27.68252286620936,10.930137266953494,0.6125225074731951,14.389127910947211,0.18112750309584144,1.6907438431871717,14.402639638512037,18.281870437537975,13.332407353003882,16.890972316854292,11.904961575942695,10.238005767044243,9.203963113294032,50.35176111953509,20.731489480920118
S077-08,S077,aplicacion,2,8,199.07566234970096,0.09814822748501639,0.8462896653905949,0.19655180817444362,1.020449484788964,1.2738844085862522,plano,18.742891522766747,1281.7697073322188,0.6354905676943902,0.5192163487154303,7.849735405282225,1.2076516008126499,sintetico,225.37739863889996,8.957222222222223,2.1430720334733446,28.27427638346947,25.16152809961049,11.009117409911306,0.5896405900882604,10.87576753705886,0.1817928266330279,1.5900032036757383,12.89347858873888,16.076719872406237,15.208734427731768,14.818944975983303,11.959682751248598,10.295347971061103,9.193745435562876,48.53026063444091,18.236092009242522
S077-09,S077,aplicacion,2,9,199.07566234970096,0.09814822748501639,0.8462896653905949,0.19655180817444362,1.020449484788964,0.4153328595943617,plano,18.742891522766747,1281.7697073322188,0.6354905676943902,0.5192163487154303,7.849735405282225,1.2076516008126499,sintetico,192.7586782287287,7.986111111111111,2.329337408441936,27.66870979359742,24.136738839075598,12.765217391304349,0.6241005373410242,9.523478260869565,0.21567402940051436,2.939430683063827,17.25224404161801,21.68283628186444,12.028456203973684,16.02522177077467,12.60044122590912,10.860483477283328,9.703929243537573,59.42764715024737,24.52648372126152
S077-10,S077,aplicacion,2,10,199.07566234970096,0.09814822748501639,0.8462896653905949,0.19655180817444362,1.020449484788964,1.5870507595565035,plano,18.742891522766747,1281.7697073322188,0.6354905676943902,0.5192163487154303,7.849735405282225,1.2076516008126499,sintetico,172.07502703697796,7.0216666666666665,2.2199618769660883,27.497784860312525,24.50629390510011,10.879025239338555,0.6080731121177199,9.676398449244402,0.21532343850303706,1.1571333297789201,14.912744643893408,18.59364649557256,12.00298539740707,14.336019026912275,10.83396277304791,9.323407036680127,8.413911188085713,57.25566002302639,21.052661958175012
S078-01,S078,aplicacion,1,1,223.77088716792642,0.12451227003677978,0.7078774151495775,0.24263562549542061,1.026652066500551,1.1613976801136259,plano,20.2328751072829,1286.6081255230563,0.7169762359172777,0.5436683750078983,8.628288650083473,1.3274290230897652,sintetico,218.20951537042183,6.839722222222222,1.420652987903663,35.10386340752161,31.90327154828894,9.117491775981804,0.6240500139203216,14.681395443284734,0.17731474737379366,2.120790814871854,13.029877776379104,16.497707866864587,13.766658407139806,15.850579633562473,11.095579045704161,9.536924308816618,8.594597686238782,45.001350100728075,18.715962264207338
S078-02,S078,aplicacion,1,2,223.77088716792642,0.12451227003677978,0.7078774151495775,0.24263562549542061,1.026652066500551,0.5036134152580027,plano,20.2328751072829,1286.6081255230563,0.7169762359172777,0.5436683750078983,8.628288650083473,1.3274290230897652,sintetico,217.4806604278699,7.091666666666667,1.6047403907702869,34.45541422964977,30.667073150815966,10.99490795142969,0.5826388244104215,16.803760282021152,0.1753679860471677,1.684068899273087,12.522938963964327,15.86240810917381,13.252388445617859,16.41067655995126,10.442198962068884,8.911296607327902,8.070809464374346,42.119092242587676,18.091514687551488
S078-03,S078,aplicacion,1,3,223.77088716792642,0.12451227003677978,0.7078774151495775,0.24263562549542061,1.026652066500551,1.5775199400234645,plano,20.2328751072829,1286.6081255230563,0.7169762359172777,0.5436683750078983,8.628288650083473,1.3274290230897652,sintetico,197.36013994114276,8.270555555555555,2.2952963051966564,26.680304310481183,23.86298461033499,10.559548599449183,0.6190224649319918,8.530933028817088,0.20380110714532693,2.8804654148885676,14.001727391795379,17.59606146803736,14.46986221457252,13.639393175588252,12.353289266273778,10.633234446619516,9.53313758820079,56.98602935545931,19.97258826701278
S078-04,S078,aplicacion,1,4,223.77088716792642,0.12451227003677978,0.7078774151495775,0.24263562549542061,1.026652066500551,0.8849607950204333,plano,20.2328751072829,1286.6081255230563,0.7169762359172777,0.5436683750078983,8.628288650083473,1.3274290230897652,sintetico,225.1512122787616,7.2825,1.5944839753095317,34.69796079638449,30.916747309133072,10.897509249723463,0.6174477734003008,16.607544722889727,0.18670175070776646,1.6688528420220359,12.435753565279464,16.050512351126333,14.680311147505666,15.336950968986583,11.854488006697645,9.935122850126135,8.954263854171943,43.23101636552477,18.472082342672405
S078-05,S078,aplicacion,1,5,223.77088716792642,0.12451227003677978,0.7078774151495775,0.24263562549542061,1.026652066500551,1.2655520272994225,plano,20.2328751072829,1286.6081255230563,0.7169762359172777,0.5436683750078983,8.628288650083473,1.3274290230897652,sintetico,232.1082464027467,7.324722222222222,1.5940838196588156,35.634342063622675,31.688334295949335,11.073609162273883,0.5974729298315821,19.583601956843264,0.159591015719371,1.9342924781950666,9.872008025129489,12.808709727801606,15.398221722779162,15.07370465119231,10.057501294402956,8.40867638373271,7.627096257408463,36.51942691381131,14.785335213902881
S078-06,S078,aplicacion,2,6,223.77088716792642,0.12451227003677978,0.7078774151495775,0.24263562549542061,1.026652066500551,0.5686204468925695,plano,20.2328751072829,1286.6081255230563,0.7169762359172777,0.5436683750078983,8.628288650083473,1.3274290230897652,sintetico,207.26147927184297,6.508611111111111,1.5632427267154811,36.00199398690638,31.84419467281101,11.548802867995391,0.6065577809057432,19.094362169775085,0.1694601427140852,1.7257995457238664,12.080501273623952,15.42297612867968,12.703803947671057,16.314914818080098,9.736831918382158,8.290730107768141,7.559062223112347,40.458853933957236,17.590782381909364
S078-07,S078,aplicacion,2,7,223.77088716792642,0.12451227003677978,0.7078774151495775,0.24263562549542061,1.026652066500551,0.7912809222031101,plano,20.2328751072829,1286.6081255230563,0.7169762359172777,0.5436683750078983,8.628288650083473,1.3274290230897652,sintetico,242.40701922668896,9.1225,2.075022421399503,30.505305317442588,26.572432910571546,12.89242105904205,0.6022604263702596,12.112907645930392,0.19490396426841208,3.7651501645107697,13.593291789330795,17.2304020524434,16.16715664859905,14.993794177635714,13.653083782456292,11.680079317242816,10.402928695498888,48.19226344393279,19.593990202156796
S078-08,S078,aplicacion,2,8,223.77088716792642,0.12451227003677978,0.7078774151495775,0.24263562549542061,1.026652066500551,0.4893270957876366,plano,20.2328751072829,1286.6081255230563,0.7169762359172777,0.5436683750078983,8.628288650083473,1.3274290230897652,sintetico,224.8735448850999,8.814444444444444,2.1612146517649453,29.123457984183897,25.511936265799815,12.400731123156435,0.5981475776385143,12.331400479011723,0.18884416563800477,2.6527421184273,13.627856619948064,17.235314052672408,14.76998446266112,15.22503598115392,12.398043038121138,10.678176506030711,9.54784968342951,48.31065263940315,19.553215251769547
S078-09,S078,aplicacion,2,9,223.77088716792642,0.12451227003677978,0.7078774151495775,0.24263562549542061,1.026652066500551,1.3497877485525147,plano,20.2328751072829,1286.6081255230563,0.7169762359172777,0.5436683750078983,8.628288650083473,1.3274290230897652,sintetico,198.74843301609687,5.808888888888889,1.4088161388287397,38.69838059700085,34.214535140491044,11.586648814078043,0.6036809215175992,23.450650344299923,0.16931858463702773,1.8436191285290215,11.013733511755925,14.229266762286104,12.759549074993917,15.576446459663906,8.966307190438577,7.678810776010081,7.063429514208535,37.963829024888405,16.254159579506734
S078-10,S078,aplicacion,2,10,223.77088716792642,0.12451227003677978,0.7078774151495775,0.24263562549542061,1.026652066500551,0.5711175950863059,plano,20.2328751072829,1286.6081255230563,0.7169762359172777,0.5436683750078983,8.628288650083473,1.3274290230897652,sintetico,249.94235624401102,9.071111111111112,2.016464946453335,30.985656616220936,27.55366494605707,11.076065654091131,0.616118690322235,14.395516903478686,0.19030673110344562,3.982996001353261,13.964495686750048,17.78446633819081,15.954678837113844,15.665771702191462,13.996549032251217,11.908993029435717,10.587792671568764,48.955537861785906,20.250922240500234
S079-01,S079,aplicacion,1,1,207.56142782387468,0.05862801530471283,0.5205909766959644,0.25196895598473595,1.009324988237617,1.4253798308448022,piedemonte,211.19870525740566,1382.8069509219986,0.6397346055023915,0.5666247869031273,9.854532718007517,1.516081956616541,sintetico,181.78372185626907,6.6194444444444445,1.8153440617797512,30.895165644536334,27.46208135470284,11.112043642467478,0.6129559463563401,12.689886697440201,0.19730512581681003,12.814833070053922,16.142101161743888,20.48576007134771,13.40898508433365,13.556859129380012,13.518891585784091,11.411590407777256,10.172289935191827,57.44828567630339,23.39346118851505
S079-02,S079,aplicacion,1,2,207.56142782387468,0.05862801530471283,0.5205909766959644,0.25196895598473595,1.009324988237617,1.2599857146473572,piedemonte,211.19870525740566,1382.8069509219986,0.6397346055023915,0.5666247869031273,9.854532718007517,1.516081956616541,sintetico,211.00015891364882,6.605277777777777,1.4407572087394072,35.60349529360843,31.944176461967945,10.277976365700829,0.6104399301529805,18.739223684763868,0.17025577805776887,12.822936781354139,14.316106648617952,18.4643404326592,14.464861536638105,14.58708459664171,13.419657120443595,11.175882899734416,10.0277866023762,49.65347708114555,21.19815175370823
S079-03,S079,aplicacion,1,3,207.56142782387468,0.05862801530471283,0.5205909766959644,0.25196895598473595,1.009324988237617,1.528674403198957,piedemonte,211.19870525740566,1382.8069509219986,0.6397346055023915,0.5666247869031273,9.854532718007517,1.516081956616541,sintetico,186.8631666119809,6.501944444444445,1.6589679262136838,31.893959785849205,28.73958216786137,9.890203785192464,0.6142495228460805,14.350407997607553,0.20742189417618048,12.711948326481433,16.96552428011434,21.941819367666096,13.746063813162893,13.593939992701424,14.697811675848861,12.449837602343818,10.830862491507638,60.112180347178054,25.035060789697354
S079-04,S079,aplicacion,1,4,207.56142782387468,0.05862801530471283,0.5205909766959644,0.25196895598473595,1.009324988237617,1.1061349501717368,piedemonte,211.19870525740566,1382.8069509219986,0.6397346055023915,0.5666247869031273,9.854532718007517,1.516081956616541,sintetico,192.61609576099713,6.234444444444445,1.4640521026337936,33.851686425482804,30.89547071554044,8.732846194974158,0.6065292403622209,17.300837640349314,0.19229974911947936,13.084328588214849,15.8882461259885,20.315189351390366,13.251978700328374,14.534893250033992,13.27066927405099,11.197368232051156,9.942337159152812,54.43701436818996,23.215647392688904
S079-05,S079,aplicacion,1,5,207.56142782387468,0.05862801530471283,0.5205909766959644,0.25196895598473595,1.009324988237617,0.4752974119174195,piedemonte,211.19870525740566,1382.8069509219986,0.6397346055023915,0.5666247869031273,9.854532718007517,1.516081956616541,sintetico,181.10359212997864,6.470277777777778,1.6454670859654978,31.030076229971115,27.99007992392234,9.796934701412441,0.6009446119386642,11.569999570686472,0.18733516207046905,13.231793269073822,16.235195580150798,20.688748093345875,12.402370677233161,14.602336669587508,12.77860208471833,10.69085302933326,9.566913812470055,54.532400536925216,23.724989172217857
S079-06,S079,aplicacion,2,6,207.56142782387468,0.05862801530471283,0.5205909766959644,0.25196895598473595,1.009324988237617,1.3166004152993191,piedemonte,211.19870525740566,1382.8069509219986,0.6397346055023915,0.5666247869031273,9.854532718007517,1.516081956616541,sintetico,217.60017322596562,7.441944444444444,1.5808810944409277,32.89910644716628,29.239693315422205,11.123138367362175,0.6075535487957152,15.62465006905304,0.18726326689312314,12.70464504030819,14.765076103950292,19.098677675860266,15.704909727669854,13.855550716256875,15.091515694733879,12.490809792306008,11.010255582557134,53.3996560965939,21.980488473854482
S079-07,S079,aplicacion,2,7,207.56142782387468,0.05862801530471283,0.5205909766959644,0.25196895598473595,1.009324988237617,1.0157377175939795,piedemonte,211.19870525740566,1382.8069509219986,0.6397346055023915,0.5666247869031273,9.854532718007517,1.516081956616541,sintetico,226.99367438690498,7.933888888888889,1.5462985959764208,31.94844115227375,28.610644485430218,10.44744765772705,0.608538234266584,13.43043204257405,0.20393397831605697,12.769228151232625,17.34338728672822,22.189357249218855,15.902589703427902,14.27400685172523,17.319162257636755,14.599636446570033,12.9174171823918,58.90173740398813,25.361071022469876
S079-08,S079,aplicacion,2,8,207.56142782387468,0.05862801530471283,0.5205909766959644,0.25196895598473595,1.009324988237617,0.9426247502682319,piedemonte,211.19870525740566,1382.8069509219986,0.6397346055023915,0.5666247869031273,9.854532718007517,1.516081956616541,sintetico,185.44654534579527,6.615277777777778,1.7147798542541584,31.368113670293805,28.033070050172704,10.631954650430401,0.6206423403000845,12.857442788158725,0.20801045117911002,12.544683314006596,17.458250304491926,22.58995058750129,12.988334102488288,14.277931556308493,14.469955541026499,12.12054272219057,10.61716381523981,61.49647924998926,25.94585003441125
S079-09,S079,aplicacion,2,9,207.56142782387468,0.05862801530471283,0.5205909766959644,0.25196895598473595,1.009324988237617,0.9883737739418028,piedemonte,211.19870525740566,1382.8069509219986,0.6397346055023915,0.5666247869031273,9.854532718007517,1.516081956616541,sintetico,222.597666907744,8.833333333333334,2.111432732108519,28.342349892759373,25.199735876348377,11.08805031446541,0.6213636435568362,10.323899371069183,0.21802162224680682,12.425643332251845,17.28680004370396,22.14265679888871,16.64301116286872,13.374843333901564,18.052359864256715,15.21636836010521,13.251728133736146,62.668125007891135,25.301239353020662
S079-10,S079,aplicacion,2,10,207.56142782387468,0.05862801530471283,0.5205909766959644,0.25196895598473595,1.009324988237617,0.7996410568513674,piedemonte,211.19870525740566,1382.8069509219986,0.6397346055023915,0.5666247869031273,9.854532718007517,1.516081956616541,sintetico,226.26212885470787,8.739722222222222,1.988843657919277,29.39529642284187,25.888938241011612,11.928296729491784,0.583056487900775,12.351015478498553,0.18161103048689034,12.552548770497456,15.977869177206998,20.248885989030857,16.113867157517035,14.0414542730767,16.028001462344335,13.573209109750502,12.02376650220743,56.14691780941603,23.122126635748653
S080-01,S080,aplicacion,1,1,207.69642738461033,0.09645719655073001,0.8916015390279897,0.16565153450160658,1.0165667999292949,0.6109906365780041,piedemonte,282.7213104972511,1478.1300556733072,0.6544714398591676,0.7004192831763021,11.4273023718431,1.7580465187450922,sintetico,204.17655375697288,8.140277777777778,2.2039749017197425,28.043019859032558,25.08225877922206,10.557925268725473,0.5983102690479944,10.834328612864699,0.19118864469470112,12.77533120368416,15.991138705102363,20.434321444058543,16.218914604728628,12.58879269870779,16.23069367692523,13.663421846395176,11.774148531817156,57.90237266574306,23.335533057384012
S080-02,S080,aplicacion,1,2,207.69642738461033,0.09645719655073001,0.8916015390279897,0.16565153450160658,1.0165667999292949,0.8069617148813242,piedemonte,282.7213104972511,1478.1300556733072,0.6544714398591676,0.7004192831763021,11.4273023718431,1.7580465187450922,sintetico,209.74834033543692,7.762222222222222,2.031005343445034,30.298291678339343,27.02168713167667,10.814486115087316,0.6070074036714045,14.396650443744633,0.18626412110938223,12.206074486927056,14.71072516902897,18.90264133724786,16.379936577096743,12.805198563999184,15.473865167752063,12.811588514464448,11.16450647887915,54.36779749319104,21.784110387370365
S080-03,S080,aplicacion,1,3,207.69642738461033,0.09645719655073001,0.8916015390279897,0.16565153450160658,1.0165667999292949,0.9907536613190573,piedemonte,282.7213104972511,1478.1300556733072,0.6544714398591676,0.7004192831763021,11.4273023718431,1.7580465187450922,sintetico,209.16149272302522,8.794722222222223,2.4000593678338102,27.227675783868765,23.782615009092915,12.652790499352514,0.6175760448880916,10.833517576829538,0.1888543572770734,12.200613093160547,15.28945959190513,19.188150296398664,17.052459173254483,12.265767101268272,15.822823649442357,13.493729219930897,11.834221603583272,58.40399150012715,21.773239841808298
S080-04,S080,aplicacion,1,4,207.69642738461033,0.09645719655073001,0.8916015390279897,0.16565153450160658,1.0165667999292949,0.7094863969256751,piedemonte,282.7213104972511,1478.1300556733072,0.6544714398591676,0.7004192831763021,11.4273023718431,1.7580465187450922,sintetico,181.34140463956422,8.146666666666667,2.702085610144734,25.653452401070073,22.25958322089577,13.229678123295145,0.6003858622997228,8.149208947081288,0.20285721773365295,12.547428582622546,13.896556551690066,17.63460713888172,15.567699832633474,11.648567648987617,13.639271603605016,11.363413634442264,9.867015011809686,56.30187022846338,20.203574917188796
S080-05,S080,aplicacion,1,5,207.69642738461033,0.09645719655073001,0.8916015390279897,0.16565153450160658,1.0165667999292949,0.7078813910312376,piedemonte,282.7213104972511,1478.1300556733072,0.6544714398591676,0.7004192831763021,11.4273023718431,1.7580465187450922,sintetico,237.26257264795086,10.738888888888889,2.5878502165238277,25.332026262904776,22.09377293152155,12.783238489394725,0.6051991964378602,8.197102948784272,0.21488811187352716,12.558486562076432,15.616558392578906,19.934963723049,20.535848277873047,11.553580326340665,20.057812552208638,16.857745905699904,14.796955000620878,61.17414568167805,22.775323234483228
S080-06,S080,aplicacion,2,6,207.69642738461033,0.09645719655073001,0.8916015390279897,0.16565153450160658,1.0165667999292949,0.43820171769577276,piedemonte,282.7213104972511,1478.1300556733072,0.6544714398591676,0.7004192831763021,11.4273023718431,1.7580465187450922,sintetico,203.26661860229981,7.241388888888889,1.8104300771589474,31.565862607552383,28.070114962916847,11.074456250719244,0.5941455760085019,15.267175572519085,0.1748115491982116,12.739766120814656,14.06845444972181,18.108682393094206,15.134394514479485,13.430773091571593,13.85748407851845,11.398624420849256,9.973709791903861,51.756580305890104,20.84317199665012
S080-07,S080,aplicacion,2,7,207.69642738461033,0.09645719655073001,0.8916015390279897,0.16565153450160658,1.0165667999292949,0.775496202747478,piedemonte,282.7213104972511,1478.1300556733072,0.6544714398591676,0.7004192831763021,11.4273023718431,1.7580465187450922,sintetico,181.70566742124396,8.392222222222221,2.6416347206563864,24.94338999872176,21.65167492110679,13.196743016020124,0.60917166286856,6.212763140473984,0.21208546274870874,12.50128126706841,16.378865285649717,20.658120379270397,15.815348954959017,11.489197483958698,15.869219502293648,13.412149295569487,11.534916317901159,62.35955602548531,23.499693584099536
S080-08,S080,aplicacion,2,8,207.69642738461033,0.09645719655073001,0.8916015390279897,0.16565153450160658,1.0165667999292949,1.0635847916403396,piedemonte,282.7213104972511,1478.1300556733072,0.6544714398591676,0.7004192831763021,11.4273023718431,1.7580465187450922,sintetico,214.57135548888633,9.218055555555555,2.5213057855153505,26.611667749336508,23.277290334789537,12.529757420521321,0.6005506445037235,9.040229019135152,0.20282183266129578,12.618280565018893,15.141947825560624,19.27509545334402,18.161990077092806,11.814308596034252,17.22263845945171,14.427093765630293,12.602936658612348,59.7295529747037,22.03557620736934
S080-09,S080,aplicacion,2,9,207.69642738461033,0.09645719655073001,0.8916015390279897,0.16565153450160658,1.0165667999292949,0.9987381600462407,piedemonte,282.7213104972511,1478.1300556733072,0.6544714398591676,0.7004192831763021,11.4273023718431,1.7580465187450922,sintetico,185.82096227286974,9.29888888888889,2.889878479971703,23.20828005073311,19.983136102949306,13.896522882064763,0.6038458441170053,5.290357270880631,0.2110934262301378,12.523373511519301,15.683789621861239,19.713485768421513,16.871923917832913,11.013620211768785,16.17625336917735,13.654020520218019,11.804822802368102,65.20601075881511,22.378770857599616
S080-10,S080,aplicacion,2,10,207.69642738461033,0.09645719655073001,0.8916015390279897,0.16565153450160658,1.0165667999292949,0.8807854863091866,piedemonte,282.7213104972511,1478.1300556733072,0.6544714398591676,0.7004192831763021,11.4273023718431,1.7580465187450922,sintetico,233.46944520832668,9.921944444444444,2.308653278029791,26.947419132734083,23.530614035946584,12.679526302528066,0.5934612955990027,8.998012262381366,0.2098861329338351,12.1796214998546,15.556364151055938,20.004332388503993,19.63885349234358,11.88814027760568,19.399711181398164,16.158020999251804,14.017446265424885,60.48961434938556,22.96104108569112
S081-01,S081,particular,1,1,89.89071418957543,0.058945160204704,0.6591772095705948,0.15332022873995854,1.0152861147377028,0.6941939917305614,intermedio,159.5987485159884,1471.2883873954954,0.7154263346962911,0.7527981781932694,12.222207385582818,1.8803395977819721,sintetico,108.20811373218784,3.187222222222222,1.266078811234722,37.2738694321956,33.950602181965856,8.915809656614956,0.5997521286104538,21.47463831270699,0.17366144728383096,4.554919339938083,11.033312378451196,14.38529597263191,7.809290564935876,13.856330844961505,5.733887879360952,4.720625720507399,4.575073590279766,41.701425195015325,16.607530888172693
S081-02,S081,particular,1,2,89.89071418957543,0.058945160204704,0.6591772095705948,0.15332022873995854,1.0152861147377028,0.4861984174158171,intermedio,159.5987485159884,1471.2883873954954,0.7154263346962911,0.7527981781932694,12.222207385582818,1.8803395977819721,sintetico,100.16264459440761,4.304444444444444,2.206411391141914,25.969428918967765,23.269587025030166,10.39623128549303,0.5827985595990661,8.034331440371709,0.20796709180147305,4.5908928218049905,13.447396754744942,17.155094975001052,8.387150886959205,11.942392111979995,7.103799733203766,5.972632328619378,5.618504264631326,56.235959576875565,19.642593252351233
S081-03,S081,particular,1,3,89.89071418957543,0.058945160204704,0.6591772095705948,0.15332022873995854,1.0152861147377028,0.8328896085626984,intermedio,159.5987485159884,1471.2883873954954,0.7154263346962911,0.7527981781932694,12.222207385582818,1.8803395977819721,sintetico,104.27926251495047,4.667777777777777,2.5604323770674955,25.284929282267235,22.34023714912055,11.646036657938586,0.6079973057881685,6.819804808378957,0.2277020590343437,5.06745271506105,13.953413312420578,18.097103053263517,9.279672056737347,11.237386609933088,8.253899051243238,6.928092391294388,6.437106084457479,61.09235666172684,20.658084574272706
S081-04,S081,particular,1,4,89.89071418957543,0.058945160204704,0.6591772095705948,0.15332022873995854,1.0152861147377028,0.4314008903985231,intermedio,159.5987485159884,1471.2883873954954,0.7154263346962911,0.7527981781932694,12.222207385582818,1.8803395977819721,sintetico,91.19454174436882,3.6,2.1273203010747004,28.567729749367196,25.33181715121356,11.327160493827162,0.6128939329741115,9.907407407407408,0.21389646707329513,4.18100524230825,14.78634787131788,19.15549545054357,7.170741604443522,12.71758860866747,6.736901182488192,5.6469553180896686,5.372483747289673,58.73854520945934,21.94555546047789
S081-05,S081,particular,1,5,89.89071418957543,0.058945160204704,0.6591772095705948,0.15332022873995854,1.0152861147377028,0.9260996331428973,intermedio,159.5987485159884,1471.2883873954954,0.7154263346962911,0.7527981781932694,12.222207385582818,1.8803395977819721,sintetico,82.53078708995722,3.0702777777777777,1.8659703297406156,30.090220125971847,26.88056034776495,10.666787297566271,0.6294502642686407,9.780150185470008,0.2090585716943456,4.8405424619260895,15.203349943890279,19.327822946517195,6.503902088932731,12.689426433770354,6.105316081745142,5.162068612961075,4.944523229348165,58.69714857976814,22.018822307743307
S081-06,S081,particular,2,6,89.89071418957543,0.058945160204704,0.6591772095705948,0.15332022873995854,1.0152861147377028,1.2565435291670535,intermedio,159.5987485159884,1471.2883873954954,0.7154263346962911,0.7527981781932694,12.222207385582818,1.8803395977819721,sintetico,110.22250633149368,4.568888888888889,1.832656566459176,27.217300417955773,24.124575802126532,11.363083657587548,0.5933884743563431,9.028453307392995,0.21117216032751693,4.573169385539824,13.103840039226789,16.787336674065955,9.598723336082534,11.48303815749711,7.873050363732259,6.669773315084684,6.216865313372751,56.26024086925315,19.14186681627039
S081-07,S081,particular,2,7,89.89071418957543,0.058945160204704,0.6591772095705948,0.15332022873995854,1.0152861147377028,0.5408578486649886,intermedio,159.5987485159884,1471.2883873954954,0.7154263346962911,0.7527981781932694,12.222207385582818,1.8803395977819721,sintetico,92.61924724706816,3.5147222222222223,2.0082218926248916,29.91470393768575,26.35179720931363,11.910218920414131,0.6112295478267974,11.570378566347902,0.19103218205900968,4.283739737788908,12.72185310947888,16.401960851494536,7.329119024641214,12.637159655297344,5.893206436611574,4.992926237371354,4.8177842983198245,51.035292680243295,18.703107827581952
S081-08,S081,particular,2,8,89.89071418957543,0.058945160204704,0.6591772095705948,0.15332022873995854,1.0152861147377028,1.4090947609523763,intermedio,159.5987485159884,1471.2883873954954,0.7154263346962911,0.7527981781932694,12.222207385582818,1.8803395977819721,sintetico,97.22529644338186,3.738888888888889,2.00565086590974,28.95525042986224,26.003793996744037,10.193164933135215,0.6188651723855703,10.245170876671619,0.22167500285435737,4.470427722850668,14.157047963578322,18.465556833746994,8.221219844303999,11.826139950599126,7.42280833566078,6.245599512627148,5.863504889338069,59.42323894832888,21.13220786795503
S081-09,S081,particular,2,9,89.89071418957543,0.058945160204704,0.6591772095705948,0.15332022873995854,1.0152861147377028,1.028669288845597,intermedio,159.5987485159884,1471.2883873954954,0.7154263346962911,0.7527981781932694,12.222207385582818,1.8803395977819721,sintetico,84.57545457318007,2.8177777777777777,1.5134414665101947,33.46577670514929,30.014948389535515,10.311514195583596,0.5818542289896189,15.329258675078863,0.16442614885802975,4.082418934343457,12.045110770443811,15.501439886890031,6.350242696543903,13.318460193530862,4.829416305495555,4.0888466026092205,4.065136327548053,47.398710831396215,17.673038477767257
S081-10,S081,particular,2,10,89.89071418957543,0.058945160204704,0.6591772095705948,0.15332022873995854,1.0152861147377028,1.0937949464339254,intermedio,159.5987485159884,1471.2883873954954,0.7154263346962911,0.7527981781932694,12.222207385582818,1.8803395977819721,sintetico,106.29702949952913,3.6105555555555555,1.6933681105434593,33.223589702926276,29.440629804454908,11.38636713340514,0.608444259719615,17.294968456685645,0.1910158523411607,4.8055086379652945,12.176092126267692,15.898832280640686,8.479609018455143,12.535605034168762,6.795501154367644,5.612246271182404,5.333859106264378,48.22207534945882,18.299761859238338
S082-01,S082,particular,1,1,101.38423487382455,0.0728544435549203,0.4477393207608944,0.14814956047593936,0.9468288173899784,1.1760122956368053,intermedio,130.63488203646227,1391.9916208317568,0.6301233745850151,0.6818686571519443,10.778749140894323,1.6582690985991266,sintetico,110.83064385533018,3.9194444444444443,1.5970312347101603,31.065199490600907,28.277130962380486,8.979447200566975,0.5746294971966535,11.38908575478384,0.18504836261867633,8.805871650149209,14.055935990037534,17.963648326347208,7.8617835260751745,14.097391957911105,6.980351113164618,5.875731461393036,5.556774331143326,55.55300915925604,20.563531033993364
S082-02,S082,particular,1,2,101.38423487382455,0.0728544435549203,0.4477393207608944,0.14814956047593936,0.9468288173899784,0.816701719834067,intermedio,130.63488203646227,1391.9916208317568,0.6301233745850151,0.6818686571519443,10.778749140894323,1.6582690985991266,sintetico,106.03459852633131,3.5188888888888887,1.4617870219172777,33.07064872807653,30.13297716251916,8.88853804862646,0.5471828471121699,17.761288285443637,0.1648361202973102,9.348460591565917,13.207074000614922,16.868224868190747,7.1581068482452865,14.813218183844834,6.008685166688854,5.06967160461954,4.761349782622437,49.966214911451246,19.321090214598446
S082-03,S082,particular,1,3,101.38423487382455,0.0728544435549203,0.4477393207608944,0.14814956047593936,0.9468288173899784,0.4361687802750352,intermedio,130.63488203646227,1391.9916208317568,0.6301233745850151,0.6818686571519443,10.778749140894323,1.6582690985991266,sintetico,87.41458479793437,3.421666666666667,1.8417979147548897,28.30269506124089,25.547370130911162,9.74184120798831,0.5754190553547855,9.141094333495698,0.188019819514605,9.094180558546137,14.848481969531305,18.75306479549041,6.214310311178675,14.066659117535176,5.676506937341524,4.854176749641569,4.6598084392818615,56.25847002940073,21.28811533186685
S082-04,S082,particular,1,4,101.38423487382455,0.0728544435549203,0.4477393207608944,0.14814956047593936,0.9468288173899784,0.7833006018222581,intermedio,130.63488203646227,1391.9916208317568,0.6301233745850151,0.6818686571519443,10.778749140894323,1.6582690985991266,sintetico,88.5082522728151,3.4930555555555554,1.9659183808495932,28.193427224037926,25.33834657512003,10.131212723658052,0.5787406565051194,7.75347912524851,0.18638815638480832,9.032886662804975,14.70308708941777,18.40476240257498,6.439625027747671,13.744317703506383,5.727062178346466,4.935685182577048,4.700848150101479,57.08971212512036,20.833920477987075
S082-05,S082,particular,1,5,101.38423487382455,0.0728544435549203,0.4477393207608944,0.14814956047593936,0.9468288173899784,1.588856774670179,intermedio,130.63488203646227,1391.9916208317568,0.6301233745850151,0.6818686571519443,10.778749140894323,1.6582690985991266,sintetico,111.54102110569778,3.3925,1.2461782994462793,36.98651291172083,32.878709242652256,11.11111111111111,0.557886553513012,19.67575534266765,0.14958878222720765,8.740128519583347,11.786082991663186,15.184440640759611,7.686777032547365,14.510765777829977,5.766249605591218,4.891928161296271,4.735669002757473,45.000010180134666,17.35603779302288
S082-06,S082,particular,2,6,101.38423487382455,0.0728544435549203,0.4477393207608944,0.14814956047593936,0.9468288173899784,1.4207864486982844,intermedio,130.63488203646227,1391.9916208317568,0.6301233745850151,0.6818686571519443,10.778749140894323,1.6582690985991266,sintetico,96.66041380140138,3.4344444444444444,1.6966614723681468,31.349042705780743,28.14441035951512,10.223228728566806,0.6056225082112282,14.671627305079262,0.18465847707398292,8.81298936111406,13.483531832263013,17.284019369720045,7.0884876116884366,13.63625347133497,5.989611788650156,5.0915409145108095,4.879992193602856,54.11206475971538,19.704171689944967
S082-07,S082,particular,2,7,101.38423487382455,0.0728544435549203,0.4477393207608944,0.14814956047593936,0.9468288173899784,0.9391490428596628,intermedio,130.63488203646227,1391.9916208317568,0.6301233745850151,0.6818686571519443,10.778749140894323,1.6582690985991266,sintetico,98.35662323435216,2.9530555555555558,1.2098829350460856,36.69544056902472,33.30672971909206,9.23713667575957,0.5601963158302801,19.988712256608032,0.14576796471072642,9.250674180732723,12.036093939533245,15.14051524548897,6.449288514646217,15.250771152660644,4.793195525258044,4.13522283677744,4.069063461361521,43.20514246598711,17.165720946046836
S082-08,S082,particular,2,8,101.38423487382455,0.0728544435549203,0.4477393207608944,0.14814956047593936,0.9468288173899784,1.1011202907722457,intermedio,130.63488203646227,1391.9916208317568,0.6301233745850151,0.6818686571519443,10.778749140894323,1.6582690985991266,sintetico,110.26701788835365,3.5825,1.4691609794329112,34.055126821513326,30.779349026756076,9.622392804528184,0.5740604166624379,16.87989454911995,0.171390607442976,8.566275327486968,13.183603436737112,16.901391317882727,7.492981282304675,14.716040749862644,6.18149940216339,5.2833751838863945,5.06237047065196,50.38582536735809,19.251029290658977
S082-09,S082,particular,2,9,101.38423487382455,0.0728544435549203,0.4477393207608944,0.14814956047593936,0.9468288173899784,1.4886066061087355,intermedio,130.63488203646227,1391.9916208317568,0.6301233745850151,0.6818686571519443,10.778749140894323,1.6582690985991266,sintetico,108.63965216403388,3.6319444444444446,1.4543492808816936,32.972954686174845,29.912256045164202,9.2848948374761,0.5586131855641713,15.579349904397704,0.16067430995234866,8.579723322537298,12.526088012686449,15.73215733571482,7.6391787238339575,14.221378513515093,5.8537392450286365,5.034208166655608,4.763188924959887,48.32399709389302,17.765228250936854
S082-10,S082,particular,2,10,101.38423487382455,0.0728544435549203,0.4477393207608944,0.14814956047593936,0.9468288173899784,1.1112736833198884,intermedio,130.63488203646227,1391.9916208317568,0.6301233745850151,0.6818686571519443,10.778749140894323,1.6582690985991266,sintetico,113.58564761508285,3.431388888888889,1.4702561767832396,36.764496591031964,33.10194539094133,9.965190641949324,0.575356185636968,20.432283655792116,0.16236835985206857,9.262831437294608,11.077509513164008,14.106830220595693,7.828154553972429,14.509888228694122,5.542687959227979,4.6787811481464585,4.563072362556611,41.30883763960208,16.06852170258002
S083-01,S083,particular,1,1,82.81688722117107,0.08116592373280124,0.7446919771921219,0.1665077396240866,1.0344829017069086,1.1845655557061385,piedemonte,257.23385738229257,1455.6164903016852,0.7040553643824858,0.6360618239563428,10.601750775998267,1.6310385809228103,sintetico,75.81811299138833,3.4916666666666667,2.4136712558486617,25.02936329839505,21.714018040493077,13.24582338902148,0.60023722142714,6.54733492442323,0.21452541103515205,6.972290439213189,13.465692960107786,17.178759873468984,6.586689721875083,11.510806822976415,5.5840814579755955,4.695024388963003,4.409316145587536,56.08942086314956,19.62595940994325
S083-02,S083,particular,1,2,82.81688722117107,0.08116592373280124,0.7446919771921219,0.1665077396240866,1.0344829017069086,1.3186284411957392,piedemonte,257.23385738229257,1455.6164903016852,0.7040553643824858,0.6360618239563428,10.601750775998267,1.6310385809228103,sintetico,99.84446553180935,4.484444444444445,2.5139099965439162,25.931756432761972,22.26462313642924,14.14147670961348,0.6139148581551463,6.931367690782954,0.2260456976148902,7.028228283645615,14.681213403504804,18.77021635078954,8.629876836498212,11.569628098229469,7.934693001350023,6.688360782282295,6.229713423388699,60.608948004966216,21.37557392178833
S083-03,S083,particular,1,3,82.81688722117107,0.08116592373280124,0.7446919771921219,0.1665077396240866,1.0344829017069086,1.396074230038578,piedemonte,257.23385738229257,1455.6164903016852,0.7040553643824858,0.6360618239563428,10.601750775998267,1.6310385809228103,sintetico,83.87676835975724,3.3475,2.2175389400104724,28.864961867424345,25.056540212026057,13.193925815285038,0.627285090128859,12.281138494730728,0.20895185432994673,6.1641594610446715,14.032115782300554,18.092364993280352,6.58474489495756,12.73804372041627,5.91703842965268,4.928913700797753,4.716953262148391,57.239742325449164,20.790909484382667
S083-04,S083,particular,1,4,82.81688722117107,0.08116592373280124,0.7446919771921219,0.1665077396240866,1.0344829017069086,1.3905190236494336,piedemonte,257.23385738229257,1455.6164903016852,0.7040553643824858,0.6360618239563428,10.601750775998267,1.6310385809228103,sintetico,89.43677538349408,3.777222222222222,2.3815706580059683,27.049684229234536,23.677922590129334,12.465068392410648,0.611423824272442,8.795411089866157,0.20502371583919735,6.114209628576389,13.446379277975359,17.06511751729416,7.419025077066977,12.055057700229778,6.257994598425071,5.240874636773758,5.011059491303655,56.28243830420475,19.521317472232635
S083-05,S083,particular,1,5,82.81688722117107,0.08116592373280124,0.7446919771921219,0.1665077396240866,1.0344829017069086,1.0959004888903274,piedemonte,257.23385738229257,1455.6164903016852,0.7040553643824858,0.6360618239563428,10.601750775998267,1.6310385809228103,sintetico,90.65694131663372,3.852222222222222,2.371577916456264,26.918920219389754,23.53367383471888,12.575713873665995,0.6290521729479047,7.355062013267954,0.22108010677333806,6.176138698912906,15.448462834970677,19.922624192848485,7.346558644428832,12.340055487800704,7.202303740094579,6.023571485424579,5.690810674341939,62.13827858309584,22.798405943183198
S083-06,S083,particular,2,6,82.81688722117107,0.08116592373280124,0.7446919771921219,0.1665077396240866,1.0344829017069086,1.1308319142698842,piedemonte,257.23385738229257,1455.6164903016852,0.7040553643824858,0.6360618239563428,10.601750775998267,1.6310385809228103,sintetico,93.18326276895232,3.0616666666666665,1.759972715343072,34.19569275924856,30.435469603359497,10.996189439303212,0.6084330807149667,19.87842496824533,0.18603956101025776,6.495342292368498,12.685646149852488,16.395834756775525,6.714123364671804,13.878693867804328,5.433057441096002,4.576070256937607,4.4628387009966906,47.60051992345361,18.76639135339697
S083-07,S083,particular,2,7,82.81688722117107,0.08116592373280124,0.7446919771921219,0.1665077396240866,1.0344829017069086,0.881401413612184,piedemonte,257.23385738229257,1455.6164903016852,0.7040553643824858,0.6360618239563428,10.601750775998267,1.6310385809228103,sintetico,76.8901711968031,2.4133333333333336,1.3655841620023035,35.652320493108085,31.860568175470892,10.6353591160221,0.6700153409612534,18.093922651933703,0.20205004262003892,6.880963489707785,14.428737105237564,19.043391341208473,5.541677188750791,13.874891766139799,5.337191978218968,4.37785970014604,4.28312853531431,51.45045488535573,22.12163800117737
S083-08,S083,particular,2,8,82.81688722117107,0.08116592373280124,0.7446919771921219,0.1665077396240866,1.0344829017069086,1.1079209550828035,piedemonte,257.23385738229257,1455.6164903016852,0.7040553643824858,0.6360618239563428,10.601750775998267,1.6310385809228103,sintetico,85.93597682200492,3.091666666666667,1.9433071709407472,31.322214899181706,27.796003284745524,11.257861635220126,0.6141160297601144,17.061994609164422,0.18066403202205022,6.07330288207022,12.964224755741888,17.206562002898323,6.384526116583518,13.460039986176907,5.552667833172162,4.553142849211325,4.442831949434606,51.89130092540103,20.03787792965699
S083-09,S083,particular,2,9,82.81688722117107,0.08116592373280124,0.7446919771921219,0.1665077396240866,1.0344829017069086,1.2888634705734736,piedemonte,257.23385738229257,1455.6164903016852,0.7040553643824858,0.6360618239563428,10.601750775998267,1.6310385809228103,sintetico,75.53264347364146,3.122777777777778,2.568425929216948,27.257168855764753,24.18764601539844,11.2613413983277,0.6594253743831358,10.567514677103718,0.23836922115673784,7.041445130416232,15.694085667380318,20.338040813811006,6.3642355668932975,11.868297877998366,6.387618683084691,5.326445809968907,5.048291924140102,60.385970744339026,23.363669453600213
S083-10,S083,particular,2,10,82.81688722117107,0.08116592373280124,0.7446919771921219,0.1665077396240866,1.0344829017069086,0.5123844410606775,piedemonte,257.23385738229257,1455.6164903016852,0.7040553643824858,0.6360618239563428,10.601750775998267,1.6310385809228103,sintetico,74.07871351289172,2.3786111111111112,1.606399387312399,35.016198614287056,31.143684298307857,11.059208221417727,0.600629993069788,15.637043092374167,0.17540081280333514,7.172899333694071,11.718185597650415,15.1810427348408,5.5544593046081765,13.33680011867823,4.2688093219738334,3.54734365359421,3.5743160089008112,39.170664991799086,17.52767716633959
S084-01,S084,particular,1,1,86.96062510425591,0.08822096009988988,0.5355662064142985,0.09051628950572999,0.9503600084548103,1.5921175861279533,plano,7.0140883198026405,1439.4657021945495,0.6142711479087093,0.6460989999674939,10.22196414265313,1.5726098681004816,sintetico,84.67615923497334,3.392777777777778,1.9013616282858403,27.44646545660118,24.957767581947277,9.071557229408874,0.565761422259537,8.70312755853938,0.1877192036700646,3.7369850223856034,13.25278495288704,16.60469286549779,6.62734567621149,12.77678325108557,5.268350307981277,4.554766469490699,4.4385089854116115,54.37676706682557,18.72933785504749
S084-02,S084,particular,1,2,86.96062510425591,0.08822096009988988,0.5355662064142985,0.09051628950572999,0.9503600084548103,0.48651282146947983,plano,7.0140883198026405,1439.4657021945495,0.6142711479087093,0.6460989999674939,10.22196414265313,1.5726098681004816,sintetico,97.54045248224607,2.763611111111111,1.1482415464536193,37.63102722366832,35.294565176006216,6.211679565785506,0.5738537323626615,20.012061513719974,0.16878195314925581,4.010802617087215,12.185127838310054,15.969678557083599,6.298508548232987,15.486277701347333,5.081184217067818,4.217614760384156,4.163228128478077,42.210543364860335,18.369059388448015
S084-03,S084,particular,1,3,86.96062510425591,0.08822096009988988,0.5355662064142985,0.09051628950572999,0.9503600084548103,0.5928620925696747,plano,7.0140883198026405,1439.4657021945495,0.6142711479087093,0.6460989999674939,10.22196414265313,1.5726098681004816,sintetico,97.28638560525197,2.633611111111111,1.1306823592597492,40.066046826408716,36.940300409124255,7.805083851914355,0.5723548783966689,22.24448897795591,0.16111620472521102,1.1207788664170124,11.56768883248855,14.992102034952232,6.14251337683841,15.838204923100367,4.594793831175787,3.875188020240102,3.8545706945467226,39.23539688681537,17.160914311886707
S084-04,S084,particular,1,4,86.96062510425591,0.08822096009988988,0.5355662064142985,0.09051628950572999,0.9503600084548103,0.4556026019881159,plano,7.0140883198026405,1439.4657021945495,0.6142711479087093,0.6460989999674939,10.22196414265313,1.5726098681004816,sintetico,76.8133742079667,3.2830555555555554,2.122026296601542,26.0494039133865,23.396915741490833,10.186987054742364,0.5857298343462417,6.108807851764109,0.2032421750537387,1.7720470188124602,15.517356568919059,19.65040479331704,5.548679180766338,13.843542166616647,5.296135020683266,4.502116421952428,4.396569519545239,61.47225384444508,22.34303972693336
S084-05,S084,particular,1,5,86.96062510425591,0.08822096009988988,0.5355662064142985,0.09051628950572999,0.9503600084548103,1.540797874656731,plano,7.0140883198026405,1439.4657021945495,0.6142711479087093,0.6460989999674939,10.22196414265313,1.5726098681004816,sintetico,83.51055742312,2.937777777777778,1.4848422023066323,31.475461563133948,28.42643785204539,9.691754916792739,0.5766819769612123,12.424357034795765,0.1800293308468709,2.1272918668731244,13.10629706973292,16.7188907233465,6.067680118562246,13.763177324995185,4.9147601639532015,4.212860722042297,4.1510057596816194,52.59744672039603,18.93358817754513
S084-06,S084,particular,2,6,86.96062510425591,0.08822096009988988,0.5355662064142985,0.09051628950572999,0.9503600084548103,1.0978884583896606,plano,7.0140883198026405,1439.4657021945495,0.6142711479087093,0.6460989999674939,10.22196414265313,1.5726098681004816,sintetico,78.04888849259352,3.09,1.9218723404912335,27.440402421411516,25.258539965240622,7.955771305285868,0.5486889418962697,8.638978784609852,0.16985639227096616,1.849862491199732,12.728168250892319,15.799537556749641,5.656902732495727,13.797106328918563,4.319155483383026,3.7375850385853404,3.751965875421304,52.7880030096272,17.818922965260956
S084-07,S084,particular,2,7,86.96062510425591,0.08822096009988988,0.5355662064142985,0.09051628950572999,0.9503600084548103,0.9232088821569773,plano,7.0140883198026405,1439.4657021945495,0.6142711479087093,0.6460989999674939,10.22196414265313,1.5726098681004816,sintetico,87.21972311607537,2.457777777777778,1.1121337758766863,38.43561818946146,35.48722911594387,7.674050632911393,0.5405301313943229,20.69394213381555,0.15255676622971803,3.5994411532303157,11.306892811465426,14.470859436533246,5.606971783615954,15.555584454863636,3.979005679237928,3.4159502997567173,3.470121254413216,39.49286779186678,16.39216377998478
S084-08,S084,particular,2,8,86.96062510425591,0.08822096009988988,0.5355662064142985,0.09051628950572999,0.9503600084548103,0.9266280330795732,plano,7.0140883198026405,1439.4657021945495,0.6142711479087093,0.6460989999674939,10.22196414265313,1.5726098681004816,sintetico,86.2746292115282,3.7177777777777776,2.387723968015314,26.13642528487902,23.20596721170812,11.214883442916916,0.5832511881059632,7.12044231918709,0.19822321509974875,1.8176061322472712,14.500752931356457,18.23464696271439,6.682480227826288,12.910570068322082,5.855498558684987,5.031555646828403,4.752359111809246,58.34138202173478,20.550596412271933
S084-09,S084,particular,2,9,86.96062510425591,0.08822096009988988,0.5355662064142985,0.09051628950572999,0.9503600084548103,1.0991074591405656,plano,7.0140883198026405,1439.4657021945495,0.6142711479087093,0.6460989999674939,10.22196414265313,1.5726098681004816,sintetico,98.13431489436742,3.881666666666667,1.9259318231695115,28.35669685218547,25.281489453250515,10.84871904966366,0.5947312140823454,9.54630027193359,0.19025092099647592,1.6785893246346286,14.286720312301993,17.823511986016165,7.17082965923651,13.685210715884715,6.144446562451542,5.290647312561962,5.0618507319239106,56.75361034351895,20.129552320872243
S084-10,S084,particular,2,10,86.96062510425591,0.08822096009988988,0.5355662064142985,0.09051628950572999,0.9503600084548103,1.0447143881781846,plano,7.0140883198026405,1439.4657021945495,0.6142711479087093,0.6460989999674939,10.22196414265313,1.5726098681004816,sintetico,96.69376203232319,3.825833333333333,1.9029148947425556,28.000158209350026,25.273908612238692,9.743701444855878,0.561778407433307,9.271763595440355,0.1826022354445857,2.933907538230951,13.334326365485925,16.66518976078461,7.101848988546008,13.615294015441988,5.764156162639154,4.932133746871095,4.732155981857571,53.33045657247695,18.91546595437503
S085-01,S085,particular,1,1,80.97235270239358,0.09942219950479814,0.8037283505748808,0.09888140705055765,0.9538704298837821,1.2994792529677393,piedemonte,229.463917920631,1346.8038534396164,0.6340551421458038,0.6415370281480747,10.301032099031275,1.5847741690817347,sintetico,88.51309912881459,2.8497222222222223,1.141074044340183,34.29149884293631,31.060255079806268,9.425869967833123,0.5140906975250715,19.4463397992007,0.15133687942161217,15.749446999754149,12.536821373081038,15.599948101196652,6.293136411162457,14.065021532318033,4.864028938993476,4.189083265552008,4.128926399370441,42.92135980455704,17.754877375207435
S085-02,S085,particular,1,2,80.97235270239358,0.09942219950479814,0.8037283505748808,0.09888140705055765,0.9538704298837821,1.2532771902279527,piedemonte,229.463917920631,1346.8038534396164,0.6340551421458038,0.6415370281480747,10.301032099031275,1.5847741690817347,sintetico,76.9701117949702,1.9930555555555556,1.2212532606213866,42.451955216942,38.6191501689049,9.031358885017422,0.5303665943800022,29.81184668989547,0.13736821025708376,15.327220459992303,11.84709409295277,15.348376920592347,5.176661830608269,14.868676825645775,4.029101141851202,3.3840565199593655,3.014218393877521,38.9036529277148,17.695766116263318
S085-03,S085,particular,1,3,80.97235270239358,0.09942219950479814,0.8037283505748808,0.09888140705055765,0.9538704298837821,0.4112184281574072,piedemonte,229.463917920631,1346.8038534396164,0.6340551421458038,0.6415370281480747,10.301032099031275,1.5847741690817347,sintetico,71.6331607526287,2.904166666666667,2.107962267942488,27.832690759212674,24.665650761306868,11.38211382113821,0.5716213862674008,10.913438546150168,0.18366078639773745,16.167157506031973,14.527869192732936,18.16641573505005,5.3321031544722,13.434316380872668,4.722481152105803,4.081291294920852,4.049695995431974,51.99739171275171,20.52794431992018
S085-04,S085,particular,1,4,80.97235270239358,0.09942219950479814,0.8037283505748808,0.09888140705055765,0.9538704298837821,1.0583635996661107,piedemonte,229.463917920631,1346.8038534396164,0.6340551421458038,0.6415370281480747,10.301032099031275,1.5847741690817347,sintetico,75.53513622735416,2.640277777777778,1.8269643359698466,32.436711300770504,28.608783842027876,11.804313519200422,0.5790949300716359,17.50657548658601,0.16147732484948368,15.173066335855996,13.336538747288646,16.54593976649355,5.407482227057476,13.968633285449965,4.484428285822991,3.7969193446742286,3.6479718398344407,46.771131477569234,18.72633052993438
S085-05,S085,particular,1,5,80.97235270239358,0.09942219950479814,0.8037283505748808,0.09888140705055765,0.9538704298837821,0.9063348008192369,piedemonte,229.463917920631,1346.8038534396164,0.6340551421458038,0.6415370281480747,10.301032099031275,1.5847741690817347,sintetico,72.90428091101536,3.9494444444444445,2.962788978930369,20.879072955152438,18.45937623291991,11.5979743986496,0.5456583623100321,3.2564355042903363,0.20597768669025107,16.102980450853725,14.496197423737355,17.6336840641489,6.404700882054469,11.382932982130072,5.478343881423833,4.736909574012575,4.586749782166704,61.576743412737066,19.863955196123598
S085-06,S085,particular,2,6,80.97235270239358,0.09942219950479814,0.8037283505748808,0.09888140705055765,0.9538704298837821,0.6875800540602623,piedemonte,229.463917920631,1346.8038534396164,0.6340551421458038,0.6415370281480747,10.301032099031275,1.5847741690817347,sintetico,85.50256966433415,2.653611111111111,1.4034665913679063,35.5831888867192,32.22121331430995,9.452528001674866,0.5343874657941629,20.004187166335182,0.16432491617362943,15.545365915275557,13.07099414785116,16.749678485164857,5.935961667216059,14.404164726426625,5.010675596094708,4.2282848472363685,3.6784002122562067,42.80319715586171,19.298835606401475
S085-07,S085,particular,2,7,80.97235270239358,0.09942219950479814,0.8037283505748808,0.09888140705055765,0.9538704298837821,1.5749695676284516,piedemonte,229.463917920631,1346.8038534396164,0.6340551421458038,0.6415370281480747,10.301032099031275,1.5847741690817347,sintetico,92.72615332458913,5.354166666666667,3.7961242581455883,19.68301236344241,17.318503344670344,12.020752269779507,0.5744535247750501,2.251621271076524,0.21178781424674495,15.025067498361372,15.14679858821938,18.532029275305604,8.870168101926163,10.453708685008301,7.846612748367001,6.808270588348722,6.097058102040155,69.91120997515432,20.858036599166525
S085-08,S085,particular,2,8,80.97235270239358,0.09942219950479814,0.8037283505748808,0.09888140705055765,0.9538704298837821,1.145288249809147,piedemonte,229.463917920631,1346.8038534396164,0.6340551421458038,0.6415370281480747,10.301032099031275,1.5847741690817347,sintetico,92.52504541950293,2.774722222222222,1.4050249790268992,36.65439819897076,33.345696617300085,9.02993292621884,0.5783967025361075,20.542596856542197,0.17381353840744113,14.913740838136134,14.895770854923574,19.102054107970748,6.4509465265328965,14.342863491263678,6.084602152666587,5.162936791086358,4.735216445338198,47.96288298186958,21.81780078682915
S085-09,S085,particular,2,9,80.97235270239358,0.09942219950479814,0.8037283505748808,0.09888140705055765,0.9538704298837821,1.012816188127426,piedemonte,229.463917920631,1346.8038534396164,0.6340551421458038,0.6415370281480747,10.301032099031275,1.5847741690817347,sintetico,86.186723414668,4.114166666666667,2.599008189721687,23.701134376416764,20.94876809754944,11.619742083586523,0.5617313868222158,5.06380392951185,0.20743853629369058,15.716446936691424,14.994229930655996,18.544335522422454,7.284722883598418,11.831160195361411,6.5310548971939815,5.64755665397308,5.091158524201868,58.55241931772825,20.931961853843667
S085-10,S085,particular,2,10,80.97235270239358,0.09942219950479814,0.8037283505748808,0.09888140705055765,0.9538704298837821,0.5429270247363094,piedemonte,229.463917920631,1346.8038534396164,0.6340551421458038,0.6415370281480747,10.301032099031275,1.5847741690817347,sintetico,83.34509562529246,2.6180555555555554,1.3318120180585071,34.988761829076644,31.834731485522852,9.018567639257293,0.5297431523726137,15.39522546419098,0.15883588363042306,14.725593816112502,13.865946121274733,17.202372584562507,5.380026051768986,15.491578446518503,4.529532560497519,3.905987586171634,3.9215994304554935,45.866876417002025,19.401554952283934
S086-01,S086,particular,1,1,84.04923283775776,0.16713998666434343,0.7040672743265619,0.12585765418976055,1.0594923295864334,0.9399202618378305,piedemonte,206.2556406642365,1414.0579007352328,0.668476465354849,0.6247219071312667,10.498911819103967,1.6152172029390717,sintetico,81.75672636014264,2.3055555555555554,1.36991786469818,39.63428695078286,35.46074878271247,10.530120481927712,0.5762241535726683,23.53012048192771,0.1645714945438992,10.310433177319554,11.352302774630047,14.643220351095605,5.677363260063604,14.400474765327363,4.336137777649808,3.5311770330176677,3.466409862785233,39.27664697091211,16.940067090552628
S086-02,S086,particular,1,2,84.04923283775776,0.16713998666434343,0.7040672743265619,0.12585765418976055,1.0594923295864334,0.694889639215289,piedemonte,206.2556406642365,1414.0579007352328,0.668476465354849,0.6247219071312667,10.498911819103967,1.6152172029390717,sintetico,83.41473077917419,2.979722222222222,1.7742669504239477,31.780403302468738,27.994129841057806,11.913862216836021,0.6385002865733789,15.25123520089494,0.21431252712934906,9.957980488840107,15.403441598154108,20.11696583200127,6.222258210936285,13.405861337056677,6.402211296334812,5.190878075495935,4.8508212992625,55.71986257344988,23.41222037859203
S086-03,S086,particular,1,3,84.04923283775776,0.16713998666434343,0.7040672743265619,0.12585765418976055,1.0594923295864334,0.7093465769656995,piedemonte,206.2556406642365,1414.0579007352328,0.668476465354849,0.6247219071312667,10.498911819103967,1.6152172029390717,sintetico,96.7949491061495,2.5044444444444443,1.198409638841686,43.54684038767036,38.649269829429706,11.24667258207631,0.5978379043780883,26.907719609582966,0.1676622635685094,10.63504050294699,10.765364736426754,14.159923641341075,6.5927983471745755,14.68192169833803,4.764279549072997,3.9588709674933686,3.8960837202170855,35.17868019070955,16.283053115617427
S086-04,S086,particular,1,4,84.04923283775776,0.16713998666434343,0.7040672743265619,0.12585765418976055,1.0594923295864334,1.5109339352315305,piedemonte,206.2556406642365,1414.0579007352328,0.668476465354849,0.6247219071312667,10.498911819103967,1.6152172029390717,sintetico,78.55392458400215,2.6658333333333335,1.540343154600861,32.57246354554339,29.466930134667887,9.534229446702094,0.6072470253687703,14.546212358028551,0.19589481262735287,11.198659635334081,14.022232429601612,18.20198399790783,5.899748254262554,13.314792631574937,5.378018105018301,4.485256820300359,4.369405562606269,52.22148277128321,20.885400920175154
S086-05,S086,particular,1,5,84.04923283775776,0.16713998666434343,0.7040672743265619,0.12585765418976055,1.0594923295864334,1.5080023320409692,piedemonte,206.2556406642365,1414.0579007352328,0.668476465354849,0.6247219071312667,10.498911819103967,1.6152172029390717,sintetico,76.71124735438389,2.2308333333333334,1.3557333974710375,37.17330602716139,34.386812411378656,7.4959531814219895,0.6443414534236427,20.146930643755447,0.1881089648841295,10.822543898380347,12.597845476022018,16.32006273716558,5.636097306495725,13.610703148430831,4.689809689938003,3.866712100812284,3.839229561164311,44.88820975161426,18.83790274370792
S086-06,S086,particular,2,6,84.04923283775776,0.16713998666434343,0.7040672743265619,0.12585765418976055,1.0594923295864334,0.7753736098942512,piedemonte,206.2556406642365,1414.0579007352328,0.668476465354849,0.6247219071312667,10.498911819103967,1.6152172029390717,sintetico,76.06782423097933,2.3966666666666665,1.5118087202126806,36.26594718997823,31.739008719462863,12.482614742698193,0.6111046091389072,20.723226703755216,0.17428539087675454,11.215339381235015,11.472876415265063,14.924806702939247,5.470996284704715,13.903834013494475,4.1807704344386165,3.4683685405615354,3.516592489616657,40.162082259922116,17.241895720821162
S086-07,S086,particular,2,7,84.04923283775776,0.16713998666434343,0.7040672743265619,0.12585765418976055,1.0594923295864334,1.221243820116125,piedemonte,206.2556406642365,1414.0579007352328,0.668476465354849,0.6247219071312667,10.498911819103967,1.6152172029390717,sintetico,86.97586079398091,3.0169444444444444,1.770606218716003,32.524472718222846,28.82912244345192,11.361753061412392,0.6091805190384963,13.79246846515054,0.20820586285762488,9.514241996774471,14.290080099123221,18.421818345317394,6.435000172513944,13.516061921098952,5.920864588752033,4.918123162320909,4.691156262493618,52.65133773377447,21.143665333932233
S086-08,S086,particular,2,8,84.04923283775776,0.16713998666434343,0.7040672743265619,0.12585765418976055,1.0594923295864334,1.4369081078076964,piedemonte,206.2556406642365,1414.0579007352328,0.668476465354849,0.6247219071312667,10.498911819103967,1.6152172029390717,sintetico,92.03791297562269,3.026666666666667,1.5754377224786154,33.431186228659236,30.409002084456834,9.040014684287812,0.6010929755197797,17.795521292217327,0.19254911782198508,10.025987683497553,13.005899741743521,16.968753264544716,6.856330358444042,13.423786218566857,5.853746192748622,4.846986454693595,4.710114814091991,50.101844459140125,19.572441270616704
S086-09,S086,particular,2,9,84.04923283775776,0.16713998666434343,0.7040672743265619,0.12585765418976055,1.0594923295864334,1.0203930592013002,piedemonte,206.2556406642365,1414.0579007352328,0.668476465354849,0.6247219071312667,10.498911819103967,1.6152172029390717,sintetico,93.33592660758802,2.9894444444444446,1.457102371435004,34.88831230270137,31.22183012333366,10.50919903363687,0.603628367951674,19.00204422969708,0.17600029931951325,10.611332208171392,12.673320479406467,16.454184232964533,6.697853344939825,13.935200100805815,5.503376623231967,4.6337212088320126,4.52626701966093,44.99600032227766,18.94077739619059
S086-10,S086,particular,2,10,84.04923283775776,0.16713998666434343,0.7040672743265619,0.12585765418976055,1.0594923295864334,1.467197322034472,piedemonte,206.2556406642365,1414.0579007352328,0.668476465354849,0.6247219071312667,10.498911819103967,1.6152172029390717,sintetico,77.7698384845222,2.475,1.7230330242574539,35.93523534132717,31.42215696344331,12.558922558922559,0.6172290756524715,17.28395061728395,0.1938363951662346,10.971614775015777,12.204268177435878,15.825443984036053,6.110299960883785,12.72766295965504,4.828748576824725,4.074444773167723,4.039216438327314,42.083598609428385,18.149607020720666
S087-01,S087,particular,1,1,106.80394077485437,0.14958859472581426,0.7538621217256027,0.11099868830223308,1.04794523648447,0.8238806840995521,plano,33.86133138253331,1445.9810813878269,0.6235790560056869,0.7616392939233436,11.39886080411977,1.7536708929415032,sintetico,120.01631720667282,3.1494444444444443,0.9082098379364342,42.76539067049611,38.1071389966504,10.892573646145705,0.5521623034998838,25.251367084141823,0.14384355082309178,2.876983154544324,9.260226962324376,12.224223398289373,7.86242646051312,15.264539237272597,4.918113833494334,4.07798857295146,4.002881852165384,34.924251020802565,14.109179016361292
S087-02,S087,particular,1,2,106.80394077485437,0.14958859472581426,0.7538621217256027,0.11099868830223308,1.04794523648447,1.578279691563651,plano,33.86133138253331,1445.9810813878269,0.6235790560056869,0.7616392939233436,11.39886080411977,1.7536708929415032,sintetico,103.65066204797553,2.6572222222222224,1.1287916322796436,42.0252712436887,39.007148585899216,7.181685134852603,0.6273713104020153,24.68116245034497,0.15934467264435687,1.4823054265178306,9.993811385633576,12.810880118676957,7.51407920118742,13.794193443102916,4.7515301305461275,4.042926763697497,3.978247811202583,34.33110995624839,14.56983312654847
S087-03,S087,particular,1,3,106.80394077485437,0.14958859472581426,0.7538621217256027,0.11099868830223308,1.04794523648447,0.6062833013297592,plano,33.86133138253331,1445.9810813878269,0.6235790560056869,0.7616392939233436,11.39886080411977,1.7536708929415032,sintetico,104.11292814446936,2.5280555555555555,0.9604955098490537,45.76951292222368,41.18300640809688,10.020876826722338,0.5645674460688619,28.864959894517085,0.1399139139857253,2.3390570048818873,9.039522265628209,11.723310160699688,6.686475093921328,15.57067463529751,3.9602489786847537,3.356860613608684,3.4271245233356376,30.299523830062324,13.386260967848658
S087-04,S087,particular,1,4,106.80394077485437,0.14958859472581426,0.7538621217256027,0.11099868830223308,1.04794523648447,0.9871721353713515,plano,33.86133138253331,1445.9810813878269,0.6235790560056869,0.7616392939233436,11.39886080411977,1.7536708929415032,sintetico,108.52010675675099,3.2358333333333333,1.1426453926915807,36.49097555803321,33.53698895392768,8.095115460554554,0.5701618426513889,21.77869345008155,0.18833226875575276,1.6301657091215591,12.106500531979904,15.960494250550635,7.634300661220527,14.21480651240181,6.266806420609881,5.092877704280646,4.882770400159522,47.54929441376849,18.544221229566173
S087-05,S087,particular,1,5,106.80394077485437,0.14958859472581426,0.7538621217256027,0.11099868830223308,1.04794523648447,0.795381527574295,plano,33.86133138253331,1445.9810813878269,0.6235790560056869,0.7616392939233436,11.39886080411977,1.7536708929415032,sintetico,105.60337026316724,3.7025,1.524572554822658,31.939186167134512,28.522179679450975,10.698477005026634,0.5926676712868626,14.26213519393803,0.18677903797396866,1.5458300319839302,12.691445197806045,16.421945612725853,7.653539577738468,13.797977940864298,6.3010948120657515,5.230906044546177,4.993248948901245,52.03750147160815,18.866228730891606
S087-06,S087,particular,2,6,106.80394077485437,0.14958859472581426,0.7538621217256027,0.11099868830223308,1.04794523648447,1.272265321958025,plano,33.86133138253331,1445.9810813878269,0.6235790560056869,0.7616392939233436,11.39886080411977,1.7536708929415032,sintetico,98.79515003388121,3.0772222222222223,1.3664638391024513,35.134104526521035,32.10530241216577,8.620689655172415,0.6273823898651455,17.900343022206176,0.20407618323466675,1.2145766708726968,12.809774200003126,17.019617094952512,7.345518180067349,13.44971826520963,6.564503141738409,5.208627524953206,5.000114556218456,52.3537294816037,19.987366466881088
S087-07,S087,particular,2,7,106.80394077485437,0.14958859472581426,0.7538621217256027,0.11099868830223308,1.04794523648447,0.5205061715097956,plano,33.86133138253331,1445.9810813878269,0.6235790560056869,0.7616392939233436,11.39886080411977,1.7536708929415032,sintetico,118.05648978642628,3.5469444444444442,1.3891654774480355,37.00830400828411,33.283997433717175,10.063434881353277,0.5648454442807249,20.94917378024904,0.15790676601455733,2.5229993071229657,10.194408009522894,13.29268041020834,8.119164418856778,14.540472848688694,5.49960536469801,4.559461090619048,4.393098982024396,38.373612787363435,15.275084798351195
S087-08,S087,particular,2,8,106.80394077485437,0.14958859472581426,0.7538621217256027,0.11099868830223308,1.04794523648447,0.9046238631877771,plano,33.86133138253331,1445.9810813878269,0.6235790560056869,0.7616392939233436,11.39886080411977,1.7536708929415032,sintetico,107.31431561676446,2.7883333333333336,0.9318421258643164,42.28209874360863,38.48690338915641,8.975891611874875,0.5572316453971808,27.874078501693567,0.15630042617577825,1.3195650427429408,9.67423840069457,12.93668501040844,7.25847233492315,14.78469720142574,4.883291317623891,3.978057600100873,3.944000420681013,36.95941118740489,15.056985915509447
S087-09,S087,particular,2,9,106.80394077485437,0.14958859472581426,0.7538621217256027,0.11099868830223308,1.04794523648447,1.2402316496940111,plano,33.86133138253331,1445.9810813878269,0.6235790560056869,0.7616392939233436,11.39886080411977,1.7536708929415032,sintetico,97.23890572232844,3.5166666666666666,1.7996911699080926,30.869493880104265,27.650873665117093,10.42654028436019,0.622555496218728,11.658767772511847,0.19309632112578098,1.3513278622879643,12.808725359649598,16.553614142847113,7.4571869035730725,13.039622981118647,6.165606747923417,5.1049785502898795,4.926763339855506,54.82256890947899,19.072132842191376
S087-10,S087,particular,2,10,106.80394077485437,0.14958859472581426,0.7538621217256027,0.11099868830223308,1.04794523648447,0.5167030695379347,plano,33.86133138253331,1445.9810813878269,0.6235790560056869,0.7616392939233436,11.39886080411977,1.7536708929415032,sintetico,110.28135398174004,2.7483333333333335,0.9521101819024229,44.895722530166715,40.12662970833476,10.622599555286032,0.5762999563516285,32.36304831210835,0.15809268276707064,2.89788362952273,10.186743457454057,13.748375406157717,7.006654450674634,15.739516592133585,5.189344273926881,4.0909130384921,4.003759077333307,38.45721060767187,16.255510742172852
S088-01,S088,particular,1,1,98.45190255469811,0.11131731532035001,0.6150438963625579,0.08084866020507889,0.9841361305789691,0.6290392615818308,piedemonte,207.75439158760986,1303.9971780012286,0.7159138784509003,0.6344571632936867,10.39359430846675,1.5990145089948846,sintetico,110.35068316899982,3.7311111111111113,1.6311634403235518,32.88561026618121,29.575823362745634,10.065515187611673,0.5628920404427046,16.490470518165576,0.16177518341647165,7.653220471645157,10.13655965602232,12.879888096542514,7.49608277553969,14.721113209833117,4.858043526764005,4.12853286706381,4.022679842691346,38.66437814251794,14.76149435567968
S088-02,S088,particular,1,2,98.45190255469811,0.11131731532035001,0.6150438963625579,0.08084866020507889,0.9841361305789691,1.5641271199827504,piedemonte,207.75439158760986,1303.9971780012286,0.7159138784509003,0.6344571632936867,10.39359430846675,1.5990145089948846,sintetico,101.70833933247697,2.9633333333333334,1.3568208949797942,38.16789797110529,34.32227424043092,10.076865391826022,0.6153313567304504,23.82827146606674,0.18835403700109082,8.172225117681528,10.79421927700176,14.21773165371672,7.242249281410854,14.043750136237135,5.291683584944481,4.375073758566206,4.256539711711147,41.15009195770744,16.541240496835368
S088-03,S088,particular,1,3,98.45190255469811,0.11131731532035001,0.6150438963625579,0.08084866020507889,0.9841361305789691,0.9417256637091261,piedemonte,207.75439158760986,1303.9971780012286,0.7159138784509003,0.6344571632936867,10.39359430846675,1.5990145089948846,sintetico,117.9902762969342,3.5836111111111113,1.330618123182405,36.472761862259865,32.92496664359066,9.727928067591659,0.5563734334278955,21.393690411596,0.14965373483986905,7.215621527679641,10.224443970559323,12.86714132700827,7.62574659832156,15.472619601981537,4.817920240306061,4.168013938842023,4.096622481018575,37.567865856003266,14.577062302264999
S088-04,S088,particular,1,4,98.45190255469811,0.11131731532035001,0.6150438963625579,0.08084866020507889,0.9841361305789691,0.9297420927776635,piedemonte,207.75439158760986,1303.9971780012286,0.7159138784509003,0.6344571632936867,10.39359430846675,1.5990145089948846,sintetico,101.91077103141146,2.793888888888889,1.3148757353498761,40.36922985319178,36.47631494462927,9.644064426327303,0.5720099411444672,27.599920461324317,0.15424678120593166,8.172237480301204,10.612552802521313,13.70981198874747,6.724892539945431,15.15426015004225,4.6939500143485,3.952444032639509,3.8887806252940025,36.24068740114221,15.732327683046016
S088-05,S088,particular,1,5,98.45190255469811,0.11131731532035001,0.6150438963625579,0.08084866020507889,0.9841361305789691,0.8799560879941559,piedemonte,207.75439158760986,1303.9971780012286,0.7159138784509003,0.6344571632936867,10.39359430846675,1.5990145089948846,sintetico,88.39108484357448,2.5413888888888887,1.2897228289679392,37.64857494668517,34.7806214271361,7.618318941960871,0.560633208339216,20.559624002623238,0.1591811941870826,7.478218404740225,11.116028370532659,14.227206758330462,5.801001088924664,15.237212248129328,4.118890431773869,3.501696274429006,3.5254482030247214,37.84926676611701,16.266570150833747
S088-06,S088,particular,2,6,98.45190255469811,0.11131731532035001,0.6150438963625579,0.08084866020507889,0.9841361305789691,1.033024519265414,piedemonte,207.75439158760986,1303.9971780012286,0.7159138784509003,0.6344571632936867,10.39359430846675,1.5990145089948846,sintetico,85.33999574240784,3.1955555555555555,1.8397001152178674,29.911267564082046,26.705840114105374,10.718011126564674,0.5771577359594584,13.056328233657858,0.17903084653313145,7.3738530293877655,12.27762893634952,15.479482023021578,6.02458658338878,14.16528662360178,4.549314820128063,3.92234089430536,3.855812042116,48.753205384567664,17.537036091653572
S088-07,S088,particular,2,7,98.45190255469811,0.11131731532035001,0.6150438963625579,0.08084866020507889,0.9841361305789691,0.7284462338891841,piedemonte,207.75439158760986,1303.9971780012286,0.7159138784509003,0.6344571632936867,10.39359430846675,1.5990145089948846,sintetico,109.37322586383989,3.5344444444444445,1.3714508172844504,34.00423449770201,30.944955447172557,8.998742533794404,0.5477610030405072,18.083935869223513,0.16570899923209106,7.914148883982922,11.325497467741888,14.607158028117935,7.342196655897933,14.896526338065485,5.482605389553207,4.569565941444841,4.409888147549659,42.86091169951201,16.838868505279837
S088-08,S088,particular,2,8,98.45190255469811,0.11131731532035001,0.6150438963625579,0.08084866020507889,0.9841361305789691,1.234283599733891,piedemonte,207.75439158760986,1303.9971780012286,0.7159138784509003,0.6344571632936867,10.39359430846675,1.5990145089948846,sintetico,101.61950563022346,3.0366666666666666,1.102150608836353,36.063492525648996,33.46416211752693,7.208196121478229,0.5776925374983495,20.609220636663007,0.16300015976716722,8.159118764647388,9.94076425093965,12.786708602544078,6.909802458402195,14.706571749624473,4.440913981581399,3.779449884136133,3.7985705947919315,37.93222853534424,14.638429509660721
S088-09,S088,particular,2,9,98.45190255469811,0.11131731532035001,0.6150438963625579,0.08084866020507889,0.9841361305789691,1.0351659664373276,piedemonte,207.75439158760986,1303.9971780012286,0.7159138784509003,0.6344571632936867,10.39359430846675,1.5990145089948846,sintetico,131.49099559144452,4.578055555555555,1.6198827839269845,31.488421934674026,28.722018331970165,8.785874643528913,0.5959153560591848,14.264911109762757,0.16300592613286866,8.03365727356046,10.962257929833513,13.808873843822923,9.329859656360895,14.093566295158235,6.3599283929187465,5.4588968537818605,5.201751957257774,43.018212592852514,15.712931136586734
S088-10,S088,particular,2,10,98.45190255469811,0.11131731532035001,0.6150438963625579,0.08084866020507889,0.9841361305789691,1.2862501845621248,piedemonte,207.75439158760986,1303.9971780012286,0.7159138784509003,0.6344571632936867,10.39359430846675,1.5990145089948846,sintetico,101.42224713749962,3.536388888888889,1.626862001749055,32.425723664458275,28.679608019401357,11.554473332809676,0.5905191057681176,14.091587463671354,0.16874624596701585,8.55333647848164,11.422883168080336,14.29360797339728,7.303578872176834,13.886650491839037,5.107391140319404,4.42854602876431,4.324194454587107,43.26565683279702,16.11418204381804
S089-01,S089,particular,1,1,107.7075592263181,0.09818320921306456,0.4656155826818688,0.13976178840779918,0.9825675194137399,0.5019368114669502,plano,13.115736253383224,1316.4369402665113,0.6287079545905951,0.572431288152735,9.498437843752916,1.4612981298081409,sintetico,113.50954772218456,3.8730555555555557,1.621009013711704,32.097165899578684,29.30749277772821,8.69253388797246,0.5820867707225212,14.365631499677256,0.1769079061857314,2.0290025455039027,13.189477734071648,16.716544945127456,7.105627802570609,15.974598005417635,5.872856253546389,5.001913226292783,4.816419662300172,48.010267978801494,19.03938575764248
S089-02,S089,particular,1,2,107.7075592263181,0.09818320921306456,0.4656155826818688,0.13976178840779918,0.9825675194137399,1.4526821906142011,plano,13.115736253383224,1316.4369402665113,0.6287079545905951,0.572431288152735,9.498437843752916,1.4612981298081409,sintetico,116.04932287083766,3.995,1.6027667839735447,31.864168963297995,29.048641519608925,8.837435683493256,0.5847525655353194,14.914476428869419,0.1930230137491086,1.5046614846220303,13.339957035088984,16.94554377865666,7.936710377775331,14.62184171364036,6.607189136900812,5.627984805405245,5.317153905566157,52.201324413314936,19.28765238374426
S089-03,S089,particular,1,3,107.7075592263181,0.09818320921306456,0.4656155826818688,0.13976178840779918,0.9825675194137399,1.2105025369445377,plano,13.115736253383224,1316.4369402665113,0.6287079545905951,0.572431288152735,9.498437843752916,1.4612981298081409,sintetico,103.45201670683711,3.507222222222222,1.5466107389033203,32.36481328432169,29.49685253798619,8.862664343418343,0.5941142849595824,11.991129415491843,0.20043809171406318,2.6500581975413873,15.040031710200815,19.071055504185892,6.744124864232442,15.339576118392513,6.261550066810182,5.354526917207804,5.116378842347124,56.284269513200215,21.611681198605048
S089-04,S089,particular,1,4,107.7075592263181,0.09818320921306456,0.4656155826818688,0.13976178840779918,0.9825675194137399,0.48420407594140025,plano,13.115736253383224,1316.4369402665113,0.6287079545905951,0.572431288152735,9.498437843752916,1.4612981298081409,sintetico,99.85081418572115,3.3155555555555556,1.6324353619873568,33.148258207609494,30.115862187382383,9.148793565683647,0.5772503924872778,15.35690348525469,0.1806464003219517,2.4854077298485566,13.161510179224303,16.504642276333684,6.256859486781005,15.958615403890402,5.103087000120863,4.346556017263155,4.2353312027545975,45.55884479743087,18.75458216227205
S089-05,S089,particular,1,5,107.7075592263181,0.09818320921306456,0.4656155826818688,0.13976178840779918,0.9825675194137399,0.5315960433451994,plano,13.115736253383224,1316.4369402665113,0.6287079545905951,0.572431288152735,9.498437843752916,1.4612981298081409,sintetico,106.73062059325088,4.126388888888889,1.883245865926411,29.25381024016541,25.865380958310546,11.58532480646247,0.5862763594973527,9.498485358465162,0.19205473975749338,2.224204253876009,14.972111569257724,18.592322459803192,6.8971311987997215,15.47463974758444,6.105033662495702,5.355695646767404,5.075819684819311,54.00669970476516,20.81798107551659
S089-06,S089,particular,2,6,107.7075592263181,0.09818320921306456,0.4656155826818688,0.13976178840779918,0.9825675194137399,0.74733547398794,plano,13.115736253383224,1316.4369402665113,0.6287079545905951,0.572431288152735,9.498437843752916,1.4612981298081409,sintetico,112.46863287011304,4.171944444444445,1.7960563300639059,29.7510265006672,26.958324677568875,9.388108396031694,0.5845845656225238,11.259071842333045,0.19244616192368402,0.9890763759485377,14.255582676888638,17.81361494039041,7.431150737410041,15.134753262899284,6.495282811000543,5.540438787899905,5.247506047749345,53.27544158777214,20.20022418141989
S089-07,S089,particular,2,7,107.7075592263181,0.09818320921306456,0.4656155826818688,0.13976178840779918,0.9825675194137399,0.7770832736876585,plano,13.115736253383224,1316.4369402665113,0.6287079545905951,0.572431288152735,9.498437843752916,1.4612981298081409,sintetico,114.43376777004488,4.314444444444445,1.721519826174668,29.200413083892666,26.523407415153333,9.168168941540046,0.5867168227840147,10.475148081380375,0.19611338283556679,3.1938142895012716,14.904107851113661,18.805619176138965,7.62139508905831,15.014805876463775,6.954328851808289,5.966689284071514,5.636591445697104,56.13381455396256,21.316914050534333
S089-08,S089,particular,2,8,107.7075592263181,0.09818320921306456,0.4656155826818688,0.13976178840779918,0.9825675194137399,0.6774280490409774,plano,13.115736253383224,1316.4369402665113,0.6287079545905951,0.572431288152735,9.498437843752916,1.4612981298081409,sintetico,109.4168825564763,3.4116666666666666,1.279510042042534,34.7562170097639,32.071387168483525,7.7267546002279754,0.5975051985313952,18.44976388210389,0.18346912644758678,1.9928335681760907,14.287892320198159,18.24707252392108,6.676274912575933,16.388912078855597,5.905173397341354,5.09969655522257,4.898481119728662,50.20523452900293,20.67919827811522
S089-09,S089,particular,2,9,107.7075592263181,0.09818320921306456,0.4656155826818688,0.13976178840779918,0.9825675194137399,1.4600450098990012,plano,13.115736253383224,1316.4369402665113,0.6287079545905951,0.572431288152735,9.498437843752916,1.4612981298081409,sintetico,101.4444392436613,3.326388888888889,1.2124863710327582,33.04031874458405,30.496866912499428,7.6993736951983305,0.5515075301769394,15.031315240083506,0.1817636110597004,1.2010651383714175,12.33565380044698,16.012166668464697,6.732385261829089,15.06812746127668,5.389529940917032,4.525218474225072,4.393617683105899,50.28818826433792,18.405801825973196
S089-10,S089,particular,2,10,107.7075592263181,0.09818320921306456,0.4656155826818688,0.13976178840779918,0.9825675194137399,0.5860049758334045,plano,13.115736253383224,1316.4369402665113,0.6287079545905951,0.572431288152735,9.498437843752916,1.4612981298081409,sintetico,119.71559507514924,3.6991666666666667,1.1527320222012267,34.78648158237485,32.36285516787093,6.968536457160021,0.5750886817840308,19.786738754974845,0.17860122297692999,1.6392228767554795,13.375460143318389,17.189402314110936,7.161262542479018,16.71710740459841,6.0692324379125004,5.1851907500124215,4.966681504507507,47.84972133401387,19.584038182115098
S090-01,S090,particular,1,1,83.88038788165552,0.15153759125807495,0.41352618952438974,0.1704963206731808,0.9711305327145288,1.297123996255963,intermedio,130.16606016909452,1313.424600059909,0.71686162746573,0.6275091704114277,9.593517286705737,1.4759257364162672,sintetico,89.50578218832756,2.435277777777778,1.05021148021718,39.52633573254694,36.753828661797556,7.0149423976274665,0.5584125649738045,26.01802212843618,0.15462311771978027,7.220360367186596,11.036759046108036,14.195667044457393,5.54183830960388,16.15091909722737,3.923369953074401,3.3443901836829815,3.376096833202676,39.182833749290346,16.24929865744604
S090-02,S090,particular,1,2,83.88038788165552,0.15153759125807495,0.41352618952438974,0.1704963206731808,0.9711305327145288,0.7012961756826073,intermedio,130.16606016909452,1313.424600059909,0.71686162746573,0.6275091704114277,9.593517286705737,1.4759257364162672,sintetico,82.05442197288846,2.5708333333333333,1.4502570018629672,34.74812264995047,31.917441286050618,8.14694759589411,0.6060303983302735,13.797947055645595,0.1738041935773539,6.64381705751242,11.878531913877563,15.13011752507022,5.37929683818809,15.253744948666354,3.971533849285261,3.4454559121511656,3.4778248041917017,39.96170289372723,17.082517266391537
S090-03,S090,particular,1,3,83.88038788165552,0.15153759125807495,0.41352618952438974,0.1704963206731808,0.9711305327145288,1.2881213701655096,intermedio,130.16606016909452,1313.424600059909,0.71686162746573,0.6275091704114277,9.593517286705737,1.4759257364162672,sintetico,91.00543648998483,2.9469444444444446,1.417497733931494,34.50728346403055,30.8812867719809,10.50994438684136,0.5551687680162866,18.64454708266566,0.16249155208246036,5.996347232298181,11.106526780136228,14.48476240638444,6.181921020905173,14.721222769141683,4.509490932034651,3.791155662717766,3.776747020882448,43.18400384962956,16.638268058185528
S090-04,S090,particular,1,4,83.88038788165552,0.15153759125807495,0.41352618952438974,0.1704963206731808,0.9711305327145288,0.8359625936838712,intermedio,130.16606016909452,1313.424600059909,0.71686162746573,0.6275091704114277,9.593517286705737,1.4759257364162672,sintetico,75.42956286425064,2.5025,1.4052845591955303,32.52755457759343,30.14168346223802,7.337107337107337,0.5676022710239341,16.117216117216117,0.18560079335733962,6.871961183891948,13.091076458502272,16.62769221468158,4.9040108324155005,15.381198256264323,3.9989728275675116,3.4440612948096234,3.5108666068349383,47.933674366007004,18.8528532386122
S090-05,S090,particular,1,5,83.88038788165552,0.15153759125807495,0.41352618952438974,0.1704963206731808,0.9711305327145288,1.4162436168248584,intermedio,130.16606016909452,1313.424600059909,0.71686162746573,0.6275091704114277,9.593517286705737,1.4759257364162672,sintetico,80.34571068875653,2.2647222222222223,1.1201593616943946,38.53497213100843,35.477070830310744,7.93572917944315,0.6122457127564023,22.224947871948974,0.1647170962523942,6.539043031933946,10.364894158071511,13.532216368416101,5.397425764382382,14.885931589640002,3.7238293727413585,3.115071736334757,3.2379769409090287,38.51522291915643,15.588169312852164
S090-06,S090,particular,2,6,83.88038788165552,0.15153759125807495,0.41352618952438974,0.1704963206731808,0.9711305327145288,1.5716712016628902,intermedio,130.16606016909452,1313.424600059909,0.71686162746573,0.6275091704114277,9.593517286705737,1.4759257364162672,sintetico,106.98001219694194,2.935,1.0562720799842098,40.487643790801094,36.44974861906029,9.97539276925989,0.5456735607257561,25.2129471890971,0.14717663941395814,6.133822736462672,9.825313192449473,12.66107176503048,6.984552158846179,15.31666021871539,4.456056991693464,3.7838787560901155,3.76243020602014,36.06841067689376,14.511186052185693
S090-07,S090,particular,2,7,83.88038788165552,0.15153759125807495,0.41352618952438974,0.1704963206731808,0.9711305327145288,0.9751779743482724,intermedio,130.16606016909452,1313.424600059909,0.71686162746573,0.6275091704114277,9.593517286705737,1.4759257364162672,sintetico,90.71542658631644,2.5213888888888887,1.0362074405344748,38.5337367185195,35.978355812574556,6.632147185193346,0.5760084731566011,25.217582901839812,0.15990544243652083,6.316278747008176,12.191037349714117,15.399680912331645,5.577283408375726,16.265163511340287,4.195047504605004,3.6236664863268584,3.6387757218480523,41.55834544864818,17.416574759429828
S090-08,S090,particular,2,8,83.88038788165552,0.15153759125807495,0.41352618952438974,0.1704963206731808,0.9711305327145288,0.5767009953874145,intermedio,130.16606016909452,1313.424600059909,0.71686162746573,0.6275091704114277,9.593517286705737,1.4759257364162672,sintetico,85.93083938055025,3.19,1.6990407757269728,30.384092212530668,26.93756720393425,11.346220828979451,0.6096383336959335,12.460815047021944,0.20366841672249314,6.4595051814700275,14.589539272268683,18.659518106510895,5.708091394794228,15.054215750455409,5.212393108147708,4.462881513003778,4.343638412100794,53.74985473170105,21.252008128196753
S090-09,S090,particular,2,9,83.88038788165552,0.15153759125807495,0.41352618952438974,0.1704963206731808,0.9711305327145288,1.2735741374086662,intermedio,130.16606016909452,1313.424600059909,0.71686162746573,0.6275091704114277,9.593517286705737,1.4759257364162672,sintetico,97.07517361932108,3.794722222222222,1.7306175589117114,27.78147602710267,25.581628360263224,7.920357221286875,0.5728966715652969,7.971597979650098,0.1984055042331885,6.296082554260574,14.673723057607356,18.156029103066164,6.911273014838112,14.045917938837922,6.0058786415648955,5.231573334194171,5.000661806325521,57.14757073626739,20.400403112198536
S090-10,S090,particular,2,10,83.88038788165552,0.15153759125807495,0.41352618952438974,0.1704963206731808,0.9711305327145288,1.3510381818496127,intermedio,130.16606016909452,1313.424600059909,0.71686162746573,0.6275091704114277,9.593517286705737,1.4759257364162672,sintetico,94.8301949144995,3.395,1.5712295027374024,30.50799437248131,27.932310725920324,8.443789887088856,0.5826100177953982,11.561119293078056,0.19363024432296905,6.151622628929766,13.833247907419318,17.385405444928345,6.538427903931089,14.503516182763885,5.486116774687209,4.75445102983554,4.618508704151088,53.192171445730686,19.607844414402074
S091-01,S091,particular,1,1,59.93840526302418,0.08473198910686038,0.5196375798776292,0.11620909163143814,0.977559069693905,1.543649783689785,plano,37.08339269877017,1516.8877976383628,0.6821314172367019,0.7016239084538888,11.988638087717328,1.8444058596488198,sintetico,53.4698305405361,1.6813888888888888,1.1034259769211614,34.55201113873668,31.800989583005116,7.962993556913927,0.5771712095060573,13.778291756153974,0.1802892652959284,2.396420411413467,11.521644536308479,15.250807739140694,4.123019108743612,12.968610896598468,3.2085249535834497,2.6127454778776213,2.8385177954009317,49.75095216740662,17.63603799022765
S091-02,S091,particular,1,2,59.93840526302418,0.08473198910686038,0.5196375798776292,0.11620909163143814,0.977559069693905,0.6237327415890817,plano,37.08339269877017,1516.8877976383628,0.6821314172367019,0.7016239084538888,11.988638087717328,1.8444058596488198,sintetico,69.94234170666373,2.0594444444444444,1.3439641525620265,36.458868120220096,33.961752110060615,6.851901807391422,0.5890716234075704,22.07984893444834,0.17392405043911927,4.012748485437806,12.625563519427239,16.6223725587647,4.926499828907846,14.197167184753404,4.1021973305936426,3.4028771979754016,3.4615061617455054,47.06040468034586,19.207387698457406
S091-03,S091,particular,1,3,59.93840526302418,0.08473198910686038,0.5196375798776292,0.11620909163143814,0.977559069693905,0.6966329270717033,plano,37.08339269877017,1516.8877976383628,0.6821314172367019,0.7016239084538888,11.988638087717328,1.8444058596488198,sintetico,65.53500504918856,1.4605555555555556,0.7019149531685214,48.384936878909514,44.86991597129684,7.265119817421073,0.5247405825063517,36.76302776721187,0.12853646305174513,1.6450402863580738,8.762472556499429,11.433824503331788,4.1593954310317365,15.755896772943421,2.466953884780668,2.039018846064037,2.309319805519433,31.149946560246555,13.168868178017261
S091-04,S091,particular,1,4,59.93840526302418,0.08473198910686038,0.5196375798776292,0.11620909163143814,0.977559069693905,0.8193531723358733,plano,37.08339269877017,1516.8877976383628,0.6821314172367019,0.7016239084538888,11.988638087717328,1.8444058596488198,sintetico,54.25376902168842,1.943888888888889,1.6035752274689152,30.810912844505054,27.90991261475826,9.41697627893684,0.5581118824485032,14.989997142040584,0.18166445384245208,1.906724163378772,12.368695520422147,16.086299727359425,4.144083485894105,13.091861977771648,3.335147394407588,2.7681785227777467,2.9243172513494953,51.31392419364294,18.568817410410183
S091-05,S091,particular,1,5,59.93840526302418,0.08473198910686038,0.5196375798776292,0.11620909163143814,0.977559069693905,1.491743402592144,plano,37.08339269877017,1516.8877976383628,0.6821314172367019,0.7016239084538888,11.988638087717328,1.8444058596488198,sintetico,62.576948360721005,1.5955555555555556,1.0387211537595515,42.84441540487557,39.21953588067473,8.461002785515321,0.5858060845767055,30.17061281337047,0.13790402533006402,1.4022874110845023,9.023157423960091,11.857160772776542,4.380153719033188,14.286473118238725,2.654565073441833,2.183535458347582,2.4492589854713342,35.23080902363495,13.667604671398317
S091-06,S091,particular,2,6,59.93840526302418,0.08473198910686038,0.5196375798776292,0.11620909163143814,0.977559069693905,1.3407204265715196,plano,37.08339269877017,1516.8877976383628,0.6821314172367019,0.7016239084538888,11.988638087717328,1.8444058596488198,sintetico,72.27807842406122,2.8561111111111113,1.8816216889729305,27.627719830988063,25.306465894438862,8.403034429099398,0.5577236952394923,10.931725345263567,0.1794228182840098,1.9469681499447504,12.12502177053191,15.216288164417444,5.96953952370012,12.107814704485085,4.4034833761623595,3.764754669129845,3.7616845354091013,51.58875923178061,17.21778329220396
S091-07,S091,particular,2,7,59.93840526302418,0.08473198910686038,0.5196375798776292,0.11620909163143814,0.977559069693905,1.2129066939613882,plano,37.08339269877017,1516.8877976383628,0.6821314172367019,0.7016239084538888,11.988638087717328,1.8444058596488198,sintetico,69.14586131987305,1.6197222222222223,0.7954199853779619,45.968951813304045,42.689950394708106,7.134282284342309,0.5261226293818834,34.88252443834677,0.1415616457633188,1.6239398740781197,8.789623557088538,11.736499205730638,4.611065132859311,14.995637521388872,2.7909138065929504,2.3017245148052674,2.5360955986152387,32.976837988332576,13.646533375323857
S091-08,S091,particular,2,8,59.93840526302418,0.08473198910686038,0.5196375798776292,0.11620909163143814,0.977559069693905,1.290938188989126,plano,37.08339269877017,1516.8877976383628,0.6821314172367019,0.7016239084538888,11.988638087717328,1.8444058596488198,sintetico,63.879780556598114,2.5505555555555555,1.8472198710114673,28.1638223446453,25.04543781352137,11.076018296667394,0.5862617429199589,9.714659115661076,0.19676152120837606,2.352380957765585,12.930868311378621,16.47595660390901,5.389053716464539,11.853617335717729,4.384032121037937,3.659984129577636,3.708412282441605,55.73442816997485,18.86720026430306
S091-09,S091,particular,2,9,59.93840526302418,0.08473198910686038,0.5196375798776292,0.11620909163143814,0.977559069693905,1.4022210680534508,plano,37.08339269877017,1516.8877976383628,0.6821314172367019,0.7016239084538888,11.988638087717328,1.8444058596488198,sintetico,65.9844258213471,2.9541666666666666,2.2884187915620067,25.102166103242133,22.336053874645,11.020216267042784,0.5944670440089951,7.954866008462623,0.2103139793337575,1.5169307838442285,13.903672510546825,17.492158714855275,5.8556726965686545,11.268462094886738,4.904209077619906,4.212903308963459,4.132125318487534,61.134404534798975,19.77711965118989
S091-10,S091,particular,2,10,59.93840526302418,0.08473198910686038,0.5196375798776292,0.11620909163143814,0.977559069693905,1.3750225714553057,plano,37.08339269877017,1516.8877976383628,0.6821314172367019,0.7016239084538888,11.988638087717328,1.8444058596488198,sintetico,55.32712480359052,2.4725,2.4761814478223023,25.408006979551985,22.376996887195357,11.93124368048534,0.6092489851083633,6.482417705875744,0.2104539818161568,1.5137810821356308,13.228256976744516,16.74380497348267,5.016395425133795,11.029259082404744,4.139717945406656,3.4626373010031535,3.516571497085456,59.37767618971605,19.062471176439974
S092-01,S092,particular,1,1,59.32828433328152,0.0952468314272602,0.5753874756162446,0.15469007183979797,1.029151746344701,1.52132864955707,plano,28.72859519025114,1214.4522304374905,0.6077613595967865,0.45948538508227516,7.692599597639523,1.1834768611753113,sintetico,51.73925777487144,2.241111111111111,2.396632756881641,25.34512559389539,23.086431332367027,8.911750123946454,0.6166356892367454,5.565195835399107,0.22664717414666943,3.1448090343328596,15.528290469599936,19.54921294538389,3.570625112623683,14.490252026725264,3.406846542943175,2.9273415843874138,3.0834229067351906,63.95405295163658,22.243434912939698
S092-02,S092,particular,1,2,59.32828433328152,0.0952468314272602,0.5753874756162446,0.15469007183979797,1.029151746344701,0.45345782323833894,plano,28.72859519025114,1214.4522304374905,0.6077613595967865,0.45948538508227516,7.692599597639523,1.1834768611753113,sintetico,61.14643934890415,1.553611111111111,0.9158341940478602,43.04403239265838,39.35762232362863,8.564276774539604,0.6174617721804015,30.091185410334347,0.15880211075518622,1.937580179639831,11.992076685802179,15.807889100229922,3.084593857596607,19.82317354303073,2.440748859320185,2.08258910983654,2.3815508296551404,38.57252572601622,18.15418823099948
S092-03,S092,particular,1,3,59.32828433328152,0.0952468314272602,0.5753874756162446,0.15469007183979797,1.029151746344701,0.40520876206289536,plano,28.72859519025114,1214.4522304374905,0.6077613595967865,0.45948538508227516,7.692599597639523,1.1834768611753113,sintetico,68.52095534897141,2.8544444444444443,2.4080224678664943,27.797547808913354,24.005005766474998,13.643441027637213,0.6094867655194347,10.091475282210977,0.19312950270400264,2.317447026550537,14.659850261852846,18.240084996901896,4.154297421475229,16.493993664189556,3.660522236666791,3.202374139324392,3.2802576711005424,50.24403137846901,20.567118109989053
S092-04,S092,particular,1,4,59.32828433328152,0.0952468314272602,0.5753874756162446,0.15469007183979797,1.029151746344701,1.1400763234015385,plano,28.72859519025114,1214.4522304374905,0.6077613595967865,0.45948538508227516,7.692599597639523,1.1834768611753113,sintetico,53.0668291175801,1.853611111111111,1.4886889100714837,31.686943908324498,28.62889027772941,9.650831709875618,0.604359840174013,10.639892102502623,0.20710724065210104,4.3489857036366315,15.746266688588696,19.346015570281057,3.2567247345889117,16.294539281742086,3.0147380150818046,2.642841559044564,2.821180729639734,51.315193350786764,21.73138679693225
S092-05,S092,particular,1,5,59.32828433328152,0.0952468314272602,0.5753874756162446,0.15469007183979797,1.029151746344701,1.5448913549294412,plano,28.72859519025114,1214.4522304374905,0.6077613595967865,0.45948538508227516,7.692599597639523,1.1834768611753113,sintetico,55.919729172436476,1.8988888888888888,1.5379187501929186,32.20976400332341,29.44865784388112,8.572264482153306,0.5831329045151598,12.741369221767116,0.18531459140485398,5.546149372946158,14.546548247575963,18.41428464782612,3.3233478317414,16.826324538871727,2.9953438000566734,2.5852692884134645,2.801069665529023,54.31892267915625,20.897104884295338
S092-06,S092,particular,2,6,59.32828433328152,0.0952468314272602,0.5753874756162446,0.15469007183979797,1.029151746344701,1.2566461634793615,plano,28.72859519025114,1214.4522304374905,0.6077613595967865,0.45948538508227516,7.692599597639523,1.1834768611753113,sintetico,79.75394494646437,2.3161111111111112,1.4043192480971456,38.353486749568766,34.43442094114557,10.218277764451907,0.5886230907368109,19.38114655792756,0.16035564933687996,1.5477507513613735,10.547403042558445,13.341063928902372,4.730430754272214,16.859763748668314,3.150391029468623,2.725584870235721,2.858981306510072,35.08253302333671,15.14997197911714
S092-07,S092,particular,2,7,59.32828433328152,0.0952468314272602,0.5753874756162446,0.15469007183979797,1.029151746344701,1.5550001057569007,plano,28.72859519025114,1214.4522304374905,0.6077613595967865,0.45948538508227516,7.692599597639523,1.1834768611753113,sintetico,57.21447007121194,1.576111111111111,1.066163855473561,38.833350727066936,36.30103846604917,6.520972858653508,0.5477837216553922,21.36059217483257,0.17460098086127435,1.9968359389986885,12.212898743011309,15.076127796447505,3.324666812933753,17.209083884326066,2.439472106804207,2.1435339749851474,2.413690157788178,39.7346248982982,16.941187352963325
S092-08,S092,particular,2,8,59.32828433328152,0.0952468314272602,0.5753874756162446,0.15469007183979797,1.029151746344701,0.9709881901743618,plano,28.72859519025114,1214.4522304374905,0.6077613595967865,0.45948538508227516,7.692599597639523,1.1834768611753113,sintetico,65.03206235897557,2.762777777777778,2.198915347488799,26.673740969843006,23.538651165525035,11.753468731148201,0.5940795361356451,7.7317514578725115,0.2059469075560422,2.558392660122311,15.637220370838188,19.204498895268756,4.084326140055824,15.922348051785777,3.7656411796903053,3.2980006512250557,3.386036256610249,57.87039982587896,21.559449460206984
S092-09,S092,particular,2,9,59.32828433328152,0.0952468314272602,0.5753874756162446,0.15469007183979797,1.029151746344701,1.1753084139913947,plano,28.72859519025114,1214.4522304374905,0.6077613595967865,0.45948538508227516,7.692599597639523,1.1834768611753113,sintetico,66.20713586073235,2.9122222222222223,2.3562414832163743,25.90432443197875,22.734232077321295,12.237695536054941,0.634383323858563,5.465471194200687,0.24441775831119478,4.753030937756307,17.89286466536413,22.337202564112154,4.447338126581692,14.886913019950747,4.795210923698241,4.143310855434073,4.071271421291388,66.17823010193742,25.23836112993582
S092-10,S092,particular,2,10,59.32828433328152,0.0952468314272602,0.5753874756162446,0.15469007183979797,1.029151746344701,1.4248304421010536,plano,28.72859519025114,1214.4522304374905,0.6077613595967865,0.45948538508227516,7.692599597639523,1.1834768611753113,sintetico,66.64809497546263,2.4027777777777777,1.545430518875608,30.611526143361242,27.737935481117393,9.38728323699422,0.582702264771312,12.046242774566473,0.18867231922562547,2.9880964812548974,13.394235349555343,17.068382029916307,4.117967412185913,16.184706750771554,3.484112764872639,2.9710911835942095,3.116383658560851,53.175487148632556,19.500150038362204
S093-01,S093,particular,1,1,105.95741289059397,0.11636821059117114,0.425413587565035,0.12710475610037375,0.9495919608677919,0.8259451096654764,intermedio,141.3892349314417,1396.4078976436997,0.6606907008085476,0.7265071317150686,11.734730907765975,1.8053432165793808,sintetico,118.63184164773406,3.1494444444444443,1.0536800092101375,40.73095485801197,37.66754541646169,7.523372728876344,0.5656492605824129,26.830128770506263,0.14199798406219222,7.090574477021065,10.517911715547998,13.436104233142283,7.662948989882513,15.481225544417057,5.047672971222243,4.361746162504593,4.276440409376539,37.16280597997167,15.227893021694541
S093-02,S093,particular,1,2,105.95741289059397,0.11636821059117114,0.425413587565035,0.12710475610037375,0.9495919608677919,1.3136463652931587,intermedio,141.3892349314417,1396.4078976436997,0.6606907008085476,0.7265071317150686,11.734730907765975,1.8053432165793808,sintetico,96.00907412157481,3.058611111111111,1.1457250369971144,34.03090996494918,31.389761768928285,7.764962310416856,0.5145593663267083,15.920443193170467,0.15483889307701146,7.424865616212818,9.971095443654002,12.566460703799228,6.889623965670457,13.93531411873388,4.313060157377318,3.6761194875791667,3.7015985486017637,40.88924460746448,14.260988125943987
S093-03,S093,particular,1,3,105.95741289059397,0.11636821059117114,0.425413587565035,0.12710475610037375,0.9495919608677919,1.0272178283300173,intermedio,141.3892349314417,1396.4078976436997,0.6606907008085476,0.7265071317150686,11.734730907765975,1.8053432165793808,sintetico,95.45209117154725,3.4694444444444446,1.8124275526775315,30.353645435527632,27.51221202702723,9.367493995196156,0.60458620489616,11.497197758206564,0.1879603357424651,7.350499987791944,13.321831558766624,16.81751372533602,7.09561854976674,13.452257967655987,5.771732408733521,4.971196157861231,4.800082947884327,53.31638290419804,19.04806668832662
S093-04,S093,particular,1,4,105.95741289059397,0.11636821059117114,0.425413587565035,0.12710475610037375,0.9495919608677919,0.9740910998952527,intermedio,141.3892349314417,1396.4078976436997,0.6606907008085476,0.7265071317150686,11.734730907765975,1.8053432165793808,sintetico,114.79066394228131,3.6791666666666667,1.437399125794453,34.82822974324975,31.20018045996321,10.419026047565119,0.5612595772183513,15.696489241223102,0.1670541292275031,6.983627131238648,11.906797159411068,15.103862745252888,8.02973738309456,14.295693428773435,6.031898881212372,5.084431800681506,4.896548847764653,46.218992728085546,17.1923250027908
S093-05,S093,particular,1,5,105.95741289059397,0.11636821059117114,0.425413587565035,0.12710475610037375,0.9495919608677919,1.0588829535607602,intermedio,141.3892349314417,1396.4078976436997,0.6606907008085476,0.7265071317150686,11.734730907765975,1.8053432165793808,sintetico,117.79859445741525,4.130833333333333,1.502564617305229,31.13937182816805,28.516908079261306,8.425795171810908,0.5753952842959387,13.092596328424449,0.1941188962451936,7.233939204644168,13.629690409064013,17.33416526712438,8.772246652374767,13.428554750626576,7.36479505354758,6.318359859333047,5.911719003842018,53.23528711981312,19.659551067718933
S093-06,S093,particular,2,6,105.95741289059397,0.11636821059117114,0.425413587565035,0.12710475610037375,0.9495919608677919,0.43717139125524207,intermedio,141.3892349314417,1396.4078976436997,0.6606907008085476,0.7265071317150686,11.734730907765975,1.8053432165793808,sintetico,108.29409474681633,3.3691666666666666,1.4497558741965988,34.724070466499626,32.14269445861479,7.436721906175283,0.5884927156081188,14.8651991095721,0.17143240149455224,6.597376342055282,13.268240398201815,16.69602991324196,7.153553728342601,15.13850302371418,5.873413725887617,4.997006828822632,4.790248202260367,48.00174682596169,18.938998426878175
S093-07,S093,particular,2,7,105.95741289059397,0.11636821059117114,0.425413587565035,0.12710475610037375,0.9495919608677919,0.9194658524216083,intermedio,141.3892349314417,1396.4078976436997,0.6606907008085476,0.7265071317150686,11.734730907765975,1.8053432165793808,sintetico,118.9856146943092,3.8675,1.3447003691249781,34.18157132086875,30.765511233176262,9.997845291962939,0.5603573353825662,18.11391223155929,0.16829430089150965,7.627128414943719,12.543692563061331,16.059933293886697,8.363992518301886,14.225935094268412,6.602391053328168,5.629962057975022,5.351273053484671,47.89118740136933,18.297277128390448
S093-08,S093,particular,2,8,105.95741289059397,0.11636821059117114,0.425413587565035,0.12710475610037375,0.9495919608677919,0.7592190764429647,intermedio,141.3892349314417,1396.4078976436997,0.6606907008085476,0.7265071317150686,11.734730907765975,1.8053432165793808,sintetico,111.31605616559362,3.730277777777778,1.6080339725090496,33.67119480721477,29.841224379785317,11.378360265097923,0.588144340203937,18.6536599895748,0.17269553827427708,6.613508766819299,12.886822078257895,16.433374194710986,7.861541168131854,14.159571741077045,6.357273177454725,5.401678992358134,5.134091107405704,48.274368961869484,18.737575725590986
S093-09,S093,particular,2,9,105.95741289059397,0.11636821059117114,0.425413587565035,0.12710475610037375,0.9495919608677919,1.0431830463481848,intermedio,141.3892349314417,1396.4078976436997,0.6606907008085476,0.7265071317150686,11.734730907765975,1.8053432165793808,sintetico,96.77121967952459,2.7605555555555554,1.043698739506227,37.6814389668272,35.05497996038323,6.973234051116925,0.569707584465295,21.010263634534112,0.1677966536169878,7.2826283675880275,11.182127846110372,14.776613159937556,6.671760336276276,14.504600705356829,5.034441039242112,4.164456225960724,4.096561113697823,43.97928981603427,17.19480464262764
S093-10,S093,particular,2,10,105.95741289059397,0.11636821059117114,0.425413587565035,0.12710475610037375,0.9495919608677919,0.8568662520151413,intermedio,141.3892349314417,1396.4078976436997,0.6606907008085476,0.7265071317150686,11.734730907765975,1.8053432165793808,sintetico,103.06121712360104,3.5458333333333334,1.4942575325430925,32.0551862355628,29.065443137090774,9.330199764982373,0.5653722788717552,13.873873873873874,0.19334912265464863,7.508201757391805,14.037639992548781,17.983061988517683,7.492518198070052,13.755217458150172,6.591509649689235,5.618133564409146,5.291291844524413,54.04476465356734,20.41580400484546
S094-01,S094,particular,1,1,102.05728010271626,0.1513260093697689,0.6729790038957564,0.12168781526900402,1.0381667061731565,0.8887057135172096,plano,37.375912401162715,1424.1695249564857,0.6161556699885541,0.5864893186261873,10.110701565811178,1.5554925485863351,sintetico,103.83624804020877,1.8216666666666668,0.5007885105773844,60.68352158194019,57.00068510898926,6.068923452272034,0.5926181002567947,50.21347971942666,0.12767009074120564,2.8888311466422576,7.519622281272448,10.48425571367936,6.0902099593023475,17.049699227792065,3.5760146250439244,2.7666282586779998,2.898687995299699,26.75126458648246,12.491398240200962
S094-02,S094,particular,1,2,102.05728010271626,0.1513260093697689,0.6729790038957564,0.12168781526900402,1.0381667061731565,0.4876150240896274,plano,37.375912401162715,1424.1695249564857,0.6161556699885541,0.5864893186261873,10.110701565811178,1.5554925485863351,sintetico,91.08703842780122,3.395277777777778,1.7675401767246417,29.783227823804218,26.82756592817511,9.923913932749734,0.633845448733733,10.676593307698601,0.22650493779895,1.9331306385614178,16.825016762772268,21.909134411702855,6.410087404498265,14.209952638692739,6.941242893180222,5.7940213182075,5.48284291434615,61.37045497988724,25.113415046960547
S094-03,S094,particular,1,3,102.05728010271626,0.1513260093697689,0.6729790038957564,0.12168781526900402,1.0381667061731565,1.245243790897018,plano,37.375912401162715,1424.1695249564857,0.6161556699885541,0.5864893186261873,10.110701565811178,1.5554925485863351,sintetico,96.60725000701682,3.9375,2.246208229550461,27.37180072605545,24.53517460495665,10.36331569664903,0.6289554558420127,8.084656084656086,0.21830930082173133,1.9896765321033862,15.941123593746456,20.07586191092979,7.360825425259482,13.124513138906734,7.15422908532333,6.095608035488673,5.756607450495319,62.46181988405692,22.732019479299808
S094-04,S094,particular,1,4,102.05728010271626,0.1513260093697689,0.6729790038957564,0.12168781526900402,1.0381667061731565,1.4203666417602006,plano,37.375912401162715,1424.1695249564857,0.6161556699885541,0.5864893186261873,10.110701565811178,1.5554925485863351,sintetico,96.94331441154941,2.773888888888889,1.3719357627425512,39.03757627310714,34.9485211177226,10.47466453034248,0.6290183259544654,21.119567394352092,0.17500098373008974,5.844150457665167,12.434526451454053,16.223996049059124,6.784791744882617,14.288325722697124,5.4919592537248585,4.593793533143371,4.47514816348665,42.7623954624699,18.64351677980072
S094-05,S094,particular,1,5,102.05728010271626,0.1513260093697689,0.6729790038957564,0.12168781526900402,1.0381667061731565,0.4149028265978006,plano,37.375912401162715,1424.1695249564857,0.6161556699885541,0.5864893186261873,10.110701565811178,1.5554925485863351,sintetico,103.93251375833756,2.5125,0.9910276993732122,45.64004019639122,41.366174630184105,9.364289662797127,0.5609719549780938,32.681039248203426,0.15093213927823346,4.374988622767186,10.579834998454169,14.048612267961312,6.181141838289083,16.814452163923434,4.428821473967701,3.6787201612617326,3.6601134838635665,34.946474302616515,16.30427677277465
S094-06,S094,particular,2,6,102.05728010271626,0.1513260093697689,0.6729790038957564,0.12168781526900402,1.0381667061731565,0.5706388592147353,plano,37.375912401162715,1424.1695249564857,0.6161556699885541,0.5864893186261873,10.110701565811178,1.5554925485863351,sintetico,100.77461978110703,3.4052777777777776,1.6770095522770079,32.46430704357811,29.593656188268646,8.842483073660167,0.6100252774240355,15.425401745656252,0.19070648275832705,3.168019836090399,13.567988987173196,17.631775023359637,6.966645826040986,14.465299700526813,6.189084013255996,5.123253286689109,4.892093271684166,48.91431261593576,20.34988174110487
S094-07,S094,particular,2,7,102.05728010271626,0.1513260093697689,0.6729790038957564,0.12168781526900402,1.0381667061731565,1.3254331938319726,plano,37.375912401162715,1424.1695249564857,0.6161556699885541,0.5864893186261873,10.110701565811178,1.5554925485863351,sintetico,109.2604070646232,3.0208333333333335,1.3179522561620123,40.03027329866106,36.16896233863388,9.645977011494253,0.6086672584378272,24.183908045977013,0.1691182416493777,4.108905262594206,11.461393663256024,14.961863932564764,7.307747616654787,14.95131096421725,5.625501332427051,4.596053437195644,4.471662131365969,41.56983088240509,17.307409663076605
S094-08,S094,particular,2,8,102.05728010271626,0.1513260093697689,0.6729790038957564,0.12168781526900402,1.0381667061731565,1.1673328161866445,plano,37.375912401162715,1424.1695249564857,0.6161556699885541,0.5864893186261873,10.110701565811178,1.5554925485863351,sintetico,94.07405472562826,2.8269444444444445,1.0842521915047476,36.10133216205753,33.277645378034954,7.821558416036161,0.5823192990988588,17.598506436081358,0.18550673351481545,4.117803135477765,13.374056285373477,17.123256436942086,6.39445876396274,14.711808801677092,5.472892663934513,4.572514496223907,4.457453854159814,47.309517298440554,19.642085251098248
S094-09,S094,particular,2,9,102.05728010271626,0.1513260093697689,0.6729790038957564,0.12168781526900402,1.0381667061731565,0.850451772296938,plano,37.375912401162715,1424.1695249564857,0.6161556699885541,0.5864893186261873,10.110701565811178,1.5554925485863351,sintetico,88.26886168367403,3.180833333333333,1.7446696044623788,30.335837905606347,27.75023160084067,8.523273076587197,0.5832829725503982,12.18234215352371,0.19906872208241333,1.3582976492061114,14.327353760803264,18.520120473480834,6.166956016964984,14.313197863070672,5.704560134615565,4.749489282983778,4.563593295003493,55.602190413035125,21.285229504016307
S094-10,S094,particular,2,10,102.05728010271626,0.1513260093697689,0.6729790038957564,0.12168781526900402,1.0381667061731565,1.1653248431907477,plano,37.375912401162715,1424.1695249564857,0.6161556699885541,0.5864893186261873,10.110701565811178,1.5554925485863351,sintetico,106.1572627107641,3.7475,1.6861776145048417,32.015258922572734,28.32748838179162,11.518790304647544,0.6056719625875333,15.262026536209325,0.1890733593819192,3.4319619986482737,13.439028379134196,16.971539910877578,7.609615869369459,13.950410182736388,6.293106798171825,5.377871227938637,5.117860144435891,48.81756653098532,19.269156442786567
S095-01,S095,particular,1,1,90.8905118941567,0.07582745770211788,0.44363775297920727,0.11708685558016976,1.043196402754961,1.009353307305584,plano,9.829706936389274,1383.3307105402291,0.7158077419237396,0.6788708867444203,11.476447634528675,1.765607328389027,sintetico,83.31494806685986,2.6819444444444445,1.476325711699335,33.86404121493682,31.065128227933243,8.265147591921284,0.6276192210675798,15.846711548420508,0.20472770640794352,2.793116738765734,13.989895948358775,17.846726640034294,6.061271452751404,13.745457321341474,5.286962124199627,4.493904708506121,4.391912304980583,50.806434269337714,20.249839842076412
S095-02,S095,particular,1,2,90.8905118941567,0.07582745770211788,0.44363775297920727,0.11708685558016976,1.043196402754961,1.3114162076593763,plano,9.829706936389274,1383.3307105402291,0.7158077419237396,0.6788708867444203,11.476447634528675,1.765607328389027,sintetico,99.41654079162173,3.4494444444444445,1.5993314465976636,31.804811770180237,28.821029702837674,9.381542921565469,0.6250211228048485,13.464325978418426,0.21768249793373218,1.0596071742524058,14.34880883257432,18.576001338543907,7.5835472815099685,13.109503653259585,6.845684516515231,5.817554371665211,5.527794101805837,56.82430761071727,21.163052355395273
S095-03,S095,particular,1,3,90.8905118941567,0.07582745770211788,0.44363775297920727,0.11708685558016976,1.043196402754961,1.2086029054260208,plano,9.829706936389274,1383.3307105402291,0.7158077419237396,0.6788708867444203,11.476447634528675,1.765607328389027,sintetico,90.0413651886303,3.1863888888888887,1.754749049717329,31.409778554173364,28.258121757394218,10.033998779530991,0.6509816883826813,11.786243570743613,0.20655813845824592,2.105377366970086,13.24279352784107,17.320330518583088,6.913270135819826,13.024424537108375,6.020824294231947,4.968751078595469,4.7998731258847815,55.03243830802534,20.040886321029586
S095-04,S095,particular,1,4,90.8905118941567,0.07582745770211788,0.44363775297920727,0.11708685558016976,1.043196402754961,1.225122106232035,plano,9.829706936389274,1383.3307105402291,0.7158077419237396,0.6788708867444203,11.476447634528675,1.765607328389027,sintetico,109.59265374234089,2.9305555555555554,1.140587400081421,41.152973137835325,37.396545352836704,9.127962085308058,0.6307260599608469,23.74407582938389,0.16032302657948344,2.100599282641571,10.478181840387062,13.660473928554934,7.595052234499399,14.42947992438189,5.168837717447401,4.354397439722293,4.287264309627919,37.89703943675222,15.681916368206558
S095-05,S095,particular,1,5,90.8905118941567,0.07582745770211788,0.44363775297920727,0.11708685558016976,1.043196402754961,0.5322630357222707,plano,9.829706936389274,1383.3307105402291,0.7158077419237396,0.6788708867444203,11.476447634528675,1.765607328389027,sintetico,101.79692403032878,3.498611111111111,1.6699915210537324,32.174620413448956,29.096381620419503,9.567288606589916,0.6170294928313361,15.657006748709806,0.21227392824453312,1.701846301354757,14.232124583374782,18.75500461236209,7.319355164454531,13.907908790202164,6.892377409461036,5.6882518254530385,5.373081631144565,55.5710919279623,21.741587573592646
S095-06,S095,particular,2,6,90.8905118941567,0.07582745770211788,0.44363775297920727,0.11708685558016976,1.043196402754961,0.6054778305489182,plano,9.829706936389274,1383.3307105402291,0.7158077419237396,0.6788708867444203,11.476447634528675,1.765607328389027,sintetico,103.85245178651897,3.441666666666667,1.3480663921905918,32.82430433990064,30.175046523928028,8.071025020177562,0.6196298676686549,12.195318805488297,0.21180763295000268,2.983196448880741,14.581550419117082,19.158211903364194,7.231701348762811,14.36072187968408,6.919668308212393,5.750560367793885,5.4466503798654475,56.27265430630435,22.078614117024543
S095-07,S095,particular,2,7,90.8905118941567,0.07582745770211788,0.44363775297920727,0.11708685558016976,1.043196402754961,1.384575359138331,plano,9.829706936389274,1383.3307105402291,0.7158077419237396,0.6788708867444203,11.476447634528675,1.765607328389027,sintetico,86.18383205949975,2.6911111111111112,1.229929065196585,34.790513053846055,32.02537112037563,7.947976878612717,0.5722105005067614,13.914120561519406,0.16042223726995822,3.9854480732190134,10.808772869089006,13.82520403091163,6.048174736539165,14.249560539121447,4.281308282390591,3.5169557213779417,3.5649453711276045,46.233164896101904,15.849394924624201
S095-08,S095,particular,2,8,90.8905118941567,0.07582745770211788,0.44363775297920727,0.11708685558016976,1.043196402754961,0.6292316013455408,plano,9.829706936389274,1383.3307105402291,0.7158077419237396,0.6788708867444203,11.476447634528675,1.765607328389027,sintetico,91.11596476676166,3.0644444444444443,1.4816283880171004,33.9632918989793,29.733273491691627,12.454677302393039,0.6265742499044679,15.382523567802755,0.2045618351437338,0.9012733577923852,14.103775558376393,18.126006196214043,6.450662984201231,14.125054275803919,5.727023224074247,4.8460020177368675,4.711759059548783,51.69706115234656,20.7147558065975
S095-09,S095,particular,2,9,90.8905118941567,0.07582745770211788,0.44363775297920727,0.11708685558016976,1.043196402754961,1.2976640225946827,plano,9.829706936389274,1383.3307105402291,0.7158077419237396,0.6788708867444203,11.476447634528675,1.765607328389027,sintetico,88.5667039316754,2.7880555555555557,1.2758745102129307,34.03866063350395,31.766477448842426,6.675301384875959,0.61913153113683,14.267211318122945,0.20815199960214784,3.036666191843179,13.91698847879757,17.915253013076473,6.452095243624944,13.726812854969028,5.711594865301102,4.791396615212502,4.646693822249672,52.71361558565202,20.473288822604008
S095-10,S095,particular,2,10,90.8905118941567,0.07582745770211788,0.44363775297920727,0.11708685558016976,1.043196402754961,1.2667116418223565,plano,9.829706936389274,1383.3307105402291,0.7158077419237396,0.6788708867444203,11.476447634528675,1.765607328389027,sintetico,79.36943553693878,2.5308333333333333,1.3229273874718772,33.67074804772326,31.3609886876281,6.859839754143343,0.6175958221532473,15.34408956206783,0.19198629991767027,2.1616689759732695,13.101537312304886,16.701121893961172,5.750756033574906,13.801565406974754,4.746025737686369,3.9978708128956826,3.957171823685775,50.23892173479121,19.071254222605155
S096-01,S096,particular,1,1,63.58124672079497,0.16437037399741788,0.45526106953913487,0.07473210692775367,1.043956972950203,0.8343488957580447,intermedio,66.55558211178555,1298.331766141059,0.6519280155403291,0.5169895517926737,9.002155316434125,1.3849469717590963,sintetico,71.24379150068081,2.0105555555555554,1.0106143775252607,38.521725653717475,35.43487833689568,8.013263332412269,0.5792553851837492,20.51671732522796,0.1766189938528212,3.032972672159766,12.846726406649221,16.507500321157124,4.24899428336226,16.767212838965058,3.486523716571401,2.9752835347421467,3.0936095519780764,42.7364078466807,18.943587892618048
S096-02,S096,particular,1,2,63.58124672079497,0.16437037399741788,0.45526106953913487,0.07473210692775367,1.043956972950203,0.9934969939118232,intermedio,66.55558211178555,1298.331766141059,0.6519280155403291,0.5169895517926737,9.002155316434125,1.3849469717590963,sintetico,77.259743448632,2.2805555555555554,1.2555050750911798,37.45926955085187,33.87759761450368,9.56151035322777,0.6174907804295153,19.220462850182702,0.17907059982766202,3.0379323166549472,13.63921409570392,17.052921775501027,4.594884510956457,16.81429495440133,3.817712195225918,3.3052035903284698,3.3754095770831496,45.29912215595053,19.255782451551365
S096-03,S096,particular,1,3,63.58124672079497,0.16437037399741788,0.45526106953913487,0.07473210692775367,1.043956972950203,0.7448859807898787,intermedio,66.55558211178555,1298.331766141059,0.6519280155403291,0.5169895517926737,9.002155316434125,1.3849469717590963,sintetico,77.21194477043214,1.7694444444444444,0.764130474571257,45.62005599434691,43.6362639204954,4.34850863422292,0.5783313913205038,30.6436420722135,0.1628713200913199,2.7150102442417383,11.077962767344593,14.661646663386232,4.43443936192275,17.411884224515237,3.3599747844604533,2.775279451662374,2.900805748821218,36.179740200774006,16.947108251547025
S096-04,S096,particular,1,4,63.58124672079497,0.16437037399741788,0.45526106953913487,0.07473210692775367,1.043956972950203,0.4663914318297557,intermedio,66.55558211178555,1298.331766141059,0.6519280155403291,0.5169895517926737,9.002155316434125,1.3849469717590963,sintetico,72.5640842906524,1.6677777777777778,0.6477033433198642,46.12938432744988,43.50944427820597,5.679546968687542,0.5593425707415488,33.26115922718188,0.14901415094369513,3.002896393750281,11.32257168065226,14.74850924133569,3.8852191873071638,18.676960241449443,2.8694938878202363,2.447722284760448,2.6213669374518447,35.73033779055605,16.87491184452754
S096-05,S096,particular,1,5,63.58124672079497,0.16437037399741788,0.45526106953913487,0.07473210692775367,1.043956972950203,0.8180847973827533,intermedio,66.55558211178555,1298.331766141059,0.6519280155403291,0.5169895517926737,9.002155316434125,1.3849469717590963,sintetico,74.34497399865644,2.1463888888888887,1.1298679047425324,37.99033447766688,34.63723390645311,8.826193865665848,0.5883050830967629,22.51844182735861,0.1787675459514844,2.8205183984080406,13.110715734704492,17.117011532695194,4.357676818601117,17.060690155201172,3.7443155373867594,3.1432835285920775,3.2501010107713544,46.55282588679525,19.585153860088518
S096-06,S096,particular,2,6,63.58124672079497,0.16437037399741788,0.45526106953913487,0.07473210692775367,1.043956972950203,0.795169345855244,intermedio,66.55558211178555,1298.331766141059,0.6519280155403291,0.5169895517926737,9.002155316434125,1.3849469717590963,sintetico,57.06786305285804,1.5405555555555555,0.9637648416773076,40.0320161711397,37.0436904057499,7.464839523981248,0.5381632349580632,22.46664262531554,0.15446820512939868,4.626475972630905,9.197384865173156,11.895790952570538,3.678735214136607,15.512903139524207,2.2787715617650055,1.9000223736952166,2.213313619413664,30.353396229905815,13.763600252178145
S096-07,S096,particular,2,7,63.58124672079497,0.16437037399741788,0.45526106953913487,0.07473210692775367,1.043956972950203,1.5851822353526246,intermedio,66.55558211178555,1298.331766141059,0.6519280155403291,0.5169895517926737,9.002155316434125,1.3849469717590963,sintetico,70.35536479244784,1.6588888888888889,0.8385998732868944,44.89176059071468,42.411137517215714,5.525787006028131,0.6004559681240706,34.4775619557937,0.13520766666202272,3.935064878011994,8.57131482834395,11.3151019017015,4.214475570998368,16.6937412750933,2.512526164647781,2.067758481262249,2.3487708163469354,31.846549930540274,13.149405192022234
S096-08,S096,particular,2,8,63.58124672079497,0.16437037399741788,0.45526106953913487,0.07473210692775367,1.043956972950203,0.8061198429787778,intermedio,66.55558211178555,1298.331766141059,0.6519280155403291,0.5169895517926737,9.002155316434125,1.3849469717590963,sintetico,57.07455560337189,1.15,0.4905863865954621,51.625226173904224,49.63004835075817,3.864734299516908,0.6503887985334955,43.11594202898551,0.13691160366401922,3.218575994226521,9.087937375734187,12.262647930607196,3.093119785708876,18.452100001775925,2.0502203496005285,1.6542976780537355,1.9807304989685957,31.222998018783812,14.454121226631667
S096-09,S096,particular,2,9,63.58124672079497,0.16437037399741788,0.45526106953913487,0.07473210692775367,1.043956972950203,1.197966120051973,intermedio,66.55558211178555,1298.331766141059,0.6519280155403291,0.5169895517926737,9.002155316434125,1.3849469717590963,sintetico,59.48232265147633,1.75,1.3785608285752573,36.61076449740379,33.98989865798647,7.158730158730159,0.6746444287598687,20.730158730158728,0.1899434157483145,3.0628867198279646,13.578741806476836,17.474082975674214,3.8350714821469585,15.51009490393561,3.2882920024572484,2.8091900573152726,2.9842998239504817,45.90121250653089,19.91258276838138
S096-10,S096,particular,2,10,63.58124672079497,0.16437037399741788,0.45526106953913487,0.07473210692775367,1.043956972950203,0.9763434066184808,intermedio,66.55558211178555,1298.331766141059,0.6519280155403291,0.5169895517926737,9.002155316434125,1.3849469717590963,sintetico,58.086344555718476,1.8330555555555557,1.6182805221945389,35.34068622622723,31.688261918561373,10.33489922715563,0.6111142266026468,17.76026670707683,0.1896385823142289,3.1948435762979974,12.406669647365144,15.943060694711956,3.7901355390619273,15.3256642030525,3.037973378938637,2.5456870884006415,2.696341734206588,42.80870253214166,18.355514009728967
S097-01,S097,particular,1,1,72.64385502986951,0.16527118527994814,0.5219770894221332,0.17882457805764068,1.0283446658403044,0.7683582954740439,plano,6.865700077168634,1438.187614717875,0.6911465775283783,0.7477895909664523,11.796178688248796,1.8147967212690455,sintetico,79.98327456360482,2.826111111111111,1.350282300759211,31.277404782639294,28.301532182915015,9.514448594456457,0.579289147259447,13.701592294082957,0.1724013432921484,2.00740626471889,12.354711618693393,15.787360368965802,5.719035033137356,13.985449310970122,4.397488580238991,3.7658214020047236,3.794737330210442,50.58377656635764,17.911874393336557
S097-02,S097,particular,1,2,72.64385502986951,0.16527118527994814,0.5219770894221332,0.17882457805764068,1.0283446658403044,0.5141424254174933,plano,6.865700077168634,1438.187614717875,0.6911465775283783,0.7477895909664523,11.796178688248796,1.8147967212690455,sintetico,77.49329708372163,2.593611111111111,1.522712343398114,33.31850824094086,29.878533736895992,10.324515368962194,0.6223855700212674,14.951269144264753,0.20847348183464032,1.5605555897340135,14.787091798825271,19.161589868538368,5.554895071554578,13.950452004133815,5.27814900217628,4.406811916731828,4.322698399562277,55.55420651108651,22.008345316462904
S097-03,S097,particular,1,3,72.64385502986951,0.16527118527994814,0.5219770894221332,0.17882457805764068,1.0283446658403044,1.0463575329059076,plano,6.865700077168634,1438.187614717875,0.6911465775283783,0.7477895909664523,11.796178688248796,1.8147967212690455,sintetico,76.30425028614809,2.1883333333333335,1.113961537938477,37.999073319979686,34.868659689024255,8.238131505458238,0.5887423276189645,21.210967250571212,0.18248866950233106,5.644815156567384,12.23891322450026,16.193849169593836,5.3488681636635835,14.265494671284863,4.425907117710062,3.6039677632398117,3.6301553183799675,46.58535204749203,18.827879928733093
S097-04,S097,particular,1,4,72.64385502986951,0.16527118527994814,0.5219770894221332,0.17882457805764068,1.0283446658403044,1.46855735853687,plano,6.865700077168634,1438.187614717875,0.6911465775283783,0.7477895909664523,11.796178688248796,1.8147967212690455,sintetico,80.82099477258845,2.4930555555555554,1.2373022663402848,35.51270367158775,32.418449156692866,8.713091922005571,0.6078670619156147,15.610027855153202,0.18892787607084688,3.831267805422454,11.946709013420753,15.573821108912,6.1091882166912415,13.229416398036822,4.871041954472862,3.9685863924687492,3.962044351292005,48.16697474051983,17.999463565769044
S097-05,S097,particular,1,5,72.64385502986951,0.16527118527994814,0.5219770894221332,0.17882457805764068,1.0283446658403044,1.4350080665043579,plano,6.865700077168634,1438.187614717875,0.6911465775283783,0.7477895909664523,11.796178688248796,1.8147967212690455,sintetico,77.70574587603728,2.4555555555555557,1.338382365776522,34.38729995743506,31.644873886169027,7.975113122171945,0.6166170150590334,16.70814479638009,0.19419481871772254,2.5641214522776665,12.369359129280548,16.28509908793483,5.920640846510009,13.124549840215664,4.917538039318391,3.999993295555748,3.947591891381624,51.03378476482986,18.93258631039827
S097-06,S097,particular,2,6,72.64385502986951,0.16527118527994814,0.5219770894221332,0.17882457805764068,1.0283446658403044,0.6041275846048796,plano,6.865700077168634,1438.187614717875,0.6911465775283783,0.7477895909664523,11.796178688248796,1.8147967212690455,sintetico,73.1235736079232,1.8063888888888888,0.902581708518259,44.09461725100897,40.480526678229054,8.196217130555128,0.557156388301731,34.7839458711364,0.15230223639155302,1.3751993957769597,9.91396258345704,13.237040604296455,4.673922505967227,15.645011981813106,3.2868852647442255,2.6265848790681505,2.806509311466077,38.03176392930495,15.54867981586233
S097-07,S097,particular,2,7,72.64385502986951,0.16527118527994814,0.5219770894221332,0.17882457805764068,1.0283446658403044,1.0454497848795905,plano,6.865700077168634,1438.187614717875,0.6911465775283783,0.7477895909664523,11.796178688248796,1.8147967212690455,sintetico,71.30993996771801,2.0294444444444446,1.2060029785319155,38.488123520807314,35.13766546452023,8.70517382972899,0.5995207823659261,21.626060771968245,0.1751812731716018,1.683989886646608,11.716735006445388,15.389359222649706,5.007317163160729,14.241147034254487,3.8897156188544,3.217605920574579,3.3131131981335398,44.942145324683715,17.770924926486067
S097-08,S097,particular,2,8,72.64385502986951,0.16527118527994814,0.5219770894221332,0.17882457805764068,1.0283446658403044,1.4417542118418143,plano,6.865700077168634,1438.187614717875,0.6911465775283783,0.7477895909664523,11.796178688248796,1.8147967212690455,sintetico,75.46781392822828,2.1783333333333332,1.1793106937566942,37.73914851251865,34.64475008181865,8.199438918643203,0.5719331411236588,21.652639632746748,0.16500656330773533,5.120828138021512,12.201111234062605,15.606823774888865,5.177827341134804,14.575189351850481,3.9578573633598504,3.3603476892553013,3.4430218965851793,46.580712156709595,17.811665422429673
S097-09,S097,particular,2,9,72.64385502986951,0.16527118527994814,0.5219770894221332,0.17882457805764068,1.0283446658403044,0.6079455932138469,plano,6.865700077168634,1438.187614717875,0.6911465775283783,0.7477895909664523,11.796178688248796,1.8147967212690455,sintetico,85.18775538655973,3.0216666666666665,1.6551674517092148,31.261561609746693,28.19230735352225,9.817981246552675,0.6023371198552663,11.141753998896856,0.18852039540409646,2.6933151525917003,13.247789342817766,17.062883073084485,6.2699410010209355,13.586691704545318,5.187544087773711,4.433901192870669,4.351293904042973,52.129258369885775,19.360427915934622
S097-10,S097,particular,2,10,72.64385502986951,0.16527118527994814,0.5219770894221332,0.17882457805764068,1.0283446658403044,0.44429543575173436,plano,6.865700077168634,1438.187614717875,0.6911465775283783,0.7477895909664523,11.796178688248796,1.8147967212690455,sintetico,73.62994292576117,2.035833333333333,1.2630730964136299,41.52714938629802,36.166979742494235,12.907627234274798,0.6161937573158559,27.398007913767223,0.16617283532439317,1.8322159650603396,11.25802297824653,14.940699199244854,4.866072571368492,15.131287469692241,3.692651590029927,3.0492798588600944,3.1513697401503102,41.77863815116271,17.319502274946295
S098-01,S098,particular,1,1,57.69375464576091,0.14548400578902682,0.7127283797086131,0.1755567881918909,0.9927374624842052,0.8742098231260089,intermedio,134.7493757038033,1199.3558153581005,0.6526100423857071,0.4494003836324319,7.827464139269976,1.204225252195381,sintetico,62.49905706307417,1.843611111111111,1.168017621871131,36.94507893937647,33.900347359811214,8.241675455778214,0.5993210510683804,18.98448094018382,0.16749312126871055,4.759622166085927,11.581585956862595,14.927128015623174,3.5596466917248115,17.557657395709267,2.702682844667634,2.29732051711724,2.5432064026542966,39.60623586571422,17.097415833823554
S098-02,S098,particular,1,2,57.69375464576091,0.14548400578902682,0.7127283797086131,0.1755567881918909,0.9927374624842052,1.2671230875506785,intermedio,134.7493757038033,1199.3558153581005,0.6526100423857071,0.4494003836324319,7.827464139269976,1.204225252195381,sintetico,55.227815089278806,1.7747222222222223,1.5752931717352878,34.75838867800302,31.119131995837172,10.471122241352324,0.5703955722991426,19.909218970104867,0.1624423106296253,5.084590767797638,9.391596644987102,11.896015522288367,3.462308304434668,15.951154615127928,2.0902238282854224,1.8103838597269373,2.1377201351507957,33.99788126827859,13.539031165072481
S098-03,S098,particular,1,3,57.69375464576091,0.14548400578902682,0.7127283797086131,0.1755567881918909,0.9927374624842052,1.4506381513884081,intermedio,134.7493757038033,1199.3558153581005,0.6526100423857071,0.4494003836324319,7.827464139269976,1.204225252195381,sintetico,67.78263939160597,2.9066666666666667,2.360486423014888,26.66799142466326,23.319715387020402,12.557339449541285,0.5992022828146788,7.8172782874617734,0.2089032388675568,4.451056466263764,14.279766012958696,17.675192364497697,4.5771372763239535,14.808959246694124,3.9593971966137573,3.4247819526149406,3.45247622626251,56.325151890315304,19.968826195021663
S098-04,S098,particular,1,4,57.69375464576091,0.14548400578902682,0.7127283797086131,0.1755567881918909,0.9927374624842052,0.4026473503000377,intermedio,134.7493757038033,1199.3558153581005,0.6526100423857071,0.4494003836324319,7.827464139269976,1.204225252195381,sintetico,63.83856111335855,2.7769444444444447,2.1303738309280487,25.680709265187904,22.988778634399395,10.483144943483044,0.5715824352291448,8.202460738221466,0.19299628474368827,4.664920552832089,14.700388762398642,17.975795893978923,3.838088378471706,16.632905451431665,3.3486864512302494,2.9431101326884797,3.05639732193778,53.35945471810486,20.18815086443672
S098-05,S098,particular,1,5,57.69375464576091,0.14548400578902682,0.7127283797086131,0.1755567881918909,0.9927374624842052,0.5269951166689364,intermedio,134.7493757038033,1199.3558153581005,0.6526100423857071,0.4494003836324319,7.827464139269976,1.204225252195381,sintetico,65.57167149893338,2.3905555555555558,1.7843071150306604,30.486357303659556,27.429469834552656,10.02788752033465,0.6015057858702094,13.583546363002558,0.20740535179733216,4.843362476054564,15.680452327468545,19.4646057980598,3.804075092559042,17.237217957972177,3.5928251035328005,3.146886324833022,3.215045514400094,51.83107082354342,21.93099698421157
S098-06,S098,particular,2,6,57.69375464576091,0.14548400578902682,0.7127283797086131,0.1755567881918909,0.9927374624842052,0.921690218119182,intermedio,134.7493757038033,1199.3558153581005,0.6526100423857071,0.4494003836324319,7.827464139269976,1.204225252195381,sintetico,55.37151271329037,1.8330555555555557,1.4447862462099261,33.6603122882275,30.207220149696216,10.259130171238066,0.6089893964393764,16.426731322927715,0.1621261901399418,4.780394031653334,10.493975632688342,13.388015515257118,3.369778379697271,16.4317965379862,2.280108040502521,1.9586047371286543,2.2741038007111083,38.163677610892115,15.324133714029246
S098-07,S098,particular,2,7,57.69375464576091,0.14548400578902682,0.7127283797086131,0.1755567881918909,0.9927374624842052,0.7929435372742195,intermedio,134.7493757038033,1199.3558153581005,0.6526100423857071,0.4494003836324319,7.827464139269976,1.204225252195381,sintetico,54.576208291888584,1.3605555555555555,0.8978271216265981,43.87546892603817,40.11317881804796,8.574928542262148,0.569225960858571,30.298080849326254,0.12436488365890634,4.8312125070895116,7.797236773211347,10.185236240532177,2.945068939950323,18.531385649943115,1.5410608214315402,1.3513543026886865,1.7450174573764776,26.5475041542644,11.588104639575008
S098-08,S098,particular,2,8,57.69375464576091,0.14548400578902682,0.7127283797086131,0.1755567881918909,0.9927374624842052,1.2519660088658218,intermedio,134.7493757038033,1199.3558153581005,0.6526100423857071,0.4494003836324319,7.827464139269976,1.204225252195381,sintetico,58.47584023519975,2.2711111111111113,2.2573425104979017,30.08603001270618,25.74767916422689,14.420254403131116,0.5877491940137924,15.203033268101763,0.18926957634175387,4.725824922454524,11.617518213871191,15.041979516181408,3.911283243456109,14.950551160679687,2.9244104317887305,2.5146433248326994,2.72540563231419,44.42217780545673,17.196729405391853
S098-09,S098,particular,2,9,57.69375464576091,0.14548400578902682,0.7127283797086131,0.1755567881918909,0.9927374624842052,0.9508701256726643,intermedio,134.7493757038033,1199.3558153581005,0.6526100423857071,0.4494003836324319,7.827464139269976,1.204225252195381,sintetico,72.96257489488093,2.0722222222222224,1.1649808154723391,38.60957947461654,35.20982166508999,8.806970509383378,0.5292357841606004,26.648793565683647,0.12766287653713476,4.082890621070351,8.401836211032634,10.553475600470417,3.952080049726171,18.461816050496324,2.0917294502942956,1.8402058620812154,2.0818093387353045,29.760212972438904,11.922849145291854
S098-10,S098,particular,2,10,57.69375464576091,0.14548400578902682,0.7127283797086131,0.1755567881918909,0.9927374624842052,1.3402371527041246,intermedio,134.7493757038033,1199.3558153581005,0.6526100423857071,0.4494003836324319,7.827464139269976,1.204225252195381,sintetico,68.39485830929459,1.6872222222222222,1.0527107121766708,45.21974103093858,40.53695915598626,10.355614092854792,0.5580548853641408,29.848534738228516,0.15815311951308822,4.3159637294094795,9.90103064178971,12.614881842157315,3.9587174945074612,17.277024289858854,2.5421666345823057,2.180923974834552,2.3907208310842454,31.518260392219574,14.390144750701085
S099-01,S099,particular,1,1,67.88544333232153,0.05608821297211649,0.8739871377904764,0.11089052532062821,0.9980825128377209,1.3939151762969515,plano,39.10052494838527,1488.043818153609,0.6892659103045805,0.808904655665738,12.594546311739728,1.9376225094984199,sintetico,76.85407416782343,3.3833333333333333,2.36812429231238,25.547060665204466,22.715489901819733,11.083743842364532,0.6016046966065057,8.563218390804597,0.22242649685132324,1.8924854926826444,13.510098724450843,17.432557208500697,7.047096765122831,10.905778184881198,6.037138166011454,5.058271732503777,4.8699301573476905,63.17006039645413,19.9415280829846
S099-02,S099,particular,1,2,67.88544333232153,0.05608821297211649,0.8739871377904764,0.11089052532062821,0.9980825128377209,0.5061229154625492,plano,39.10052494838527,1488.043818153609,0.6892659103045805,0.808904655665738,12.594546311739728,1.9376225094984199,sintetico,85.33372987970209,3.83,2.5195195417227505,24.846443510751175,22.280347227076263,10.327821293878735,0.5927543412063452,7.948941108210038,0.19956921596222904,2.1607501546801817,12.561204196885582,16.070337133135308,7.447124652233157,11.458614413566073,5.954756880492971,4.957989918108503,4.72592660863437,56.67879405967335,18.4891701516459
S099-03,S099,particular,1,3,67.88544333232153,0.05608821297211649,0.8739871377904764,0.11089052532062821,0.9980825128377209,0.6772525657002402,plano,39.10052494838527,1488.043818153609,0.6892659103045805,0.808904655665738,12.594546311739728,1.9376225094984199,sintetico,62.628622312423545,2.403611111111111,1.9958925389805986,28.59029169727679,26.05605458508318,8.863977811163757,0.5953767053091179,11.602912284756732,0.18401860275787627,3.663265881856753,12.559609303231905,15.94679126069757,5.102878841911266,12.273194064111117,3.9704852231280974,3.370322974392669,3.424417574684481,52.06439734391425,18.20113031634806
S099-04,S099,particular,1,4,67.88544333232153,0.05608821297211649,0.8739871377904764,0.11089052532062821,0.9980825128377209,1.43463847485239,plano,39.10052494838527,1488.043818153609,0.6892659103045805,0.808904655665738,12.594546311739728,1.9376225094984199,sintetico,78.1535931948789,3.2175,2.111227305807506,27.763265788589298,24.290161055129417,12.509712509712509,0.5511274241325295,10.429077095743763,0.17370736324404154,4.554038341921294,9.887968655509075,12.435950595495013,7.157073452260943,10.919769612003902,4.4956040287190895,3.732253791038128,3.7201330803257298,44.10123931128446,14.243592107768759
S099-05,S099,particular,1,5,67.88544333232153,0.05608821297211649,0.8739871377904764,0.11089052532062821,0.9980825128377209,1.4001348405035623,plano,39.10052494838527,1488.043818153609,0.6892659103045805,0.808904655665738,12.594546311739728,1.9376225094984199,sintetico,67.49933922402988,3.4255555555555555,3.0518817275571735,22.43331067268349,19.70464005891239,12.16347713266299,0.6107678675239828,5.3519299383717165,0.2259768256386391,2.0891813705386224,13.463832126917783,17.114946280448684,6.712905535510123,10.055159999938912,5.56963058336007,4.72025775543239,4.565153156050827,66.66655588589374,19.528618268715636
S099-06,S099,particular,2,6,67.88544333232153,0.05608821297211649,0.8739871377904764,0.11089052532062821,0.9980825128377209,0.8632945733594932,plano,39.10052494838527,1488.043818153609,0.6892659103045805,0.808904655665738,12.594546311739728,1.9376225094984199,sintetico,68.10668102501847,3.1008333333333336,2.540132588995928,24.597115940014703,21.96399280570335,10.705007614440563,0.6045105447490478,7.067992475141091,0.21268484838795584,1.9897387124567194,13.875980262898068,17.408804047363382,6.123862773920603,11.121523054870055,5.160340443372714,4.3963809603105455,4.3005783749334245,60.11373779631253,19.714556654852785
S099-07,S099,particular,2,7,67.88544333232153,0.05608821297211649,0.8739871377904764,0.11089052532062821,0.9980825128377209,0.5525259755525646,plano,39.10052494838527,1488.043818153609,0.6892659103045805,0.808904655665738,12.594546311739728,1.9376225094984199,sintetico,77.10771491830167,3.5730555555555554,2.515960954173649,23.979593443839498,21.5803291382948,10.005441965326908,0.596165061018306,5.908419497784342,0.22135627587771972,2.6184844826567066,14.701005288806735,18.709876449239985,6.846929511891073,11.261648711935557,6.25173856550973,5.272299977344704,5.035106112456854,65.21102198850932,21.302095390273806
S099-08,S099,particular,2,8,67.88544333232153,0.05608821297211649,0.8739871377904764,0.11089052532062821,0.9980825128377209,0.5063047113594537,plano,39.10052494838527,1488.043818153609,0.6892659103045805,0.808904655665738,12.594546311739728,1.9376225094984199,sintetico,59.76040403177081,2.9430555555555555,2.7944924855463946,22.96514245456607,20.30556437134261,11.580934403020294,0.6029767545462762,7.135441245870694,0.22393749753653444,2.1700823881632223,13.731696717238213,17.585987105027094,5.473747788856031,10.917639309841174,4.750112845249612,3.966086198337246,3.9142405939460065,63.9847339381902,20.188022857780226
S099-09,S099,particular,2,9,67.88544333232153,0.05608821297211649,0.8739871377904764,0.11089052532062821,0.9980825128377209,1.506353244934584,plano,39.10052494838527,1488.043818153609,0.6892659103045805,0.808904655665738,12.594546311739728,1.9376225094984199,sintetico,59.5081477432485,2.714166666666667,2.369423437750962,24.760671737828776,21.925016055234323,11.45225667792447,0.5359285035555178,9.190461569951898,0.1610761278344638,3.5310144022536134,9.593910781534204,11.947681201298563,5.452785066001405,10.91334923767435,3.1551535817118443,2.734717656258005,2.907226013829182,48.84348320269228,13.468382873043627
S099-10,S099,particular,2,10,67.88544333232153,0.05608821297211649,0.8739871377904764,0.11089052532062821,0.9980825128377209,0.9533109744091143,plano,39.10052494838527,1488.043818153609,0.6892659103045805,0.808904655665738,12.594546311739728,1.9376225094984199,sintetico,58.58466908059618,2.946111111111111,2.8164364942132893,23.03208569292849,19.885424164637588,13.66207806901754,0.5982419979012804,5.138600792004526,0.21888861228588108,2.967930824018397,13.368745190384447,16.917047848446455,5.60395236363791,10.454169714348687,4.601781667212614,3.9071516813978753,3.8762724036040033,63.706398418665785,19.2941695342087
S100-01,S100,particular,1,1,77.34680375589687,0.06368682181049172,0.4124063038459897,0.10475210510352344,0.9592036304989164,0.6595105419948653,intermedio,97.79457595032545,1514.3946729881925,0.6603299525647192,0.7476089205589459,13.032292021536396,2.0049680033132917,sintetico,83.1815281898932,2.4775,1.1541023841356197,36.367156950226295,33.57478433497203,7.680233210001121,0.5753654177200745,19.508913555331315,0.17506941483142222,3.834486146994417,12.344353497939949,16.29196391270664,5.943713729303485,13.994874581491805,4.885232833981107,4.018451487589606,3.9679297778435747,48.91990263577458,18.944539906253386
S100-02,S100,particular,1,2,77.34680375589687,0.06368682181049172,0.4124063038459897,0.10475210510352344,0.9592036304989164,1.203290511672713,intermedio,97.79457595032545,1514.3946729881925,0.6603299525647192,0.7476089205589459,13.032292021536396,2.0049680033132917,sintetico,71.33886909940715,2.2980555555555555,1.4297955839174867,33.16705431697822,31.04314381214381,6.406382207179984,0.6012390993118591,16.31814335791128,0.1556209975460429,3.334980380757643,10.431650710322346,13.540664392121295,5.525498799528152,12.910846909513237,3.7699165980991904,3.132669801565073,3.246336000225102,45.90837504637505,15.550046183588877
S100-03,S100,particular,1,3,77.34680375589687,0.06368682181049172,0.4124063038459897,0.10475210510352344,0.9592036304989164,0.9112428118233042,intermedio,97.79457595032545,1514.3946729881925,0.6603299525647192,0.7476089205589459,13.032292021536396,2.0049680033132917,sintetico,88.93291374213788,2.6444444444444444,1.0682209319651181,35.77154638718514,33.63009343190088,5.987394957983193,0.5617772684466753,18.9390756302521,0.1785716131711297,2.4231711764408153,12.69066293666851,16.610923661313624,6.486625904379743,13.71019618721819,5.36455842473914,4.455890021835949,4.3888721684607015,50.67970163820553,19.093783764710462
S100-04,S100,particular,1,4,77.34680375589687,0.06368682181049172,0.4124063038459897,0.10475210510352344,0.9592036304989164,0.6910228859025911,intermedio,97.79457595032545,1514.3946729881925,0.6603299525647192,0.7476089205589459,13.032292021536396,2.0049680033132917,sintetico,84.49578141903964,2.7802777777777776,1.53853834850395,33.71156651801262,30.391129294489232,9.851133979418524,0.5705849679824153,15.83574782695574,0.17146251944681556,3.2715745177701936,11.605137282408462,15.001227932081942,6.381959993388561,13.2397855057966,4.787682527003223,3.981138147306295,3.877874986627313,47.24267361099596,17.26773538423228
S100-05,S100,particular,1,5,77.34680375589687,0.06368682181049172,0.4124063038459897,0.10475210510352344,0.9592036304989164,1.3415722204914196,intermedio,97.79457595032545,1514.3946729881925,0.6603299525647192,0.7476089205589459,13.032292021536396,2.0049680033132917,sintetico,71.24416993961512,1.6697222222222223,0.8842828831242938,45.963026003367354,42.668276789654705,7.170187988687407,0.5450154299961522,29.512560306105474,0.12607015305943675,3.251346199565204,7.183992246318152,9.34699972801942,5.123158711325589,13.906297648385967,2.508131018624219,2.0706687558708867,2.2879379707528478,27.50621246249291,10.742773343006267
S100-06,S100,particular,2,6,77.34680375589687,0.06368682181049172,0.4124063038459897,0.10475210510352344,0.9592036304989164,1.024728096763634,intermedio,97.79457595032545,1514.3946729881925,0.6603299525647192,0.7476089205589459,13.032292021536396,2.0049680033132917,sintetico,73.08399191978884,1.7633333333333334,0.9304363132576471,43.83525482053999,41.44649825318838,5.450535601764335,0.5907020355382121,23.361688720856964,0.14505348811070565,3.085684316614917,9.336111303663365,12.240006535822074,5.184321009162019,14.097119331659972,3.194039777270954,2.680151214741714,2.861546930240739,33.78116686548416,14.085734965730618
S100-07,S100,particular,2,7,77.34680375589687,0.06368682181049172,0.4124063038459897,0.10475210510352344,0.9592036304989164,1.2102764927268368,intermedio,97.79457595032545,1514.3946729881925,0.6603299525647192,0.7476089205589459,13.032292021536396,2.0049680033132917,sintetico,81.05919118935478,2.7880555555555557,1.4803996713917271,31.728580157815788,29.073736004949406,8.369034572083292,0.5883977290924681,12.025505629172063,0.2012308137177846,3.1552027140145746,13.493818096576389,17.47215515891351,6.489050956726557,12.491686647232862,5.563675208425376,4.677772155950518,4.545072281006403,54.51145346168635,20.042597348685764
S100-08,S100,particular,2,8,77.34680375589687,0.06368682181049172,0.4124063038459897,0.10475210510352344,0.9592036304989164,0.6650735222972775,intermedio,97.79457595032545,1514.3946729881925,0.6603299525647192,0.7476089205589459,13.032292021536396,2.0049680033132917,sintetico,82.69339941349773,2.3319444444444444,1.1004505878995998,38.96492489793471,35.46113613920093,8.993448481238833,0.5665778152454835,20.59559261465158,0.17315835546863537,3.167672782432437,11.375893591439269,15.042741945420794,6.040022360838589,13.690909482331236,4.715620435875568,3.7862828535788315,3.76565233439197,43.388700869403664,17.55515632287922
S100-09,S100,particular,2,9,77.34680375589687,0.06368682181049172,0.4124063038459897,0.10475210510352344,0.9592036304989164,1.558140031104331,intermedio,97.79457595032545,1514.3946729881925,0.6603299525647192,0.7476089205589459,13.032292021536396,2.0049680033132917,sintetico,80.93830322063748,2.9811111111111113,1.8285532820789758,30.54771747050077,27.150381251797885,11.125605665300037,0.6043956873996885,11.647409616101378,0.21546310263756233,3.7548583372582383,13.65721612423909,17.949336563350204,7.025245110736098,11.52106466676105,6.353744416463113,5.182695991472544,5.002310262293958,59.394321676415096,20.6909945893435
S100-10,S100,particular,2,10,77.34680375589687,0.06368682181049172,0.4124063038459897,0.10475210510352344,0.9592036304989164,1.4609966251576827,intermedio,97.79457595032545,1514.3946729881925,0.6603299525647192,0.7476089205589459,13.032292021536396,2.0049680033132917,sintetico,78.07269598564058,3.243888888888889,1.9981377359978973,27.105245589951956,24.067623355737805,11.20911114916938,0.5855673735746662,7.689672889193355,0.21187370118158066,3.467491807053326,13.927578563244573,17.81491360290626,6.959922858801919,11.217465706089738,5.997721617904606,5.095329334311999,4.889391919839405,61.9603377820208,20.22843942781896
S101-01,S101,particular,1,1,98.53901041331346,0.17355331386415512,0.4706792918047517,0.14262033152173292,0.9526590061289778,0.6544158906850303,plano,12.878782811779843,1415.1737538098425,0.6190518057208937,0.7318057585636953,12.057985945692783,1.855074760875813,sintetico,112.43719554063907,3.665,1.2184579964063849,33.11157815081208,30.678634526777373,7.351826587842959,0.5621287145632473,14.271638623616795,0.17727554983141336,1.9329296468623636,13.234820596186713,16.77240647245143,7.6255622498254105,14.74477446475679,6.194082472183081,5.322722156642123,5.078611550878886,52.06779944388644,19.006808902356504
S101-02,S101,particular,1,2,98.53901041331346,0.17355331386415512,0.4706792918047517,0.14262033152173292,0.9526590061289778,0.8948868623311439,plano,12.878782811779843,1415.1737538098425,0.6190518057208937,0.7318057585636953,12.057985945692783,1.855074760875813,sintetico,90.98970215738738,2.526111111111111,0.9891229212326086,39.33183745171549,36.019675364701406,8.423136133714538,0.5721667455117869,22.751264570046185,0.14395346982256887,1.7045236946913047,10.047867126756769,12.990262918316853,6.010043029970685,15.139609101572638,3.929328479685534,3.3048013813495136,3.408162911820806,39.556769157406485,14.839408370229686
S101-03,S101,particular,1,3,98.53901041331346,0.17355331386415512,0.4706792918047517,0.14262033152173292,0.9526590061289778,1.2235759086686233,plano,12.878782811779843,1415.1737538098425,0.6190518057208937,0.7318057585636953,12.057985945692783,1.855074760875813,sintetico,110.30250720889303,4.3838888888888885,1.822261389030281,27.48255640785392,25.160881127361233,8.452667595995438,0.55707440096385,8.554048916487138,0.19362649538895418,1.8841186470386981,13.088159862901353,16.599494181009618,8.836404879123101,12.482735763895773,7.124624750928772,6.081186641865637,5.699246955574435,58.9851948269195,18.832278940490802
S101-04,S101,particular,1,4,98.53901041331346,0.17355331386415512,0.4706792918047517,0.14262033152173292,0.9526590061289778,0.43776900797527235,plano,12.878782811779843,1415.1737538098425,0.6190518057208937,0.7318057585636953,12.057985945692783,1.855074760875813,sintetico,107.979885469484,3.2775,1.3243207230518221,35.30299385948985,32.945807923564914,6.678532078989745,0.560136797391456,15.95050428002373,0.1650014297934838,1.847040805393579,11.917686291493638,15.161540948601937,7.165853547499753,15.068670431753297,5.357543604080995,4.55461678769514,4.3817208277305415,45.56054412436551,17.23118641000683
S101-05,S101,particular,1,5,98.53901041331346,0.17355331386415512,0.4706792918047517,0.14262033152173292,0.9526590061289778,0.7869488660323698,plano,12.878782811779843,1415.1737538098425,0.6190518057208937,0.7318057585636953,12.057985945692783,1.855074760875813,sintetico,109.44808153234207,3.193611111111111,1.2425982995399676,37.032800967643034,34.27094837926689,7.462816386883535,0.5654047724902769,21.3881882230147,0.1539111678482145,5.238379234109568,10.925565543627169,14.04543868559946,7.492497285213511,14.607690515729452,5.260078088495306,4.431084194469626,4.306860048637287,41.14059445359818,16.13429098936816
S101-06,S101,particular,2,6,98.53901041331346,0.17355331386415512,0.4706792918047517,0.14262033152173292,0.9526590061289778,1.259156394323179,plano,12.878782811779843,1415.1737538098425,0.6190518057208937,0.7318057585636953,12.057985945692783,1.855074760875813,sintetico,102.84153406696265,3.287777777777778,1.0890541551730846,33.72054483064854,31.27995290985684,7.240621831699899,0.5701126056013731,15.520446096654275,0.17453685744739844,2.414363828572171,11.78700083773785,15.059337568240588,7.4465771363448665,13.810577958699849,5.555554432669238,4.6823336235065485,4.559651493295255,48.38988883778787,17.274179452373936
S101-07,S101,particular,2,7,98.53901041331346,0.17355331386415512,0.4706792918047517,0.14262033152173292,0.9526590061289778,1.0690291345937735,plano,12.878782811779843,1415.1737538098425,0.6190518057208937,0.7318057585636953,12.057985945692783,1.855074760875813,sintetico,97.56887813519134,2.4255555555555555,0.9019269431187605,43.234939467804686,40.22537348679442,6.9628950984883184,0.5484114025827096,28.676133760879523,0.1411772539434256,1.5187339584234791,9.481047820485317,12.721642857119742,6.324843772895403,15.42629061500534,4.1648701854436645,3.408662459180768,3.4513429862431035,38.92363421390133,14.792646155505127
S101-08,S101,particular,2,8,98.53901041331346,0.17355331386415512,0.4706792918047517,0.14262033152173292,0.9526590061289778,0.7771061405820396,plano,12.878782811779843,1415.1737538098425,0.6190518057208937,0.7318057585636953,12.057985945692783,1.855074760875813,sintetico,99.52469996536348,3.3313888888888887,1.446877006915015,32.573431458098554,29.874836977846122,8.2881680980572,0.5989602475348221,11.38997748686734,0.1973692434846805,1.412925722602109,14.364467828429799,18.33722240372094,7.054523375691953,14.107926881112853,6.282333388633075,5.3407737565434115,5.129759444947865,55.920233850005296,20.77321756056834
S101-09,S101,particular,2,9,98.53901041331346,0.17355331386415512,0.4706792918047517,0.14262033152173292,0.9526590061289778,1.3212941812747578,plano,12.878782811779843,1415.1737538098425,0.6190518057208937,0.7318057585636953,12.057985945692783,1.855074760875813,sintetico,94.65789196985567,2.6483333333333334,1.1092577471875016,39.29452024505954,35.74243875513744,9.041325781413887,0.5700377129443456,20.495070274805958,0.16581054554097438,2.8815976442197937,11.369763253370728,14.93545182481184,6.488956608320023,14.587536592321644,4.845724483915388,4.051440561973667,4.0307650259585905,45.40235422540202,17.198797898042848
S101-10,S101,particular,2,10,98.53901041331346,0.17355331386415512,0.4706792918047517,0.14262033152173292,0.9526590061289778,1.1901777887677778,plano,12.878782811779843,1415.1737538098425,0.6190518057208937,0.7318057585636953,12.057985945692783,1.855074760875813,sintetico,108.11912445081576,3.5508333333333333,1.4983473166552979,33.625587887351145,30.44894375521683,9.45005084878354,0.5807241732144799,17.069545490104044,0.17664384911932282,4.1870466415769645,12.24114655262033,15.693714753772042,7.745152451271408,13.95958635172732,6.001482130003669,5.078699465671637,4.86864360434461,50.72022508250295,17.93723513451289
S102-01,S102,particular,1,1,70.9822005356906,0.16994731779412312,0.6478400185539203,0.10916659339561971,0.9943359516075158,0.7465525446702165,plano,39.17112992688893,1240.3676017484713,0.7132956402048992,0.5847620705773849,9.48340539008488,1.458985444628443,sintetico,73.73976482540589,2.341388888888889,1.5324160616398876,35.80536829485421,31.49402697490345,12.041760588444655,0.6127817949851186,19.076996084944835,0.18290342136344806,2.279345356123692,11.453662823537167,15.078410333270542,4.854137062055734,15.191117161033974,3.680026572024718,3.1005309060149973,3.181496988677073,41.6518682678758,17.40097589000688
S102-02,S102,particular,1,2,70.9822005356906,0.16994731779412312,0.6478400185539203,0.10916659339561971,0.9943359516075158,1.1204555952810442,plano,39.17112992688893,1240.3676017484713,0.7132956402048992,0.5847620705773849,9.48340539008488,1.458985444628443,sintetico,69.62068524823987,2.635,2.025260157914989,29.904950540145272,26.421512428174523,11.648745519713263,0.6148684463187313,12.091503267973856,0.2048207900314134,2.2711715699636645,13.404613665771697,16.900380297805107,4.8133848729107,14.463976408796825,4.0026086277157376,3.4215544588252382,3.4951561883919027,52.68631550958128,19.148681136796274
S102-03,S102,particular,1,3,70.9822005356906,0.16994731779412312,0.6478400185539203,0.10916659339561971,0.9943359516075158,1.354970430767406,plano,39.17112992688893,1240.3676017484713,0.7132956402048992,0.5847620705773849,9.48340539008488,1.458985444628443,sintetico,82.78046478149864,3.000277777777778,1.787861428304977,31.022948343576974,27.590933544430616,11.063790389778724,0.6053552667101422,14.915285621701694,0.19648096934121217,1.876508326875323,12.37121082148937,15.457355460910458,5.870817738457442,14.100329539995089,4.400271876061492,3.8298725008151626,3.8133684786700597,46.45857252108979,17.45126686745182
S102-04,S102,particular,1,4,70.9822005356906,0.16994731779412312,0.6478400185539203,0.10916659339561971,0.9943359516075158,1.2311552952378388,plano,39.17112992688893,1240.3676017484713,0.7132956402048992,0.5847620705773849,9.48340539008488,1.458985444628443,sintetico,70.729601590399,1.806111111111111,1.088653099531274,42.58663508114083,39.16126818293393,8.043678868040603,0.6018530415270679,29.03721931713319,0.15606554820089236,2.3497028043538046,9.882196190759997,13.175681466567477,4.418472162552132,16.0077056023694,2.989700039247283,2.49134453096633,2.67247767258218,36.17652746054879,15.319320527527934
S102-05,S102,particular,1,5,70.9822005356906,0.16994731779412312,0.6478400185539203,0.10916659339561971,0.9943359516075158,0.47051036239834276,plano,39.17112992688893,1240.3676017484713,0.7132956402048992,0.5847620705773849,9.48340539008488,1.458985444628443,sintetico,69.92886868386832,1.9083333333333334,1.086818669176214,38.80146844357675,36.643948655302175,5.560407569141193,0.5660186589614857,24.934497816593886,0.16791470810972997,3.415907195714055,11.306148901979048,14.496741627344234,4.122959016959894,16.960844965039474,3.0625785283050746,2.561906043479726,2.737459907632448,38.611516110951605,16.68725404399749
S102-06,S102,particular,2,6,70.9822005356906,0.16994731779412312,0.6478400185539203,0.10916659339561971,0.9943359516075158,1.4353032004575814,plano,39.17112992688893,1240.3676017484713,0.7132956402048992,0.5847620705773849,9.48340539008488,1.458985444628443,sintetico,78.63568639372683,2.3516666666666666,1.2589703802458032,36.02995963946268,33.438279118523106,7.193479801559177,0.5524044240451238,21.698558941648947,0.15611371809936145,6.223960405550227,9.958642396017613,12.440285878710098,5.102061430337966,15.412532261203667,3.226534039280546,2.742606945355615,2.9091410250045824,37.59716333339591,14.145409011871537
S102-07,S102,particular,2,7,70.9822005356906,0.16994731779412312,0.6478400185539203,0.10916659339561971,0.9943359516075158,0.84564510793291,plano,39.17112992688893,1240.3676017484713,0.7132956402048992,0.5847620705773849,9.48340539008488,1.458985444628443,sintetico,75.83323419248504,1.5894444444444444,0.791209825598417,51.9896185169738,47.71052832802274,8.231387626703949,0.5767348061715631,36.61307235232436,0.15115805428686968,2.4213811394481977,8.504589527050246,11.05513458271915,4.573349072994764,16.581553907676497,2.5750250342581604,2.191755528976805,2.4518204372934314,26.253589321250427,12.745087315121287
S102-08,S102,particular,2,8,70.9822005356906,0.16994731779412312,0.6478400185539203,0.10916659339561971,0.9943359516075158,0.4031825430030434,plano,39.17112992688893,1240.3676017484713,0.7132956402048992,0.5847620705773849,9.48340539008488,1.458985444628443,sintetico,73.66434379406014,2.1591666666666667,1.1538825383095843,37.738495575423144,34.11702530022083,9.59732407050045,0.5254331240145704,24.700887688151294,0.145499322946362,2.977369120347977,9.268082964500827,11.90523414117564,4.3032479065443905,17.11831281717031,2.611699461404753,2.2323617714299475,2.4553847503942268,33.190435102811804,13.693789352408299
S102-09,S102,particular,2,9,70.9822005356906,0.16994731779412312,0.6478400185539203,0.10916659339561971,0.9943359516075158,1.422014901491786,plano,39.17112992688893,1240.3676017484713,0.7132956402048992,0.5847620705773849,9.48340539008488,1.458985444628443,sintetico,82.98972739580364,2.6347222222222224,1.4459620939310107,34.45542828103946,31.498473234042496,8.581971534001054,0.5680409438938546,18.650500790722194,0.1597963440569996,3.942720098950061,10.410568568256918,13.195744319501495,5.413876415830419,15.329076805879412,3.538583594207563,3.0523336057145225,3.1755538010131628,40.165824983944084,15.0245161347627
S102-10,S102,particular,2,10,70.9822005356906,0.16994731779412312,0.6478400185539203,0.10916659339561971,0.9943359516075158,1.1507916100093973,plano,39.17112992688893,1240.3676017484713,0.7132956402048992,0.5847620705773849,9.48340539008488,1.458985444628443,sintetico,65.87456873060155,1.7869444444444444,0.9867237274193299,40.08576251072677,36.864363039043305,8.03668583864449,0.5339417973538464,22.120317114876418,0.14147682396713016,1.7847649347133587,8.036945578661639,10.24126319954194,4.042734255917575,16.294558227312933,2.091678941960934,1.8071716471382004,2.1382437921947233,29.244935137908186,11.686361755450754
S103-01,S103,particular,1,1,66.82548956615513,0.12430355308252894,0.5010023794062586,0.16364541657063175,1.0245566787780178,0.9821764914968528,plano,37.951400058231926,1319.0691074676217,0.631604184386624,0.5947375594366792,9.385304808684136,1.443893047489867,sintetico,60.83085792161301,2.586388888888889,2.4494147393417047,27.16673967470622,23.51960997935848,13.424981205026313,0.6337177711335854,9.655246482654924,0.22844807945973536,2.1538895974182677,15.438672091958479,19.633843504662174,4.49194824386677,13.542199201575938,4.310479150617274,3.6671153478618392,3.655881471630535,59.92184184920831,22.451632806655805
S103-02,S103,particular,1,2,66.82548956615513,0.12430355308252894,0.5010023794062586,0.16364541657063175,1.0245566787780178,1.5946228969595588,plano,37.951400058231926,1319.0691074676217,0.631604184386624,0.5947375594366792,9.385304808684136,1.443893047489867,sintetico,68.70294591042445,2.242777777777778,1.4992079107392626,33.894834216462655,30.63297068089274,9.623482784245727,0.6262771581158211,15.853356452811493,0.199091379092223,2.352250100828778,13.441608192521132,17.416162075340964,4.71452472168593,14.572613352604513,4.028572595052708,3.4317199492676145,3.50941129917784,51.54056928420669,19.82223077882303
S103-03,S103,particular,1,3,66.82548956615513,0.12430355308252894,0.5010023794062586,0.16364541657063175,1.0245566787780178,0.7404416875245673,plano,37.951400058231926,1319.0691074676217,0.631604184386624,0.5947375594366792,9.385304808684136,1.443893047489867,sintetico,69.3520418054582,2.1025,1.4274994278857471,38.21049135286953,32.985513343856454,13.674197384066588,0.6305820859010632,21.16527942925089,0.18336259319031567,2.7775043183537527,12.18673738131025,15.839513104992598,4.350588063162045,15.940843122493316,3.5196436791679955,2.9181060415300344,2.9657235015579446,43.18235781215131,18.337456891479047
S103-04,S103,particular,1,4,66.82548956615513,0.12430355308252894,0.5010023794062586,0.16364541657063175,1.0245566787780178,1.502182495810728,plano,37.951400058231926,1319.0691074676217,0.631604184386624,0.5947375594366792,9.385304808684136,1.443893047489867,sintetico,58.34866052658777,2.0383333333333336,1.5253135067161536,31.55403002789785,28.625671558424088,9.280457890433361,0.5829019109015733,11.310983919324066,0.19269139270316693,2.3741384513860297,13.528148725203456,17.15233949662152,3.997655297525965,14.595720787307025,3.3442885145546617,2.8733475554363257,3.0209615420447378,53.66161331361096,19.53503471824609
S103-05,S103,particular,1,5,66.82548956615513,0.12430355308252894,0.5010023794062586,0.16364541657063175,1.0245566787780178,1.5579601722719412,plano,37.951400058231926,1319.0691074676217,0.631604184386624,0.5947375594366792,9.385304808684136,1.443893047489867,sintetico,64.72839002603723,2.29,1.699408867666137,31.903368578003022,28.26567250045294,11.402231926249394,0.6267446301093627,12.979136341581757,0.2004208926936959,2.2595789492511753,13.3844299663564,16.96708256311106,4.655130733556836,13.90474161325655,3.846253331977251,3.296664683042414,3.3913054831507514,50.4774393104704,19.307591894178405
S103-06,S103,particular,2,6,66.82548956615513,0.12430355308252894,0.5010023794062586,0.16364541657063175,1.0245566787780178,0.6268919509695838,plano,37.951400058231926,1319.0691074676217,0.631604184386624,0.5947375594366792,9.385304808684136,1.443893047489867,sintetico,60.6107880439822,2.02,1.4023906097099377,32.62542418635405,30.005340615832772,8.030803080308031,0.5831995493515956,13.572607260726071,0.18559364104481418,2.663054378635738,12.774956460707033,16.3469523575468,3.82717855511102,15.836937621590529,3.200044983530667,2.6481711547978923,2.8449311651084153,47.51185541358795,18.811212727570982
S103-07,S103,particular,2,7,66.82548956615513,0.12430355308252894,0.5010023794062586,0.16364541657063175,1.0245566787780178,0.6636593969081461,plano,37.951400058231926,1319.0691074676217,0.631604184386624,0.5947375594366792,9.385304808684136,1.443893047489867,sintetico,63.47577675916,2.341111111111111,1.8589768573879133,30.951211747660302,27.113525905668723,12.399145704793545,0.6177143668367701,11.532985287138112,0.20879021087342703,2.1911089893069233,14.483359563672758,18.356103462361027,4.413414654443475,14.382463858285305,3.9815983399190498,3.3873160532948763,3.454360222474414,50.69810714604661,20.933326441416778
S103-08,S103,particular,2,8,66.82548956615513,0.12430355308252894,0.5010023794062586,0.16364541657063175,1.0245566787780178,1.001667518847265,plano,37.951400058231926,1319.0691074676217,0.631604184386624,0.5947375594366792,9.385304808684136,1.443893047489867,sintetico,72.4529996055543,2.483888888888889,1.6286420250701952,33.273478578899784,29.16917899574988,12.335048087676135,0.6162955861400504,13.699396108253186,0.1999875018112323,1.930641153008185,13.507997267823292,17.423814741761387,4.893969194752877,14.804547540518964,4.25200758736501,3.5722235260890844,3.610562430763959,50.024676068243636,19.938687190153388
S103-09,S103,particular,2,9,66.82548956615513,0.12430355308252894,0.5010023794062586,0.16364541657063175,1.0245566787780178,1.3680018114857262,plano,37.951400058231926,1319.0691074676217,0.631604184386624,0.5947375594366792,9.385304808684136,1.443893047489867,sintetico,67.31610650291799,1.951111111111111,1.1735675769746954,37.835750727635414,34.501421328374825,8.812642369020502,0.6364623773079875,21.73974943052392,0.1962870546532984,2.2558296765068473,13.175463615845553,17.401481906151833,4.480706744470507,15.023546583580947,3.9630691122558446,3.266015382682712,3.358905663025798,48.70900731366802,20.175208179353415
S103-10,S103,particular,2,10,66.82548956615513,0.12430355308252894,0.5010023794062586,0.16364541657063175,1.0245566787780178,1.395109123550729,plano,37.951400058231926,1319.0691074676217,0.631604184386624,0.5947375594366792,9.385304808684136,1.443893047489867,sintetico,76.54720272386876,2.786111111111111,1.842000686930833,30.3457691670441,27.474569272774435,9.461615154536391,0.593919677823762,12.502492522432702,0.19952101204135864,2.8153929582843884,14.232046352615669,17.81259972399281,5.265907052297543,14.536375588032987,4.630085851868591,3.914317753355305,3.8974505525437317,56.35816903462865,20.16424604203009
S104-01,S104,particular,1,1,60.892113148165826,0.15504593458967728,0.6268503117939404,0.08284452922912974,1.0190213949732372,0.6708160954769306,piedemonte,299.7141402988235,1480.2931014661804,0.6225468042788117,0.7788323974579386,12.45022326971003,1.9154189645707738,sintetico,54.38595850120894,2.0747222222222224,1.8938711909933594,29.615708758788713,26.213609667204736,11.487481590574374,0.5659732985127522,11.045655375552283,0.19823688796366026,12.842166990143514,15.247639583479884,19.642335126188538,4.414293746637794,12.320421254845744,4.27991839426735,3.5896535303728787,3.6396801923795965,58.4227782548662,22.5528052911388
S104-02,S104,particular,1,2,60.892113148165826,0.15504593458967728,0.6268503117939404,0.08284452922912974,1.0190213949732372,0.7223494473518763,piedemonte,299.7141402988235,1480.2931014661804,0.6225468042788117,0.7788323974579386,12.45022326971003,1.9154189645707738,sintetico,58.174000599624236,1.6088888888888888,1.3408051568745614,39.52187245869923,36.15787330087142,8.511740331491712,0.6213860208109548,26.46754143646409,0.20355624667972735,14.582067908156558,12.908245880178495,17.54348339170787,4.571548140743702,12.725229792759103,4.199464750870919,3.374829114962191,3.463168898849373,45.54476138633052,20.656043840056807
S104-03,S104,particular,1,3,60.892113148165826,0.15504593458967728,0.6268503117939404,0.08284452922912974,1.0190213949732372,1.1451378596267807,piedemonte,299.7141402988235,1480.2931014661804,0.6225468042788117,0.7788323974579386,12.45022326971003,1.9154189645707738,sintetico,71.39613692134016,2.174166666666667,1.0504770038556899,35.32519143991542,32.83839183810203,7.039734253226013,0.5975890203501139,18.474511307014183,0.18812597622322713,12.625167273823424,14.048579620897085,18.421028454179787,5.512110597176518,12.952595138042328,5.364998903137636,4.227575229984228,3.8381418071355005,53.57599010527165,21.536316630426306
S104-04,S104,particular,1,4,60.892113148165826,0.15504593458967728,0.6268503117939404,0.08284452922912974,1.0190213949732372,1.5555172114548204,piedemonte,299.7141402988235,1480.2931014661804,0.6225468042788117,0.7788323974579386,12.45022326971003,1.9154189645707738,sintetico,59.82873889334877,1.908611111111111,1.454150657514058,34.527646684202566,31.346741379137764,9.212632804540824,0.5904821053131664,18.818221510697132,0.18376968048112854,14.653058773272594,12.655240315705582,16.37108095170773,4.999203195829963,11.96765495414436,4.131608708789676,3.440818587459521,3.500228581949672,46.25383613776747,18.899954661304896
S104-05,S104,particular,1,5,60.892113148165826,0.15504593458967728,0.6268503117939404,0.08284452922912974,1.0190213949732372,1.139597993157289,piedemonte,299.7141402988235,1480.2931014661804,0.6225468042788117,0.7788323974579386,12.45022326971003,1.9154189645707738,sintetico,55.019291806075415,1.251111111111111,0.8360703762261172,48.64181004466393,43.976343361872004,9.591474245115453,0.5893358357345693,29.28507992895204,0.13938294313965732,12.829191208009414,7.936193314989975,10.373783859503918,3.9899376578654286,13.789511647535392,2.077118042494523,1.782008625858147,2.134328363184635,26.50337787961996,11.856631300863485
S104-06,S104,particular,2,6,60.892113148165826,0.15504593458967728,0.6268503117939404,0.08284452922912974,1.0190213949732372,1.2396217874506403,piedemonte,299.7141402988235,1480.2931014661804,0.6225468042788117,0.7788323974579386,12.45022326971003,1.9154189645707738,sintetico,63.88753383830414,1.8005555555555555,1.29915798925763,38.69366114029187,35.48212308205722,8.29990743597655,0.5941289333683184,22.23079296513422,0.18869066737361345,14.0567009548217,12.460308909975755,16.237364211386517,5.102104094583688,12.52180133018574,4.194685083628167,3.495994522627922,3.558348496910233,43.02326060049884,18.741455910504143
S104-07,S104,particular,2,7,60.892113148165826,0.15504593458967728,0.6268503117939404,0.08284452922912974,1.0190213949732372,1.1293056680904092,piedemonte,299.7141402988235,1480.2931014661804,0.6225468042788117,0.7788323974579386,12.45022326971003,1.9154189645707738,sintetico,83.36720993859493,2.8755555555555556,1.5833563351493485,32.73581542091424,28.991688154843676,11.437403400309119,0.5732445699626115,13.823415765069551,0.17349442771625337,13.64101773817518,11.855075691954276,15.083289119626135,7.035782660268071,11.849031438873148,5.240830935951341,4.447611816710498,4.371162840220364,42.91544166205308,17.12450407194676
S104-08,S104,particular,2,8,60.892113148165826,0.15504593458967728,0.6268503117939404,0.08284452922912974,1.0190213949732372,1.3890920639387292,piedemonte,299.7141402988235,1480.2931014661804,0.6225468042788117,0.7788323974579386,12.45022326971003,1.9154189645707738,sintetico,71.02916180123577,2.8533333333333335,1.7879980106676472,27.772888289828263,24.8933978275359,10.367990654205608,0.5762375503425989,7.340342679127726,0.19632991364468358,12.732374909439121,14.900457803188546,19.143336460434824,6.040238496640498,11.759330668936544,5.722378346635482,4.77524117076349,4.347262214380257,62.335002234558,22.007541674647843
S104-09,S104,particular,2,9,60.892113148165826,0.15504593458967728,0.6268503117939404,0.08284452922912974,1.0190213949732372,0.443606394309052,piedemonte,299.7141402988235,1480.2931014661804,0.6225468042788117,0.7788323974579386,12.45022326971003,1.9154189645707738,sintetico,83.33565187812626,1.8280555555555555,0.7679786328856758,48.82153730858495,45.587045549499244,6.625132958516942,0.5851872080143954,35.55690624525148,0.1479606490710973,13.594213490806244,10.064690840670641,13.764879382159037,5.603953608490263,14.870867551770715,4.258408923570189,3.304737528413228,3.414076559020602,36.27668502504172,16.410030697525574
S104-10,S104,particular,2,10,60.892113148165826,0.15504593458967728,0.6268503117939404,0.08284452922912974,1.0190213949732372,0.6086158023208948,piedemonte,299.7141402988235,1480.2931014661804,0.6225468042788117,0.7788323974579386,12.45022326971003,1.9154189645707738,sintetico,67.22151713595288,2.0597222222222222,1.2793522619560695,35.90466790644368,32.63620521772493,9.103169251517194,0.6169250701760497,17.639919082939986,0.1866465333422898,13.539988418284075,13.854360663642234,17.864675407537877,5.13096683567098,13.101140445621741,4.642559254688893,3.8319774789786973,3.724740056421554,47.95994825627754,20.530529377070398
S105-01,S105,particular,1,1,58.865195504475324,0.06081232100749747,0.6607979214195614,0.10044605110246158,0.9750709045121564,1.3523908903883228,plano,27.106032288849267,1338.6386997383904,0.6865023346427856,0.6789457296145855,10.356264966969125,1.5932715333798653,sintetico,53.46205627600059,2.7605555555555554,2.992776768143594,22.475669019685057,19.36641201384606,13.835781847454214,0.5933603690772559,4.397263030790904,0.21662479800020867,2.540977737072498,13.130776184432435,16.35472540635436,4.6564055007129355,11.481400463901842,3.6877978404867306,3.179344145381334,3.2772251408988806,63.25004910385332,18.462630482334585
S105-02,S105,particular,1,2,58.865195504475324,0.06081232100749747,0.6607979214195614,0.10044605110246158,0.9750709045121564,1.0412694856768059,plano,27.106032288849267,1338.6386997383904,0.6865023346427856,0.6789457296145855,10.356264966969125,1.5932715333798653,sintetico,70.47109940365293,2.1502777777777777,1.2345486410204958,36.39213616078186,32.77302129610523,9.9470352667614,0.5524597918673426,19.932825216380312,0.16395697380305607,3.0153226920602303,10.375020463851204,13.074542537542241,4.869289505178139,14.472563056419625,3.124655631605343,2.6907474770261235,2.8391199123716087,36.782799769021544,14.851043580927104
S105-03,S105,particular,1,3,58.865195504475324,0.06081232100749747,0.6607979214195614,0.10044605110246158,0.9750709045121564,0.9061171537203612,plano,27.106032288849267,1338.6386997383904,0.6865023346427856,0.6789457296145855,10.356264966969125,1.5932715333798653,sintetico,51.925585414602246,1.6375,1.4058580065516473,35.423533751418795,31.710281169222746,10.483460559796438,0.5858495336733086,18.37150127226463,0.16787595501432898,2.301933647837333,11.177029803080732,14.424289596070665,3.4248787492642405,15.161291600690188,2.478551695065096,2.0964612082710072,2.3705455549538907,43.23606808551572,16.40824677347907
S105-04,S105,particular,1,4,58.865195504475324,0.06081232100749747,0.6607979214195614,0.10044605110246158,0.9750709045121564,1.1259994505904467,plano,27.106032288849267,1338.6386997383904,0.6865023346427856,0.6789457296145855,10.356264966969125,1.5932715333798653,sintetico,66.6086774671509,2.5211111111111113,1.711488717910979,28.806570818765408,26.420365676701543,8.285588364918468,0.5705358854848259,12.130894667254296,0.18511559182323728,4.768406944567626,12.77942717521156,16.24320493132108,4.80729643656752,13.855745811820682,3.8441539646909426,3.276317855754275,3.356375406559464,52.73276873131903,18.492485679005593
S105-05,S105,particular,1,5,58.865195504475324,0.06081232100749747,0.6607979214195614,0.10044605110246158,0.9750709045121564,1.5768173167360904,plano,27.106032288849267,1338.6386997383904,0.6865023346427856,0.6789457296145855,10.356264966969125,1.5932715333798653,sintetico,66.21967677738215,1.6033333333333333,0.8003663348913018,44.40036116313131,41.301253707306955,6.981981981981981,0.5025116383915316,30.838530838530836,0.13424551237773327,2.8191858230325675,7.954547818144437,9.858252400640128,4.217580727303442,15.700867644025022,2.163745183505728,1.8217286749584072,2.1197931109186783,28.816095773970243,11.19975186263706
S105-06,S105,particular,2,6,58.865195504475324,0.06081232100749747,0.6607979214195614,0.10044605110246158,0.9750709045121564,0.9818594649987226,plano,27.106032288849267,1338.6386997383904,0.6865023346427856,0.6789457296145855,10.356264966969125,1.5932715333798653,sintetico,59.24394183787268,2.2913888888888887,1.941126745325449,28.59978609919813,25.855035836627675,9.601163777427567,0.567012031741394,11.007394835737665,0.19535398200730367,1.4676466201119038,13.62228290418873,16.941421437336327,4.266986121130053,13.8842593240455,3.4797684677424865,3.0217101631219707,3.156767401721142,53.964491630156644,19.120760759006675
S105-07,S105,particular,2,7,58.865195504475324,0.06081232100749747,0.6607979214195614,0.10044605110246158,0.9750709045121564,0.8896405124805752,plano,27.106032288849267,1338.6386997383904,0.6865023346427856,0.6789457296145855,10.356264966969125,1.5932715333798653,sintetico,64.22236491383073,2.9025,2.475773045937121,25.0130025310286,22.12656844576425,11.541774332472007,0.5905185012839803,7.474399464063547,0.20506907622471035,3.5407512854039904,14.15237628899911,17.678997565816953,5.000377914927551,12.843502232523004,4.241937873060341,3.679091998196079,3.6903162699526626,59.99482255888393,19.967194420059432
S105-08,S105,particular,2,8,58.865195504475324,0.06081232100749747,0.6607979214195614,0.10044605110246158,0.9750709045121564,1.2954969724932628,plano,27.106032288849267,1338.6386997383904,0.6865023346427856,0.6789457296145855,10.356264966969125,1.5932715333798653,sintetico,56.031258681510415,2.685277777777778,2.3201334943935197,23.28901375558184,20.86609405745707,10.406537705596358,0.5707565883567264,4.530878245577739,0.21076649048282065,3.5932732097420534,13.54085055359197,16.80884347204543,4.61905340966212,12.130463476413679,3.8045818937908704,3.243264991166106,3.3245850637370813,62.71218760265206,19.092011363174855
S105-09,S105,particular,2,9,58.865195504475324,0.06081232100749747,0.6607979214195614,0.10044605110246158,0.9750709045121564,1.0242564768410791,plano,27.106032288849267,1338.6386997383904,0.6865023346427856,0.6789457296145855,10.356264966969125,1.5932715333798653,sintetico,56.696312473106545,2.5027777777777778,2.2576424182915917,25.835756452411882,22.653354595247897,12.319644839067703,0.605510299195869,7.4472807991120975,0.2159335641861012,3.3208724035747887,14.045234412794505,17.58772177104921,4.472739075239023,12.675971372212606,3.877756187569652,3.27563020875527,3.363159374983874,59.849146468958686,20.027109552874947
S105-10,S105,particular,2,10,58.865195504475324,0.06081232100749747,0.6607979214195614,0.10044605110246158,0.9750709045121564,1.403864672695566,plano,27.106032288849267,1338.6386997383904,0.6865023346427856,0.6789457296145855,10.356264966969125,1.5932715333798653,sintetico,63.36782343395784,2.0033333333333334,1.6096497318754328,34.23104110829607,31.63119306187579,7.598447032723239,0.5873525224146109,19.633943427620633,0.17279534654965778,4.039478421413257,10.853432167955194,13.8822589043958,4.46967476745358,14.177278377249612,3.1136881848516875,2.632026809654924,2.8157992823978177,41.90727798209732,15.881354570480987
S106-01,S106,particular,1,1,75.89976770075887,0.1432708682065652,0.6315684255147243,0.1599997196436781,0.9827585762494527,1.218169694532274,intermedio,107.82581700825477,1211.8354496511693,0.6953847169944884,0.49823513870180663,8.421464839390271,1.295609975290811,sintetico,81.29013987061276,2.4469444444444446,1.3162727997554058,36.60748530974606,33.22108111411124,9.251901464411398,0.5949243618834716,18.708139402883415,0.17733663050004003,5.908618161499815,13.0893535260262,16.544651628049827,4.887354449873916,16.63274900651208,3.968628481080734,3.426058310128906,3.4632276091996435,44.43238530762715,18.78426972340011
S106-02,S106,particular,1,2,75.89976770075887,0.1432708682065652,0.6315684255147243,0.1599997196436781,0.9827585762494527,0.7553073463817845,intermedio,107.82581700825477,1211.8354496511693,0.6953847169944884,0.49823513870180663,8.421464839390271,1.295609975290811,sintetico,71.52206570340725,1.9469444444444444,1.2164078196619452,40.426475887188964,36.735545232168086,9.131117135112,0.598731390533815,26.1378227992581,0.16118768090572044,6.122689353507558,11.364513914815154,14.49888805701428,4.068802201763323,17.57816235756343,2.9749003164736743,2.5527435877580364,2.7337622130095065,36.82030228972885,16.580030142199263
S106-03,S106,particular,1,3,75.89976770075887,0.1432708682065652,0.6315684255147243,0.1599997196436781,0.9827585762494527,1.2772785539074563,intermedio,107.82581700825477,1211.8354496511693,0.6953847169944884,0.49823513870180663,8.421464839390271,1.295609975290811,sintetico,76.41179777569745,2.966666666666667,1.910699711955146,28.550002797570635,25.756785767089028,9.784644194756554,0.5794502785660011,11.722846441947565,0.1720440305749491,5.746255771612112,12.50031206983654,15.31071816435163,4.9256737421070245,15.51296366271536,3.6272090554311465,3.1975383049019532,3.2673971087300067,47.86115596731398,17.173967165347587
S106-04,S106,particular,1,4,75.89976770075887,0.1432708682065652,0.6315684255147243,0.1599997196436781,0.9827585762494527,1.336292344073646,intermedio,107.82581700825477,1211.8354496511693,0.6953847169944884,0.49823513870180663,8.421464839390271,1.295609975290811,sintetico,79.40482398451911,3.029166666666667,1.8764603020724442,29.600720802232924,26.21342194812185,11.444291609353508,0.6052952541196404,11.407611187528657,0.1876525414748832,5.620541731933503,13.679414531275883,16.849562217778733,5.156776793794817,15.398150270934247,4.243745315450523,3.6612989779042038,3.668973107985292,51.92739970465554,18.958444749172642
S106-05,S106,particular,1,5,75.89976770075887,0.1432708682065652,0.6315684255147243,0.1599997196436781,0.9827585762494527,0.6138333201525259,intermedio,107.82581700825477,1211.8354496511693,0.6953847169944884,0.49823513870180663,8.421464839390271,1.295609975290811,sintetico,81.83222708289917,2.6825,1.3442136908795823,33.3026166841935,30.50595604208729,8.398053225639432,0.5761664183218059,15.967691829760794,0.17875671495698303,5.68597226995962,13.700349110795198,17.125375446206554,4.793289770702665,17.072247036486402,4.022625035268442,3.48749609003628,3.55749264732172,45.757281513611474,19.415016662626382
S106-06,S106,particular,2,6,75.89976770075887,0.1432708682065652,0.6315684255147243,0.1599997196436781,0.9827585762494527,0.9337640201395919,intermedio,107.82581700825477,1211.8354496511693,0.6953847169944884,0.49823513870180663,8.421464839390271,1.295609975290811,sintetico,83.81866042053868,2.74,1.6225503881552725,34.32797534338626,30.590751978298783,10.888077858880779,0.6242254429645713,16.95052716950527,0.16876348483812756,6.673078829458379,12.710382107241593,15.978612687638563,4.999798478129751,16.76440776306894,3.8927540049395013,3.3998298482530225,3.483117321469266,43.94392590395882,18.047207894462378
S106-07,S106,particular,2,7,75.89976770075887,0.1432708682065652,0.6315684255147243,0.1599997196436781,0.9827585762494527,1.340605029062397,intermedio,107.82581700825477,1211.8354496511693,0.6953847169944884,0.49823513870180663,8.421464839390271,1.295609975290811,sintetico,77.78420778689414,2.191388888888889,1.1570472022621037,38.87021168884205,35.49539206906058,8.682976296108505,0.5901554568209749,22.334896691595894,0.1783091710922341,5.758669840811717,11.79784587638166,15.349655752912792,4.670427011990264,16.654624424533516,3.6263945186744784,3.044479325663917,3.151271884581515,42.99682822346719,17.762851809433435
S106-08,S106,particular,2,8,75.89976770075887,0.1432708682065652,0.6315684255147243,0.1599997196436781,0.9827585762494527,1.3668239140360394,intermedio,107.82581700825477,1211.8354496511693,0.6953847169944884,0.49823513870180663,8.421464839390271,1.295609975290811,sintetico,81.34124083469388,2.933611111111111,1.6473808196794308,30.72045643295677,27.72734277103475,9.743395511788657,0.5786099453279321,11.722374775115993,0.17115968778494267,6.367845205746188,12.928507209359271,15.980682471059525,5.120444049507319,15.885583368989337,3.944020635724474,3.47134271914286,3.54192331630681,48.416710026831744,17.9219208257015
S106-09,S106,particular,2,9,75.89976770075887,0.1432708682065652,0.6315684255147243,0.1599997196436781,0.9827585762494527,0.8603583149662367,intermedio,107.82581700825477,1211.8354496511693,0.6953847169944884,0.49823513870180663,8.421464839390271,1.295609975290811,sintetico,82.73892723903296,2.848611111111111,1.522862384183272,33.09557089561318,29.04535719751523,12.237932715748416,0.5625335373000092,15.416869819600196,0.18156263585131702,5.9453083868966115,11.654960234450433,15.122255306828764,5.174149339557735,15.990827053728827,3.9627878806273396,3.3491780458793334,3.417278842421181,42.52891665246605,17.393880135308194
S106-10,S106,particular,2,10,75.89976770075887,0.1432708682065652,0.6315684255147243,0.1599997196436781,0.9827585762494527,0.8595182840194037,intermedio,107.82581700825477,1211.8354496511693,0.6953847169944884,0.49823513870180663,8.421464839390271,1.295609975290811,sintetico,65.78827591267091,2.181111111111111,1.4288260133884352,32.75749947797695,30.162734753644333,7.921548650025471,0.5889507356865417,15.193581253183902,0.1819351667496338,6.487437198354592,13.232931714495363,16.417505054462985,3.982909213447981,16.517643859554205,3.230436058537569,2.791032346992776,2.9701665223979936,44.82216925444628,18.62748352002066
S107-01,S107,particular,1,1,72.45815501843074,0.16304758569316025,0.7121480039767796,0.17271516442327917,0.9689457700455202,0.710029667161534,plano,5.090574286264384,1374.6843228396726,0.6820066511878857,0.640049497273145,10.628999386695474,1.6352306748762269,sintetico,66.74787438104856,2.5819444444444444,2.067481568209785,28.584556047219046,25.851785666678303,9.56428187197418,0.5709125889493574,11.909628832705756,0.17716746756344165,1.5615415060891904,12.461799555667737,15.632661595629193,4.674350572361566,14.279603839668008,3.552774677613205,3.071302430549045,3.1989034951284245,50.20208679237309,17.713557542030216
S107-02,S107,particular,1,2,72.45815501843074,0.16304758569316025,0.7121480039767796,0.17271516442327917,0.9689457700455202,0.5483239955184982,plano,5.090574286264384,1374.6843228396726,0.6820066511878857,0.640049497273145,10.628999386695474,1.6352306748762269,sintetico,62.843679314657514,1.5344444444444445,0.875187458783495,44.701663250899735,40.95533047298462,8.3816075307748,0.5652195082609661,29.38088341781318,0.14509894831778794,1.2828206044849,9.84104943503158,12.913202875222693,3.7629541947365084,16.70062298461169,2.4320189641369097,2.0751766318314764,2.3265663184430156,33.44888371726841,14.820007663797123
S107-03,S107,particular,1,3,72.45815501843074,0.16304758569316025,0.7121480039767796,0.17271516442327917,0.9689457700455202,1.252047866033826,plano,5.090574286264384,1374.6843228396726,0.6820066511878857,0.640049497273145,10.628999386695474,1.6352306748762269,sintetico,93.64233352693093,2.9505555555555554,1.2067191807805808,35.09715296225065,31.73718703605266,9.574468085106384,0.5550963323048432,19.252494822067405,0.1690087325418397,4.043377128556781,11.297019380427114,14.673870312322666,6.469563585462871,14.474289075285625,4.7464200131925045,3.997112102237466,3.929778181498567,44.36734526693738,16.868904463767983
S107-04,S107,particular,1,4,72.45815501843074,0.16304758569316025,0.7121480039767796,0.17271516442327917,0.9689457700455202,1.226845844743603,plano,5.090574286264384,1374.6843228396726,0.6820066511878857,0.640049497273145,10.628999386695474,1.6352306748762269,sintetico,75.03564003642117,2.656111111111111,1.8257990460733362,31.343677660684584,28.250188677171746,9.872411629366242,0.5861034101931365,13.84647563271282,0.1523346284767866,4.5577693959852805,10.958235348895856,14.008734153819113,5.255676363590004,14.277066327038154,3.6294367627286146,3.104580794680588,3.2044623112387716,45.66115291171381,15.95282746386965
S107-05,S107,particular,1,5,72.45815501843074,0.16304758569316025,0.7121480039767796,0.17271516442327917,0.9689457700455202,1.5540872349273296,plano,5.090574286264384,1374.6843228396726,0.6820066511878857,0.640049497273145,10.628999386695474,1.6352306748762269,sintetico,75.86969904095359,3.1777777777777776,2.3593081594191885,27.421175133486887,23.8750801177826,12.937062937062937,0.5758745860578668,8.286713286713287,0.1733519708233151,5.2953046869207725,11.9819411899196,14.73350668368117,5.95320329105848,12.744348770166718,4.231463005121245,3.676374237133767,3.682821430723083,50.73622063017972,16.613445784127624
S107-06,S107,particular,2,6,72.45815501843074,0.16304758569316025,0.7121480039767796,0.17271516442327917,0.9689457700455202,0.7130171663287106,plano,5.090574286264384,1374.6843228396726,0.6820066511878857,0.640049497273145,10.628999386695474,1.6352306748762269,sintetico,80.34183678277607,3.3433333333333333,2.3275544534238186,26.97706258856517,24.030459655865226,10.925556663343304,0.5658178856857589,10.493519441674975,0.1719435484260393,3.1557546916357078,12.354388111329252,15.504715512537771,5.850205440662434,13.733165031154657,4.404230485017126,3.7991980667783385,3.7873948972976867,51.90312646247054,17.541192416853207
S107-07,S107,particular,2,7,72.45815501843074,0.16304758569316025,0.7121480039767796,0.17271516442327917,0.9689457700455202,0.7336116544910194,plano,5.090574286264384,1374.6843228396726,0.6820066511878857,0.640049497273145,10.628999386695474,1.6352306748762269,sintetico,72.30712072869886,2.6663888888888887,1.6042680005920817,29.813346179982396,27.117995064414618,9.042608605063029,0.5599721702791776,9.532242941973122,0.16553596651227218,1.6455713369899814,11.902040624691788,14.881706444274416,4.9501031012325685,14.607194890687126,3.613469865566463,3.1020914490169362,3.2178645516987876,49.10894504763825,16.80967163394701
S107-08,S107,particular,2,8,72.45815501843074,0.16304758569316025,0.7121480039767796,0.17271516442327917,0.9689457700455202,0.4079176956549209,plano,5.090574286264384,1374.6843228396726,0.6820066511878857,0.640049497273145,10.628999386695474,1.6352306748762269,sintetico,83.4011924891168,1.9280555555555556,0.9592188985839666,46.99996949154416,43.25663347656252,7.967151707246795,0.5571424247539343,34.778850309753636,0.10506744556806917,2.460386170435697,7.380268151011476,9.481215124539496,4.849753043019637,17.19699781603479,2.3496123165275806,2.0095554739361954,2.292710421462232,25.15615277174858,10.801762163025229
S107-09,S107,particular,2,9,72.45815501843074,0.16304758569316025,0.7121480039767796,0.17271516442327917,0.9689457700455202,0.4676196182669148,plano,5.090574286264384,1374.6843228396726,0.6820066511878857,0.640049497273145,10.628999386695474,1.6352306748762269,sintetico,89.14496181986125,2.3880555555555554,1.2451629091984142,41.2432066189831,37.32951757025713,9.49168314528324,0.5756907090739507,27.625916017215307,0.13489551442231104,0.9340656319735073,8.63864642812524,11.102043095595116,5.672009399121512,15.716645644781217,3.1516263254282446,2.700281209220288,2.8238753330005637,29.40811385448006,12.644672359092517
S107-10,S107,particular,2,10,72.45815501843074,0.16304758569316025,0.7121480039767796,0.17271516442327917,0.9689457700455202,0.7521632827978919,plano,5.090574286264384,1374.6843228396726,0.6820066511878857,0.640049497273145,10.628999386695474,1.6352306748762269,sintetico,84.02030614718468,2.906388888888889,1.7019695185292012,32.28366728996557,28.908831322743463,10.455892191532065,0.6015430678930783,14.384019879575646,0.19854622148297488,3.508179593584393,14.215029364581705,18.05241343261035,5.9122527547025046,14.211216880123464,5.12345061670491,4.439996860591521,4.337459107293904,50.382317358723725,20.383745146275587
S108-01,S108,particular,1,1,71.15039613974776,0.16708113351133522,0.6401830761618315,0.13626241843352477,1.0097994866082651,1.2521186752487705,piedemonte,164.70611859818217,1470.8933367097816,0.7095928457310678,0.7428335303615329,11.935447167866345,1.836222641210207,sintetico,71.31253678135462,1.8658333333333332,1.1779135028886343,42.405869245602354,38.22020729684036,9.870477891916034,0.5586626389670543,29.790084859312195,0.14379288504615934,7.046031243263224,9.216063883065486,12.128777389148112,5.072855233767194,14.057672355139662,3.1658784008738903,2.600955048095539,2.7348032344054722,34.51935481011991,14.113376234934766
S108-02,S108,particular,1,2,71.15039613974776,0.16708113351133522,0.6401830761618315,0.13626241843352477,1.0097994866082651,1.3773790414990428,piedemonte,164.70611859818217,1470.8933367097816,0.7095928457310678,0.7428335303615329,11.935447167866345,1.836222641210207,sintetico,80.93349002336957,2.0480555555555555,1.1490916797625583,45.02558554846708,39.51723370190295,12.233826122338261,0.5466971558443006,28.31954428319544,0.13793618517245318,8.149075112204274,7.424869920372447,9.65564922701587,6.2343060945269295,12.98195641924299,3.102180151750259,2.597566640771778,2.776000159112616,26.208609266456392,11.084826914583548
S108-03,S108,particular,1,3,71.15039613974776,0.16708113351133522,0.6401830761618315,0.13626241843352477,1.0097994866082651,1.5864048319752708,piedemonte,164.70611859818217,1470.8933367097816,0.7095928457310678,0.7428335303615329,11.935447167866345,1.836222641210207,sintetico,76.26523349657059,1.9636111111111112,1.0489707607542742,41.58661626592763,38.839275793981344,6.606309237515914,0.5801958690070486,24.402319988682983,0.15710744801524443,7.914301228190474,8.584764139919892,11.04290761819658,5.844400294917278,13.049283014186496,3.2770580214100478,2.75397833904794,2.906766458648921,30.27849671316937,12.708135345015219
S108-04,S108,particular,1,4,71.15039613974776,0.16708113351133522,0.6401830761618315,0.13626241843352477,1.0097994866082651,0.8712625525707447,piedemonte,164.70611859818217,1470.8933367097816,0.7095928457310678,0.7428335303615329,11.935447167866345,1.836222641210207,sintetico,75.60366633464456,2.588888888888889,1.6136783560203458,32.63076355409668,29.203132918961415,10.504291845493562,0.6012346232505736,14.045064377682404,0.18553740173280994,7.7016766009372635,12.12156638681478,15.560731077766961,5.952188903581178,12.701825758446116,4.668815847326894,3.860188542734823,3.8543734334338615,46.3324207749737,17.75134881363224
S108-05,S108,particular,1,5,71.15039613974776,0.16708113351133522,0.6401830761618315,0.13626241843352477,1.0097994866082651,0.8152759032213917,piedemonte,164.70611859818217,1470.8933367097816,0.7095928457310678,0.7428335303615329,11.935447167866345,1.836222641210207,sintetico,86.24306633148508,2.6525,1.321845394061338,36.32561586443738,32.51387986106884,10.493245366006912,0.5987180385705337,18.85014137606032,0.16028958505165158,8.503654168309597,11.376592650649394,14.606144605907879,6.4053609411399455,13.464200866116474,4.607195729085508,3.933143997022076,3.8708815460815895,39.51044466010855,16.658022828009262
S108-06,S108,particular,2,6,71.15039613974776,0.16708113351133522,0.6401830761618315,0.13626241843352477,1.0097994866082651,0.5807899473895427,piedemonte,164.70611859818217,1470.8933367097816,0.7095928457310678,0.7428335303615329,11.935447167866345,1.836222641210207,sintetico,62.156874460992306,1.7083333333333333,1.1744477281561592,39.47860763224636,36.384511879605256,7.837398373983739,0.596237042190591,27.837398373983742,0.17595914585389438,7.986504003325919,11.678536772125199,15.39816932417681,4.3796419107302516,14.192227521776639,3.489071819475193,2.83739594596872,2.9549710661568938,41.92050476117053,17.955644626370802
S108-07,S108,particular,2,7,71.15039613974776,0.16708113351133522,0.6401830761618315,0.13626241843352477,1.0097994866082651,1.0820369205389153,piedemonte,164.70611859818217,1470.8933367097816,0.7095928457310678,0.7428335303615329,11.935447167866345,1.836222641210207,sintetico,74.94689254884385,2.277222222222222,1.521077073685273,35.802655676199294,32.91154100705512,8.075140278116614,0.590100691728228,19.37057818980239,0.17199267508483612,7.895232963677232,11.419118983413986,14.831902846789468,5.605200348106631,13.370956949676206,4.180619445209828,3.4727357656369473,3.531050287366686,43.11423922794347,17.084592732390604
S108-08,S108,particular,2,8,71.15039613974776,0.16708113351133522,0.6401830761618315,0.13626241843352477,1.0097994866082651,1.042335683893469,piedemonte,164.70611859818217,1470.8933367097816,0.7095928457310678,0.7428335303615329,11.935447167866345,1.836222641210207,sintetico,79.44498767049328,2.5652777777777778,1.6111777942605254,34.08030929620779,30.969350905660615,9.128316188413644,0.5788196804942349,19.631835408770982,0.18526903122991817,8.219239756755485,11.104664340795399,14.55632217173518,6.226746745244572,12.758666912407541,4.682778277289934,3.8081711048951217,3.7925285155172914,44.23995163211605,16.860985260709313
S108-09,S108,particular,2,9,71.15039613974776,0.16708113351133522,0.6401830761618315,0.13626241843352477,1.0097994866082651,0.5290815946460092,piedemonte,164.70611859818217,1470.8933367097816,0.7095928457310678,0.7428335303615329,11.935447167866345,1.836222641210207,sintetico,69.63904719963911,2.203333333333333,1.5795735930254091,35.21075420206472,31.6062241450707,10.237014624306607,0.5971274778165351,18.015632879475543,0.18704908748791202,7.287595710880067,12.572285129362347,16.67814352894664,5.141933833574688,13.54335731528187,4.36352210982894,3.5646173772703977,3.6136452629501377,47.64105378692154,19.424874200318676
S108-10,S108,particular,2,10,71.15039613974776,0.16708113351133522,0.6401830761618315,0.13626241843352477,1.0097994866082651,0.7773763469483979,piedemonte,164.70611859818217,1470.8933367097816,0.7095928457310678,0.7428335303615329,11.935447167866345,1.836222641210207,sintetico,74.5802765362951,2.1880555555555556,1.1128947739903776,37.89006428600937,34.08518414760218,10.041894122127713,0.5677887930618921,23.828868858702553,0.17176766104168448,7.5772949589227725,11.45574465976559,14.953414413943326,5.234694373500098,14.247302939756569,4.025411917066091,3.29713036981162,3.397595559837983,43.41781266229845,17.31791071589804
S109-01,S109,particular,1,1,83.3140710552234,0.05714776349645814,0.8135567480342769,0.052024708167771556,0.9970006938219406,1.3034084626379567,plano,23.554559958299144,1190.2184290307105,0.7112424571246767,0.42438327627786054,7.510602367285079,1.1554772872746275,sintetico,76.0843683115413,3.4338888888888888,2.378938065948876,25.35890818615982,22.156910364144046,12.627406568516422,0.5932125788630733,6.851642129105323,0.20010485287500257,1.0014440972504068,13.957245414509956,17.066808485307057,5.094370353245223,14.934989613205865,4.22690024641867,3.67923429645724,3.654274336446042,54.78804913265826,19.244262412059957
S109-02,S109,particular,1,2,83.3140710552234,0.05714776349645814,0.8135567480342769,0.052024708167771556,0.9970006938219406,0.48473403318639163,plano,23.554559958299144,1190.2184290307105,0.7112424571246767,0.42438327627786054,7.510602367285079,1.1554772872746275,sintetico,77.41589780327814,2.9588888888888887,1.69215889393784,28.961462411969556,26.163840789692202,9.660157716860683,0.566289499958669,10.561396920766054,0.19272940530650326,3.4148444848455743,15.647246504899611,19.159235756160058,4.28390575301511,18.071335427673937,3.974093469533392,3.487086191237025,3.544404678402428,52.71501913561222,21.59027218027131
S109-03,S109,particular,1,3,83.3140710552234,0.05714776349645814,0.8135567480342769,0.052024708167771556,0.9970006938219406,1.1199299474493631,plano,23.554559958299144,1190.2184290307105,0.7112424571246767,0.42438327627786054,7.510602367285079,1.1554772872746275,sintetico,76.65808897960407,3.3222222222222224,2.361133735647356,25.81080437023706,23.074341164429317,10.60200668896321,0.5561057256066584,6.897993311036789,0.19029029674024409,5.2219220183904795,14.28247041225919,17.292758615851582,4.843512711943065,15.826961451052176,4.052054750097676,3.5558247335068986,3.5872891197577887,54.24540645506286,19.42130662936466
S109-04,S109,particular,1,4,83.3140710552234,0.05714776349645814,0.8135567480342769,0.052024708167771556,0.9970006938219406,1.3924540724948988,plano,23.554559958299144,1190.2184290307105,0.7112424571246767,0.42438327627786054,7.510602367285079,1.1554772872746275,sintetico,75.36663172307425,2.941666666666667,2.229103200701553,29.478239417669577,25.620384721724957,13.087818696883852,0.6047337115540952,12.03021718602455,0.2061623264150471,1.699927878349767,13.43546893071861,16.876656968052416,4.888553181713539,15.416960585597367,4.014897922758066,3.4972851095172306,3.5224268818115845,48.98621012705068,19.083233450964844
S109-05,S109,particular,1,5,83.3140710552234,0.05714776349645814,0.8135567480342769,0.052024708167771556,0.9970006938219406,1.477182768047152,plano,23.554559958299144,1190.2184290307105,0.7112424571246767,0.42438327627786054,7.510602367285079,1.1554772872746275,sintetico,92.02016830785371,3.841388888888889,2.227772495635652,27.336878090658562,23.954921245807604,12.372550437486442,0.5624387322595736,10.18150263938101,0.1942705730096069,1.9800160193810101,12.917080961949258,15.98596921614228,6.053461573658837,15.201247614798158,4.73811717829141,4.114757974466696,4.038349938526037,50.48428714171805,18.082491783282943
S109-06,S109,particular,2,6,83.3140710552234,0.05714776349645814,0.8135567480342769,0.052024708167771556,0.9970006938219406,1.3945520013753476,plano,23.554559958299144,1190.2184290307105,0.7112424571246767,0.42438327627786054,7.510602367285079,1.1554772872746275,sintetico,91.60138734250522,4.039166666666667,2.4672115407484734,25.574989540220304,22.678288593151695,11.32659376934186,0.5849638192716285,8.555120005501685,0.20207597448131895,1.5838188849785397,13.509951549894165,16.70954730448193,6.144648926429834,14.907505447301038,5.038785596225252,4.361068132324394,4.259177351948001,53.63186395883084,18.96325751201146
S109-07,S109,particular,2,7,83.3140710552234,0.05714776349645814,0.8135567480342769,0.052024708167771556,0.9970006938219406,0.8272021743275324,plano,23.554559958299144,1190.2184290307105,0.7112424571246767,0.42438327627786054,7.510602367285079,1.1554772872746275,sintetico,83.33532862673329,2.776111111111111,1.4879643728940888,33.445496516702526,30.01872954334999,10.246147688613167,0.5865352901861196,17.36041624974985,0.19358346486539876,1.5508235041668343,13.45902149286716,16.924940065021264,4.833548029317858,17.24102628571462,3.9946797623331194,3.485530739337516,3.5360053868231334,44.32475040061299,19.127382413618022
S109-08,S109,particular,2,8,83.3140710552234,0.05714776349645814,0.8135567480342769,0.052024708167771556,0.9970006938219406,1.1536494461253517,plano,23.554559958299144,1190.2184290307105,0.7112424571246767,0.42438327627786054,7.510602367285079,1.1554772872746275,sintetico,96.15637182209298,3.0838888888888887,1.3935633953402975,34.609156164436946,31.180232260811994,9.908124662223022,0.5665258747708188,18.10484597369843,0.16510606574806347,2.9822883840465733,11.239705276820349,14.089853276512288,5.70945148155245,16.841612917244237,3.997651179058647,3.4597842790178035,3.5098035651246193,38.55933346368575,15.999811488352146
S109-09,S109,particular,2,9,83.3140710552234,0.05714776349645814,0.8135567480342769,0.052024708167771556,0.9970006938219406,1.3194394669082516,plano,23.554559958299144,1190.2184290307105,0.7112424571246767,0.42438327627786054,7.510602367285079,1.1554772872746275,sintetico,81.8273791497823,3.866388888888889,2.5052739331263965,23.704720764401408,21.163773614427495,10.71916085925713,0.5846632904229069,5.855305697248365,0.22031242169499748,0.9806349688502983,14.834278444669435,18.297172590234066,5.618509945804343,14.563893263353107,4.990337286173407,4.34200230867596,4.232986746302687,60.484753929573024,20.693031175536014
S109-10,S109,particular,2,10,83.3140710552234,0.05714776349645814,0.8135567480342769,0.052024708167771556,0.9970006938219406,1.2279560070923443,plano,23.554559958299144,1190.2184290307105,0.7112424571246767,0.42438327627786054,7.510602367285079,1.1554772872746275,sintetico,72.14948097599527,3.0036111111111112,2.189897943307006,27.157784631133918,24.020912930138074,11.550910940534543,0.5715958922132224,10.071210579857578,0.18899283601065012,3.386479812440057,13.13815399643396,16.07661615901611,4.573413078583359,15.775850494209891,3.6529367265035506,3.1428624832006418,3.2473115367577843,50.95255820342319,18.306002879736994
S110-01,S110,particular,1,1,75.79358489038589,0.07317881934323826,0.8298638005128383,0.1654186328871256,0.963736046165341,0.9362389606948833,piedemonte,208.8038162671494,1360.4235355010967,0.6679801497004997,0.6049922478401475,10.102370746828834,1.5542108841275128,sintetico,77.5866644503761,3.531388888888889,2.526207324267178,24.73463534446882,21.970580667140247,11.177534806890584,0.5900151735304575,7.17375914418312,0.1983107989784947,13.598131888994674,14.035313876840258,17.785373419764085,6.239173006496779,12.435408405823337,5.460390801321501,4.655162954247082,4.532298462700434,56.48689604389037,20.3216084562372
S110-02,S110,particular,1,2,75.79358489038589,0.07317881934323826,0.8298638005128383,0.1654186328871256,0.963736046165341,1.0429076993324164,piedemonte,208.8038162671494,1360.4235355010967,0.6679801497004997,0.6049922478401475,10.102370746828834,1.5542108841275128,sintetico,82.54058622095256,3.693888888888889,2.568433418106555,25.63023358095128,22.345172988075593,12.821476913821627,0.5658917010795397,6.038502030380508,0.17893388231009244,12.748499495703436,15.175118157363496,18.74228895588566,6.35945235502412,12.979197203316337,5.761246957250469,4.971363064476979,4.6046841566860754,58.85978509843097,21.178093856581846
S110-03,S110,particular,1,3,75.79358489038589,0.07317881934323826,0.8298638005128383,0.1654186328871256,0.963736046165341,0.5306107339017649,piedemonte,208.8038162671494,1360.4235355010967,0.6679801497004997,0.6049922478401475,10.102370746828834,1.5542108841275128,sintetico,65.76124513557545,3.013611111111111,2.691554876053384,24.380127085314463,21.82141049756398,10.498663471287676,0.5749286771401542,8.489261683104434,0.18689835068393792,12.795163525702163,14.666847506215795,18.343581242777617,5.14581885353928,12.779549184935853,4.599099779216601,3.948883681758414,3.589580808089191,54.19420574172702,20.866931062907884
S110-04,S110,particular,1,4,75.79358489038589,0.07317881934323826,0.8298638005128383,0.1654186328871256,0.963736046165341,1.523191062905327,piedemonte,208.8038162671494,1360.4235355010967,0.6679801497004997,0.6049922478401475,10.102370746828834,1.5542108841275128,sintetico,86.74413060506072,5.041944444444445,3.4008064631267336,20.2193197362007,17.204499486431523,14.913778855159496,0.5775487369931877,1.988871136576497,0.21261359008208566,12.22786435092909,15.49596820913822,18.91828748863201,7.878900639464552,11.009674391699885,7.092195454501491,6.163476913049753,5.556240088867622,70.6469917740172,21.25312324143332
S110-05,S110,particular,1,5,75.79358489038589,0.07317881934323826,0.8298638005128383,0.1654186328871256,0.963736046165341,1.065060828298406,piedemonte,208.8038162671494,1360.4235355010967,0.6679801497004997,0.6049922478401475,10.102370746828834,1.5542108841275128,sintetico,91.11382768514073,4.312222222222222,2.7108947815643343,24.124608251399966,21.129205080295456,12.419479515588765,0.5816031581535426,6.705745941767585,0.19764445291368807,12.858250714843718,14.399129081633305,17.978118909383838,7.351505026109741,12.393901297970846,6.432070483161834,5.521791144055182,5.2606621698090485,58.62967137645306,20.40375589027603
S110-06,S110,particular,2,6,75.79358489038589,0.07317881934323826,0.8298638005128383,0.1654186328871256,0.963736046165341,0.63729869731406,piedemonte,208.8038162671494,1360.4235355010967,0.6679801497004997,0.6049922478401475,10.102370746828834,1.5542108841275128,sintetico,73.82353232857352,2.5297222222222224,1.828685186711772,33.037157617393845,29.18246583758259,11.672339958273856,0.5670714987796989,17.64576699242341,0.16528214553546178,12.968932522486087,13.101132258039678,16.671267101863783,5.086395075727196,14.513920218440573,4.1950920604640105,3.5832417444974234,3.6379625283694947,44.563724869160176,19.042499976289026
S110-07,S110,particular,2,7,75.79358489038589,0.07317881934323826,0.8298638005128383,0.1654186328871256,0.963736046165341,1.49093566501109,piedemonte,208.8038162671494,1360.4235355010967,0.6679801497004997,0.6049922478401475,10.102370746828834,1.5542108841275128,sintetico,106.66064902177116,4.088333333333333,1.9032323716553086,29.820004377376364,26.089029520204935,12.515287403179782,0.5890404846752051,13.663541242016578,0.17139814094493336,12.395599845149311,13.965946538274801,17.620644827755854,7.978117462592921,13.369149993325118,6.900122558667435,5.878150525982342,5.480843984965383,53.05616890145897,20.03932069333262
S110-08,S110,particular,2,8,75.79358489038589,0.07317881934323826,0.8298638005128383,0.1654186328871256,0.963736046165341,0.7858391870482944,piedemonte,208.8038162671494,1360.4235355010967,0.6679801497004997,0.6049922478401475,10.102370746828834,1.5542108841275128,sintetico,72.62123338399746,2.066666666666667,1.1842266509749286,38.7998281364841,35.1393064761278,9.435483870967742,0.5442241332380087,24.973118279569892,0.1343105705220899,12.574947488830947,10.933937112806136,13.701850023727136,4.690143707866197,15.483797066217578,3.2288258589308425,2.767015341627456,2.933365242703028,35.57498828793537,15.620891659223915
S110-09,S110,particular,2,9,75.79358489038589,0.07317881934323826,0.8298638005128383,0.1654186328871256,0.963736046165341,1.384855831160852,piedemonte,208.8038162671494,1360.4235355010967,0.6679801497004997,0.6049922478401475,10.102370746828834,1.5542108841275128,sintetico,82.73581407104645,3.9027777777777777,2.6107194620036935,24.005074581335077,21.19921214631795,11.693950177935942,0.5736903953540019,7.195729537366548,0.19758303246008044,12.630946727086444,13.729249339576622,17.147200115696215,6.850681556109547,12.077019402144206,5.712143471201424,4.904220942469492,4.574961871449803,59.55554140857918,19.454422440501638
S110-10,S110,particular,2,10,75.79358489038589,0.07317881934323826,0.8298638005128383,0.1654186328871256,0.963736046165341,1.1903253209506317,piedemonte,208.8038162671494,1360.4235355010967,0.6679801497004997,0.6049922478401475,10.102370746828834,1.5542108841275128,sintetico,88.46410921295931,4.055833333333333,2.6338365024294768,25.110864479892946,21.811574081683005,13.142935415382508,0.60214003796969,8.163824395589343,0.19835530207269098,12.159416581404825,15.563263619320638,19.30899732263086,7.000003292394859,12.637723943511709,6.5745294829872245,5.607979754530034,5.135198410398463,62.6363891726819,21.944135000978225
S111-01,S111,particular,1,1,82.23737917757545,0.12399068725576666,0.8058282991077705,0.07657356098298232,1.0190413803589913,0.8610326321328099,piedemonte,168.8009790474241,1354.734912625302,0.6060257857309046,0.7102231153247359,10.675076595481757,1.6423194762279627,sintetico,84.57004614190627,2.186111111111111,0.9459614089102203,41.88363820482359,38.685154524887245,7.636594663278272,0.5221901951627994,27.318932655654383,0.13164679234987844,7.994128532668291,8.314215725336215,10.650509292959878,5.2442021822924705,16.126389334771414,3.016243432522343,2.4172798208043393,2.537824361042919,31.83760766904063,12.396811228923964
S111-02,S111,particular,1,2,82.23737917757545,0.12399068725576666,0.8058282991077705,0.07657356098298232,1.0190413803589913,1.3183920304085976,piedemonte,168.8009790474241,1354.734912625302,0.6060257857309046,0.7102231153247359,10.675076595481757,1.6423194762279627,sintetico,87.22564066171917,2.216666666666667,1.0547357325444806,42.211628764913165,39.34991308047481,6.779448621553885,0.5866494567836306,24.085213032581454,0.14498101596607577,7.976746139150799,10.356832665581255,13.19344589726661,5.723258666009993,15.240555381455277,3.7333312114994,3.202985464802397,3.2665033897404108,34.8739070211434,15.018486490452354
S111-03,S111,particular,1,3,82.23737917757545,0.12399068725576666,0.8058282991077705,0.07657356098298232,1.0190413803589913,0.9504182087381167,piedemonte,168.8009790474241,1354.734912625302,0.6060257857309046,0.7102231153247359,10.675076595481757,1.6423194762279627,sintetico,90.53866541455434,3.1380555555555554,1.8334708076370103,31.80204854057915,28.851836371815143,9.276799150216872,0.5995433149331947,15.340355846684961,0.188975752520362,8.647659343742074,13.564115130259173,17.30254194568531,6.360328481235598,14.23490401190187,5.44312938519327,4.604975803466911,4.493478790297986,51.5296757978654,19.79296353082822
S111-04,S111,particular,1,4,82.23737917757545,0.12399068725576666,0.8058282991077705,0.07657356098298232,1.0190413803589913,1.5756722368606675,piedemonte,168.8009790474241,1354.734912625302,0.6060257857309046,0.7102231153247359,10.675076595481757,1.6423194762279627,sintetico,75.55080068950227,2.8019444444444446,1.9192384286689321,29.99700920725799,26.96370402321881,10.112025379200952,0.5715585608836392,13.68097551303658,0.1892321354430642,9.1590272126061,10.671068817115504,13.563703319624079,6.022925330717176,12.543871381600889,4.059006544667115,3.4622779640124937,3.5068909466309117,44.01267951396291,15.47455572731586
S111-05,S111,particular,1,5,82.23737917757545,0.12399068725576666,0.8058282991077705,0.07657356098298232,1.0190413803589913,1.227615913973084,piedemonte,168.8009790474241,1354.734912625302,0.6060257857309046,0.7102231153247359,10.675076595481757,1.6423194762279627,sintetico,75.19035386817585,2.276111111111111,1.223561205221815,36.66828419472136,33.03457089644045,9.909690017085673,0.6126096631779481,17.817915547961924,0.17169086381305124,9.072663075274818,11.9677674529292,15.217386289492708,5.191896284894687,14.482252676528766,3.896616471794001,3.3432666882748183,3.4373393597541155,43.12441768297101,17.265534716371587
S111-06,S111,particular,2,6,82.23737917757545,0.12399068725576666,0.8058282991077705,0.07657356098298232,1.0190413803589913,0.4800592670350823,piedemonte,168.8009790474241,1354.734912625302,0.6060257857309046,0.7102231153247359,10.675076595481757,1.6423194762279627,sintetico,81.7165103514772,2.6780555555555554,1.3828294859137642,33.1768847710971,30.51337384766289,8.028212840991598,0.5679421070097759,15.361477025204854,0.17761347923428747,8.388947274565881,13.18352415946638,16.74785017035871,5.446001047807462,15.004864970486178,4.521998345857395,3.8430425572005116,3.7462187291755957,46.48553528827971,19.082468917277666
S111-07,S111,particular,2,7,82.23737917757545,0.12399068725576666,0.8058282991077705,0.07657356098298232,1.0190413803589913,0.8572980331838305,piedemonte,168.8009790474241,1354.734912625302,0.6060257857309046,0.7102231153247359,10.675076595481757,1.6423194762279627,sintetico,78.32013550568627,2.8594444444444442,1.9790568415033776,30.797650226157362,27.389983273797416,11.064697882261513,0.6155017934035871,13.367009908684672,0.1961012945391991,8.916442314325039,14.030355916457504,17.84212296979239,5.853873038674555,13.379199546736267,5.121418388036801,4.378982510200864,4.2675334656592945,50.53495096476525,20.33260492132692
S111-08,S111,particular,2,8,82.23737917757545,0.12399068725576666,0.8058282991077705,0.07657356098298232,1.0190413803589913,0.4099939404152832,piedemonte,168.8009790474241,1354.734912625302,0.6060257857309046,0.7102231153247359,10.675076595481757,1.6423194762279627,sintetico,80.77663065662453,3.334722222222222,2.0921892709093854,26.935519670604698,24.222896323519226,10.070803831736775,0.5910172841863344,7.713452728029988,0.1923830290921355,8.549368421059107,14.86671927880899,18.611678972923873,5.854641746724884,13.797023652525176,5.318797609530737,4.537596469270261,4.3542933816664195,58.19169917429086,21.10408709395814
S111-09,S111,particular,2,9,82.23737917757545,0.12399068725576666,0.8058282991077705,0.07657356098298232,1.0190413803589913,0.5537252094827754,piedemonte,168.8009790474241,1354.734912625302,0.6060257857309046,0.7102231153247359,10.675076595481757,1.6423194762279627,sintetico,71.28933957674305,2.395,1.6973084716227926,32.902772112342944,29.765903789871835,9.533750869867779,0.5890710835373718,18.870331709580142,0.15774994783251373,8.812963331577263,11.12977925037864,14.308712503822969,4.7931697512969,14.873109711471018,3.5235792569089517,2.913862199390675,3.0717570736513222,43.90773720335818,16.493950374780415
S111-10,S111,particular,2,10,82.23737917757545,0.12399068725576666,0.8058282991077705,0.07657356098298232,1.0190413803589913,0.5773198197213972,piedemonte,168.8009790474241,1354.734912625302,0.6060257857309046,0.7102231153247359,10.675076595481757,1.6423194762279627,sintetico,78.03243995549786,2.359166666666667,1.448115681945153,37.22724408160513,33.07627267629722,11.150359119274697,0.5836279696178763,22.18297421405864,0.17092760076391766,8.832557779665217,11.34357186671712,15.037027972880756,5.402977660806159,14.442487986125585,4.3544089127086965,3.4669531445749606,3.451537356219954,42.1937431800227,17.694392826944025
S112-01,S112,particular,1,1,101.3163786264958,0.17137630080699684,0.4085974043375764,0.05154997512638773,0.9733429468614401,0.5869483628264142,plano,27.190864877897088,1386.8079710110283,0.6855545142456212,0.6945366960950411,10.811058357709376,1.663239747339904,sintetico,98.94970113229336,3.6302777777777777,1.7685753266301354,30.182024806867528,27.256785069726536,9.694697375468667,0.5913287509912184,13.214477006656974,0.17989452191934055,1.244082918653416,13.306134012821376,16.660917976041794,6.834231149685939,14.47854176498559,5.553509236623652,4.755229752931776,4.600695094114225,52.187756858726466,18.899351880129156
S112-02,S112,particular,1,2,101.3163786264958,0.17137630080699684,0.4085974043375764,0.05154997512638773,0.9733429468614401,0.91583917861541,plano,27.190864877897088,1386.8079710110283,0.6855545142456212,0.6945366960950411,10.811058357709376,1.663239747339904,sintetico,91.81717324761473,2.4483333333333333,0.9039703256401025,39.86703368838597,37.501908746473006,5.933741774449739,0.5510036679934509,23.995915588835942,0.16423138275054688,1.65784404132548,11.358905650970005,14.72911526158214,5.765680826260904,15.924775584075991,4.270864417732935,3.5904773926739937,3.6442432186505758,42.2455793953998,16.894721912441003
S112-03,S112,particular,1,3,101.3163786264958,0.17137630080699684,0.4085974043375764,0.05154997512638773,0.9733429468614401,1.32901765708716,plano,27.190864877897088,1386.8079710110283,0.6855545142456212,0.6945366960950411,10.811058357709376,1.663239747339904,sintetico,116.03828508336461,3.148888888888889,1.1547912820646329,39.88259951260282,36.85054925018636,7.604093154551871,0.5739415949807246,25.555751587861682,0.14344288109935985,2.2902423904662568,9.435801333145196,12.378490201998408,7.871607373939717,14.741371053074738,5.00321947905279,4.1413939985334896,4.094541683908468,36.82915127509125,14.292654203139568
S112-04,S112,particular,1,4,101.3163786264958,0.17137630080699684,0.4085974043375764,0.05154997512638773,0.9733429468614401,0.6139260271877249,plano,27.190864877897088,1386.8079710110283,0.6855545142456212,0.6945366960950411,10.811058357709376,1.663239747339904,sintetico,105.4479417585473,3.0994444444444444,0.9578186004926287,35.744864567971035,34.02156213754887,4.821652625918623,0.5624689127554273,18.16633805341459,0.16326645834276177,2.3389357283450942,11.930256650684319,15.26554793012018,6.79896673206678,15.509406931087128,5.112804577717513,4.359027383665024,4.279343997105491,43.30506330283348,17.37733337302266
S112-05,S112,particular,1,5,101.3163786264958,0.17137630080699684,0.4085974043375764,0.05154997512638773,0.9733429468614401,1.4294757711468877,plano,27.190864877897088,1386.8079710110283,0.6855545142456212,0.6945366960950411,10.811058357709376,1.663239747339904,sintetico,108.5147862060042,3.5980555555555553,1.4468074396972186,32.80798567513508,30.15928590609242,8.075349339921253,0.5567193684963684,16.351424380452407,0.1745871802048958,1.9231568129069105,11.457765313764316,14.513135211828784,7.933745319384717,13.677624102814002,5.668971090230197,4.831425084690607,4.657218868501916,45.162012826293136,16.50672631717889
S112-06,S112,particular,2,6,101.3163786264958,0.17137630080699684,0.4085974043375764,0.05154997512638773,0.9733429468614401,1.3088923542521567,plano,27.190864877897088,1386.8079710110283,0.6855545142456212,0.6945366960950411,10.811058357709376,1.663239747339904,sintetico,96.6848845307063,3.4244444444444446,1.4066314570278826,30.130054801225796,28.23374304920041,6.2946138870863075,0.5784415463985123,9.27968851395198,0.18011686938861818,3.397075214190547,12.357695344373772,15.736835793468954,6.976041397516793,13.859562898397146,5.445954048706068,4.586099885719226,4.465868322358705,52.92706451724344,17.925461115619783
S112-07,S112,particular,2,7,101.3163786264958,0.17137630080699684,0.4085974043375764,0.05154997512638773,0.9733429468614401,1.3359307460412304,plano,27.190864877897088,1386.8079710110283,0.6855545142456212,0.6945366960950411,10.811058357709376,1.663239747339904,sintetico,96.06295893570986,2.5819444444444444,0.9889347679117271,40.156000695561545,37.20566456896778,7.34803657880581,0.592807518252548,24.733727810650887,0.19094863491472755,1.5162631440204182,12.513128677872064,16.368159630677418,6.493605916254315,14.793469171766667,5.282607684555576,4.437819405581389,4.343939238314605,45.085892302031155,18.783684962316293
S112-08,S112,particular,2,8,101.3163786264958,0.17137630080699684,0.4085974043375764,0.05154997512638773,0.9733429468614401,1.4755473519852589,plano,27.190864877897088,1386.8079710110283,0.6855545142456212,0.6945366960950411,10.811058357709376,1.663239747339904,sintetico,109.20001445978353,2.7219444444444445,0.8699632547666635,43.20000572035393,40.118384738771375,7.133380957240535,0.561618332242271,28.48249821410348,0.15474815505959286,4.3020288971562035,9.712526925103692,12.847583982138365,7.219061452385255,15.12662209347209,4.797082750789215,3.9318138742747166,3.898564436835807,36.53659274529065,14.930553048770586
S112-09,S112,particular,2,9,101.3163786264958,0.17137630080699684,0.4085974043375764,0.05154997512638773,0.9733429468614401,1.072591406938389,plano,27.190864877897088,1386.8079710110283,0.6855545142456212,0.6945366960950411,10.811058357709376,1.663239747339904,sintetico,94.39524250466415,2.8358333333333334,1.1970942284979729,35.955834910200984,33.28659741569115,7.424821236164168,0.5819117125586066,16.975217944950533,0.17233662793839316,0.9467728473240463,11.969743238323733,15.706805995140703,6.301697364323087,14.979336049852318,4.964596617254629,4.1393552015562625,4.0743840302230785,48.11508059559497,18.08882817942416
S112-10,S112,particular,2,10,101.3163786264958,0.17137630080699684,0.4085974043375764,0.05154997512638773,0.9733429468614401,1.5235299976176662,plano,27.190864877897088,1386.8079710110283,0.6855545142456212,0.6945366960950411,10.811058357709376,1.663239747339904,sintetico,100.17292691044644,3.209722222222222,1.3476695167416701,34.004452735586725,31.20921998075354,8.221549112938122,0.5904663459454962,14.772825616616183,0.17492023823997532,1.9185660266488758,11.827930804462085,15.0668193988065,7.27054757160301,13.777906811544364,5.446122124169648,4.579764600839801,4.430585043976223,47.14375441249807,17.24706138094703
S113-01,S113,particular,1,1,80.35294670442707,0.09336496573038433,0.42336250648150603,0.1526427366772698,0.969292252103498,1.5405260758323176,piedemonte,254.2707659915513,1460.4051899733163,0.7172982871794185,0.8252637443445147,12.55084365400245,1.9308990236926846,sintetico,73.35210309026878,2.5083333333333333,1.7450079085323602,33.17351571663492,29.243363358246693,11.84939091915836,0.5521864392961473,18.859357696567,0.15842634934375216,13.842017262982171,12.189603807868043,15.279085079938366,5.908189652625155,12.415326420281149,4.4313648563459305,3.764099309453515,3.4553335598524524,48.20845177113804,17.37196414411654
S113-02,S113,particular,1,2,80.35294670442707,0.09336496573038433,0.42336250648150603,0.1526427366772698,0.969292252103498,1.3369037655321319,piedemonte,254.2707659915513,1460.4051899733163,0.7172982871794185,0.8252637443445147,12.55084365400245,1.9308990236926846,sintetico,81.31856786739142,2.698888888888889,1.2174341309286485,33.67954510848932,30.13038743542704,10.53931659118979,0.566736117761125,14.357760395224373,0.19440926270249942,15.099779985205547,14.209378792455423,18.35268805097245,6.5950924934324915,12.330163367438725,6.050709210884558,5.024474499223229,4.855366512002037,53.76812372889795,21.038683922787733
S113-03,S113,particular,1,3,80.35294670442707,0.09336496573038433,0.42336250648150603,0.1526427366772698,0.969292252103498,0.5989386474336066,piedemonte,254.2707659915513,1460.4051899733163,0.7172982871794185,0.8252637443445147,12.55084365400245,1.9308990236926846,sintetico,87.09337832465681,2.7058333333333335,1.2170844906815446,34.65171134015302,32.18726639654702,7.114259316291961,0.5983281058710761,17.69838825582589,0.18024708254399818,14.6426005045552,13.305980360559282,17.322925896158225,6.536520136440272,13.324119945584235,5.785117776522888,4.751901740217053,4.589950419038781,49.46473394888957,20.030766388663046
S113-04,S113,particular,1,4,80.35294670442707,0.09336496573038433,0.42336250648150603,0.1526427366772698,0.969292252103498,0.5974928099415013,piedemonte,254.2707659915513,1460.4051899733163,0.7172982871794185,0.8252637443445147,12.55084365400245,1.9308990236926846,sintetico,91.30637818641097,2.8508333333333336,1.1828308399168714,35.302535763622735,32.027960778629975,9.276040144207347,0.5588382705926952,16.42794504530839,0.16117162808967272,13.984213989505808,13.672301140444304,17.332907052178726,6.574753107702501,13.88742310025955,5.661159066763631,4.751082455465475,4.366951935332726,48.26768388987199,19.750763464766653
S113-05,S113,particular,1,5,80.35294670442707,0.09336496573038433,0.42336250648150603,0.1526427366772698,0.969292252103498,1.201443084570654,piedemonte,254.2707659915513,1460.4051899733163,0.7172982871794185,0.8252637443445147,12.55084365400245,1.9308990236926846,sintetico,76.16574564496956,3.036111111111111,1.9037429328912066,27.802175347804557,25.086613387181192,9.771271729185727,0.591431489467244,6.312900274473924,0.19823111919316444,13.470765549590134,16.344589465765456,20.623377538952102,6.361865914662431,11.972233723038318,6.332875034771889,5.39429296682741,4.804686793173179,64.0364409198895,23.394145550324335
S113-06,S113,particular,2,6,80.35294670442707,0.09336496573038433,0.42336250648150603,0.1526427366772698,0.969292252103498,0.5110762607518823,piedemonte,254.2707659915513,1460.4051899733163,0.7172982871794185,0.8252637443445147,12.55084365400245,1.9308990236926846,sintetico,83.98597800681954,3.3472222222222223,2.01224066220051,27.788697966184245,25.091246541456456,9.709543568464731,0.6016468939555535,9.219917012448132,0.20811325416511314,14.957983722487333,14.795657197024031,18.87288185778555,7.214965879111381,11.640523242109014,6.600070537535702,5.6249252685897835,5.352993814246775,55.690471318474394,21.48749072505821
S113-07,S113,particular,2,7,80.35294670442707,0.09336496573038433,0.42336250648150603,0.1526427366772698,0.969292252103498,1.155099259844909,piedemonte,254.2707659915513,1460.4051899733163,0.7172982871794185,0.8252637443445147,12.55084365400245,1.9308990236926846,sintetico,82.55992228681119,3.0375,1.5382766417682063,30.105761352173342,27.180221328991337,9.721079103795153,0.5773306352365802,9.355281207133059,0.20135817334369374,14.978533966236247,14.713115870020292,18.897433533727217,6.904593811507531,11.957245355869134,6.47222881733277,5.42201481611096,5.19742778064894,56.466569004694215,21.61696341794474
S113-08,S113,particular,2,8,80.35294670442707,0.09336496573038433,0.42336250648150603,0.1526427366772698,0.969292252103498,0.9526248511645562,piedemonte,254.2707659915513,1460.4051899733163,0.7172982871794185,0.8252637443445147,12.55084365400245,1.9308990236926846,sintetico,89.27416006769687,3.0813888888888887,1.66901598275484,32.55783912763873,28.972052307194513,11.01595600829352,0.5995173222984015,13.458938069052556,0.17724424295445712,14.430032971711396,13.772790808554175,17.56178621833546,7.13464809093822,12.512762918339977,6.1313314444531075,5.214118937204461,4.82617063705867,50.742938408680324,20.000563553055567
S113-09,S113,particular,2,9,80.35294670442707,0.09336496573038433,0.42336250648150603,0.1526427366772698,0.969292252103498,1.3319385211076376,piedemonte,254.2707659915513,1460.4051899733163,0.7172982871794185,0.8252637443445147,12.55084365400245,1.9308990236926846,sintetico,70.90409162004492,2.3075,1.5090807533842037,34.19254011876706,30.727667007603433,10.136029854339714,0.5907712361520765,16.793066088840735,0.17303771129000625,14.52288727088512,14.572306806993396,18.61313777046295,5.6263519453832425,12.602142970850938,5.106298343365887,4.3359052167933605,4.147799672285801,51.959623304224294,21.10079756178429
S113-10,S113,particular,2,10,80.35294670442707,0.09336496573038433,0.42336250648150603,0.1526427366772698,0.969292252103498,0.9522710224256694,piedemonte,254.2707659915513,1460.4051899733163,0.7172982871794185,0.8252637443445147,12.55084365400245,1.9308990236926846,sintetico,91.27539684241223,3.3608333333333333,1.7748484871525063,29.251762643183316,27.158560925091663,7.157616331928258,0.5974037102807405,10.521530705016943,0.1999242212312413,13.941075740672082,15.77050776074895,19.875508055406428,7.463319648315714,12.229865682225043,7.147455308930654,6.101126595053794,5.435442406456159,58.57338571288554,22.531748483728418
S114-01,S114,particular,1,1,79.48588086097412,0.13878524245501342,0.6266081912742977,0.16595185144490784,0.9455158001600362,0.9512985512162819,plano,29.893098779650767,1502.3321612473483,0.6686849431658395,0.7825038409270604,13.232280982301937,2.0357355357387594,sintetico,102.20377483934426,3.3044444444444445,1.3698124185732692,34.21893511867979,30.929185391866117,9.616677874915938,0.5761012144567103,15.82044384667115,0.1719960050934021,2.4375677528089192,11.189937438650652,14.564385335313156,7.931329375116917,12.886083783128433,5.697175538137082,4.805229011746919,4.60112380095803,45.239799725255544,16.66889649664624
S114-02,S114,particular,1,2,79.48588086097412,0.13878524245501342,0.6266081912742977,0.16595185144490784,0.9455158001600362,1.256664594870942,plano,29.893098779650767,1502.3321612473483,0.6686849431658395,0.7825038409270604,13.232280982301937,2.0357355357387594,sintetico,85.18043336114148,2.508611111111111,1.36181509558882,37.4081749085794,33.955216487665744,9.234857712324217,0.5396346094595765,23.076071309932455,0.1459828485733344,4.149835488172974,9.614247456824714,12.121787251026035,6.432409889918151,13.242382686875906,3.8046333877163168,3.2770856722756427,3.3153578258701413,36.89099519799446,13.711389964821693
S114-03,S114,particular,1,3,79.48588086097412,0.13878524245501342,0.6266081912742977,0.16595185144490784,0.9455158001600362,0.8011428047702223,plano,29.893098779650767,1502.3321612473483,0.6686849431658395,0.7825038409270604,13.232280982301937,2.0357355357387594,sintetico,71.79626204003185,2.4277777777777776,1.3789018701948579,33.448013473721645,29.572831046237376,11.590389016018307,0.5593350473487165,16.979405034324945,0.16812500478285014,2.0207420414103425,11.272627047969465,14.632521609387775,5.495134687193974,13.065423529535684,3.9756535080636874,3.3623739608897907,3.3871781601671085,46.8026545387628,16.71287247809502
S114-04,S114,particular,1,4,79.48588086097412,0.13878524245501342,0.6266081912742977,0.16595185144490784,0.9455158001600362,0.9604164002758974,plano,29.893098779650767,1502.3321612473483,0.6686849431658395,0.7825038409270604,13.232280982301937,2.0357355357387594,sintetico,79.0528359719901,3.3583333333333334,1.9480642042312697,26.240346258919352,23.539305996622364,10.297766749379653,0.5470486951357167,8.23821339950372,0.18741721258662433,2.8783627434018118,12.082728576642504,15.314779013709302,6.823485299341945,11.585404306449364,5.110299326746088,4.3287072210149455,4.2290397063520455,57.09127710660292,17.322903995897082
S114-05,S114,particular,1,5,79.48588086097412,0.13878524245501342,0.6266081912742977,0.16595185144490784,0.9455158001600362,0.40386894251426614,plano,29.893098779650767,1502.3321612473483,0.6686849431658395,0.7825038409270604,13.232280982301937,2.0357355357387594,sintetico,71.47948194524821,3.0180555555555557,1.8886538671811748,26.8396143421759,23.683951679971795,11.762540266912103,0.581726140301061,6.175793833410032,0.20851376887720932,1.7955602000741075,14.659786067012748,18.46689556122845,5.949164342034945,12.015045783858485,5.281671215140531,4.519609474924163,4.420364053230427,61.387118312403935,20.916889513691494
S114-06,S114,particular,2,6,79.48588086097412,0.13878524245501342,0.6266081912742977,0.16595185144490784,0.9455158001600362,0.8069911847796971,plano,29.893098779650767,1502.3321612473483,0.6686849431658395,0.7825038409270604,13.232280982301937,2.0357355357387594,sintetico,84.88367970130163,1.7927777777777778,0.7068496583929307,50.97944126316044,47.34757467069815,7.127362875735978,0.5556054866831037,45.1502943910753,0.12263528668060891,2.4759326238910804,7.762539492039365,10.568200864514068,5.513332875287027,15.396073776314937,3.1153966917554947,2.4865188572070394,2.6997885737884237,30.732663789691944,12.441844262044153
S114-07,S114,particular,2,7,79.48588086097412,0.13878524245501342,0.6266081912742977,0.16595185144490784,0.9455158001600362,0.6722097403307244,plano,29.893098779650767,1502.3321612473483,0.6686849431658395,0.7825038409270604,13.232280982301937,2.0357355357387594,sintetico,80.81082808094614,3.141111111111111,1.979932687235083,28.97422746471224,25.7268288902906,11.213300318358684,0.559965902948378,8.622214361513972,0.18745873657213155,2.0318033184627904,12.486769276344626,16.183362978467514,6.628301719679191,12.19178478870714,5.331686852049831,4.434188909007745,4.347043056993188,55.63551104057577,18.57292195336368
S114-08,S114,particular,2,8,79.48588086097412,0.13878524245501342,0.6266081912742977,0.16595185144490784,0.9455158001600362,0.6949271311325276,plano,29.893098779650767,1502.3321612473483,0.6686849431658395,0.7825038409270604,13.232280982301937,2.0357355357387594,sintetico,76.80224482154165,2.8852777777777776,1.5624543303237168,28.95704145725479,26.618665770439005,8.077404447867528,0.5582453650931711,7.759699624530664,0.18591726084007623,1.6261352182455877,13.548010286284846,16.85041924105247,5.999462675999406,12.80152056429749,4.851162230598871,4.173895189747899,4.134889278355334,56.23778668153735,18.984678370936532
S114-09,S114,particular,2,9,79.48588086097412,0.13878524245501342,0.6266081912742977,0.16595185144490784,0.9455158001600362,0.5329255341242188,plano,29.893098779650767,1502.3321612473483,0.6686849431658395,0.7825038409270604,13.232280982301937,2.0357355357387594,sintetico,69.02031184944161,2.3419444444444446,1.2604985064364622,32.42381179317466,29.471370259517233,9.109239710591863,0.5215222898882991,13.035227137943304,0.15257035714447026,2.7715805876430983,10.429928227942169,13.144086024846198,5.095756891966635,13.544663395981633,3.2971782584903315,2.8175213982788025,2.943961264740054,42.371064109977915,14.897919083270091
S114-10,S114,particular,2,10,79.48588086097412,0.13878524245501342,0.6266081912742977,0.16595185144490784,0.9455158001600362,1.3015004570139448,plano,29.893098779650767,1502.3321612473483,0.6686849431658395,0.7825038409270604,13.232280982301937,2.0357355357387594,sintetico,83.18016445014155,3.3455555555555554,2.1759995450416785,27.83955734303253,24.86288542182909,10.694121554300896,0.598018405249252,10.710727333111922,0.18944210004440143,3.2353448303672763,12.314690500056065,15.73896307181697,7.218596692953696,11.523038062416811,5.503177462313729,4.697181569658762,4.566779967609677,55.42666075700023,17.892394918500468
S115-01,S115,particular,1,1,78.7243281829868,0.09784519301716951,0.6722841118309153,0.10811019954226078,1.0408487485184474,1.131347838529385,plano,22.125897889726943,1205.8951078338107,0.6502457439985567,0.4627580745037387,7.421065379291783,1.1417023660448897,sintetico,69.17779267118426,2.6438888888888887,1.8069382553755327,28.448715286299215,26.165166381200187,8.026896406808152,0.6076074789203947,10.306787140155494,0.18510230167676917,3.0472909856765513,14.76923524360742,17.974926274188796,4.089429123446659,16.916246885061486,3.536586878743798,3.1017651377971127,3.227561729363516,54.403868000049755,20.172605194259443
S115-02,S115,particular,1,2,78.7243281829868,0.09784519301716951,0.6722841118309153,0.10811019954226078,1.0408487485184474,1.3199416490131284,plano,22.125897889726943,1205.8951078338107,0.6502457439985567,0.4627580745037387,7.421065379291783,1.1417023660448897,sintetico,78.87562502096222,2.4411111111111112,1.4833479920939547,36.306386660972265,32.311362093248064,11.003641329085116,0.6051898641738573,19.094219390077377,0.18164288411590704,2.102474103939927,12.375876289282989,15.582920902604545,4.692578124189785,16.808590700784723,3.603464479550093,3.1151512193251416,3.2100232458699445,41.520019976169245,17.771953762659443
S115-03,S115,particular,1,3,78.7243281829868,0.09784519301716951,0.6722841118309153,0.10811019954226078,1.0408487485184474,1.088714208867943,plano,22.125897889726943,1205.8951078338107,0.6502457439985567,0.4627580745037387,7.421065379291783,1.1417023660448897,sintetico,83.08836892326126,2.641388888888889,1.72105917895767,35.02144106354531,31.45631802752556,10.179829635082553,0.6318062884906184,19.08718056577979,0.17377715266562016,1.781700800269143,12.655992940966414,16.20511532445346,4.7992045578287215,17.31294591053074,3.854990350164003,3.29156167683864,3.382357609125265,44.14516334438362,18.54677095986646
S115-04,S115,particular,1,4,78.7243281829868,0.09784519301716951,0.6722841118309153,0.10811019954226078,1.0408487485184474,0.6539725753997303,plano,22.125897889726943,1205.8951078338107,0.6502457439985567,0.4627580745037387,7.421065379291783,1.1417023660448897,sintetico,86.02172372273469,2.1033333333333335,0.9299976394085764,43.54305475279034,40.89780842602283,6.075013206550449,0.5881328823687617,30.058108821975697,0.16662842321567745,1.6521045721808767,11.489917042864974,15.162479974020819,4.618325561685274,18.62617144975472,3.5485589004149403,3.0087641568306247,3.1304414690709765,36.142623994305026,17.465696241488594
S115-05,S115,particular,1,5,78.7243281829868,0.09784519301716951,0.6722841118309153,0.10811019954226078,1.0408487485184474,0.8269589076496769,plano,22.125897889726943,1205.8951078338107,0.6502457439985567,0.4627580745037387,7.421065379291783,1.1417023660448897,sintetico,87.7962944664655,3.0555555555555554,1.788230368423663,32.163087420298744,28.733332734479617,10.663636363636364,0.6031363098414472,14.099999999999998,0.20350671569229456,3.16890263778728,15.64970760227102,19.898254543111292,5.075526279769764,17.29796864936105,4.973017147547005,4.244675306610776,4.194127309088419,54.26183962670378,22.606350726751018
S115-06,S115,particular,2,6,78.7243281829868,0.09784519301716951,0.6722841118309153,0.10811019954226078,1.0408487485184474,0.6072804864859412,plano,22.125897889726943,1205.8951078338107,0.6502457439985567,0.4627580745037387,7.421065379291783,1.1417023660448897,sintetico,89.458568857215,3.667222222222222,2.0568180594715613,27.19335032390222,24.394095431447813,10.293894864414483,0.5940525178896915,8.589607635206786,0.20082026014944335,3.9157081471004807,15.702553930762601,19.485446127653603,5.278336910280919,16.948249112892253,5.057550857651563,4.337537857330604,4.213949284370046,56.21070729250838,22.061229864098788
S115-07,S115,particular,2,7,78.7243281829868,0.09784519301716951,0.6722841118309153,0.10811019954226078,1.0408487485184474,0.5176079961698283,plano,22.125897889726943,1205.8951078338107,0.6502457439985567,0.4627580745037387,7.421065379291783,1.1417023660448897,sintetico,85.09551295549213,3.067222222222222,1.9037431513543088,31.837855605879405,27.743510834972984,12.859989132403552,0.5898402261013401,14.99728310088752,0.19185488258444053,2.3565364154698347,14.083740195743314,18.011875756026008,4.967240011862251,17.1313471368961,4.448636577266936,3.79187978300584,3.7965879979660007,47.893256842324746,20.684256945256717
S115-08,S115,particular,2,8,78.7243281829868,0.09784519301716951,0.6722841118309153,0.10811019954226078,1.0408487485184474,1.0272981840466913,plano,22.125897889726943,1205.8951078338107,0.6502457439985567,0.4627580745037387,7.421065379291783,1.1417023660448897,sintetico,89.03573543797994,2.4219444444444442,1.1456074294017669,39.498292985425486,36.76208826433396,6.927399931184769,0.5629923035828704,27.136139465535038,0.15793242429005144,4.007660995628684,10.425470978118641,13.627032187716521,5.0806983795909755,17.524310397096986,3.5956697403775784,2.9960228346070816,3.12121921583503,35.859606538957564,15.886851121170269
S115-09,S115,particular,2,9,78.7243281829868,0.09784519301716951,0.6722841118309153,0.10811019954226078,1.0408487485184474,0.6955157248030429,plano,22.125897889726943,1205.8951078338107,0.6502457439985567,0.4627580745037387,7.421065379291783,1.1417023660448897,sintetico,87.36130692781704,3.1663888888888887,1.7055605649662775,30.45716685455562,27.590201328199086,9.413106412843232,0.5749099235885106,11.658917448899027,0.17920399035737952,2.1177560497104424,14.036905704391167,17.31676910179325,4.982221793334122,17.534608163109198,4.1673265959541865,3.6622161029655134,3.6837960368942992,47.59365863724278,19.41958720073804
S115-10,S115,particular,2,10,78.7243281829868,0.09784519301716951,0.6722841118309153,0.10811019954226078,1.0408487485184474,0.591648579784943,plano,22.125897889726943,1205.8951078338107,0.6502457439985567,0.4627580745037387,7.421065379291783,1.1417023660448897,sintetico,86.44687220421608,3.702777777777778,2.510212277980102,26.61268513213425,23.34649211816788,12.273068267066767,0.6296144479745471,9.30232558139535,0.22191244074167268,2.7143005769520157,17.3500773339064,21.555079119189664,5.2807715580833525,16.37012153496597,5.464397656595217,4.7610270101532395,4.606412073294587,60.5879634246267,24.36932919278155
S116-01,S116,particular,1,1,104.8597173713023,0.15030533781887495,0.5192163940507786,0.09984818506204643,1.0403991177505425,0.8591605788835971,plano,36.066463044519566,1266.294059149729,0.6021687625107096,0.6040499376455545,9.639956004733136,1.4830701545743286,sintetico,104.5767358576443,3.129166666666667,1.357854582431205,36.70432378741537,33.41999548047221,8.948069241011984,0.6049389378747209,18.94363071460275,0.18194965619745185,2.624511810293371,12.101086756993919,15.674771140751673,6.441976829646309,16.233640483830484,5.102576749047437,4.264785489618877,4.162140533338065,44.99457021256739,18.079868985787925
S116-02,S116,particular,1,2,104.8597173713023,0.15030533781887495,0.5192163940507786,0.09984818506204643,1.0403991177505425,0.5618084509909892,plano,36.066463044519566,1266.294059149729,0.6021687625107096,0.6040499376455545,9.639956004733136,1.4830701545743286,sintetico,93.5714585729304,1.6669444444444443,0.47022885686564375,60.991716614620586,56.13351955716538,7.965339110148309,0.5163598076310321,43.842692884519245,0.12723816562805443,2.4017474285452534,6.25988285916943,8.624275283268375,5.262800380930613,17.779784867383537,2.5527041883824553,2.0267251169200233,2.203581594033273,21.781200651169833,10.285665783782594
S116-03,S116,particular,1,3,104.8597173713023,0.15030533781887495,0.5192163940507786,0.09984818506204643,1.0403991177505425,1.216574551928799,plano,36.066463044519566,1266.294059149729,0.6021687625107096,0.6040499376455545,9.639956004733136,1.4830701545743286,sintetico,102.65864581840697,2.7505555555555556,1.071512283481502,39.98389321067457,37.322876686150785,6.655221167440921,0.6350393081653364,25.297919612199554,0.17927691984146954,2.9731313834871758,12.425079572940325,16.2215909147462,6.223754647604973,16.49464858932254,5.033390955566535,4.262540114706808,4.2056588521035,45.115489081796866,18.629842550189696
S116-04,S116,particular,1,4,104.8597173713023,0.15030533781887495,0.5192163940507786,0.09984818506204643,1.0403991177505425,0.47947571265473443,plano,36.066463044519566,1266.294059149729,0.6021687625107096,0.6040499376455545,9.639956004733136,1.4830701545743286,sintetico,109.74821579411322,2.6044444444444443,0.9385118405316691,45.47054630668749,42.13882005746668,7.327218430034129,0.6020917642821952,30.076791808873722,0.16248198382165746,2.382642277363815,11.166270898096755,14.56880613645882,6.165698394788079,17.799802839348157,4.562701334070375,3.8344339645314864,3.8490930503133023,36.529330515216316,16.810154593800654
S116-05,S116,particular,1,5,104.8597173713023,0.15030533781887495,0.5192163940507786,0.09984818506204643,1.0403991177505425,0.7188084069203013,plano,36.066463044519566,1266.294059149729,0.6021687625107096,0.6040499376455545,9.639956004733136,1.4830701545743286,sintetico,102.11769070118939,3.191666666666667,1.4493081363646252,34.892149442319834,31.99509891421077,8.302872062663186,0.6049058281164342,22.06266318537859,0.19052831658325775,2.860456735363752,13.397753130864107,17.354539098078607,6.232450936055956,16.384836679646916,5.3637407159933685,4.557228616397586,4.444830417884346,49.57693604463876,19.934055730010407
S116-06,S116,particular,2,6,104.8597173713023,0.15030533781887495,0.5192163940507786,0.09984818506204643,1.0403991177505425,1.0387830942126208,plano,36.066463044519566,1266.294059149729,0.6021687625107096,0.6040499376455545,9.639956004733136,1.4830701545743286,sintetico,98.80452492495041,2.848888888888889,1.174035299376328,38.32521169376376,34.68177551967838,9.506630265210608,0.6445154323074074,19.99804992199688,0.18211420809730228,2.6570671051289634,12.55298731165066,16.388396752364375,6.131069778732339,16.115380918952653,5.069981920098311,4.24697784627449,4.1947999701303855,46.25839835035275,18.839712474085886
S116-07,S116,particular,2,7,104.8597173713023,0.15030533781887495,0.5192163940507786,0.09984818506204643,1.0403991177505425,0.917955345346585,plano,36.066463044519566,1266.294059149729,0.6021687625107096,0.6040499376455545,9.639956004733136,1.4830701545743286,sintetico,118.86868503097187,4.2747222222222225,1.8760197434832913,30.54877684976433,27.807347203294476,8.973942426408474,0.6227151864228118,10.793423874195854,0.21206523178625059,4.567265267661332,15.794588621032219,20.116441823913647,7.913239791063608,15.021494124973923,7.701912444751462,6.626215258326893,6.18179003625555,58.86017004711411,22.775197083846756
S116-08,S116,particular,2,8,104.8597173713023,0.15030533781887495,0.5192163940507786,0.09984818506204643,1.0403991177505425,0.5028618515335376,plano,36.066463044519566,1266.294059149729,0.6021687625107096,0.6040499376455545,9.639956004733136,1.4830701545743286,sintetico,122.83029269806396,3.9175,1.5712736309635291,35.002695615691465,31.35425467723394,10.423314188470538,0.6292329098606627,17.960717577820322,0.20993086242916864,2.7305898837602705,14.604969689795778,18.935069894035397,7.786253206135806,15.775275918495678,7.338467945667526,6.170652173403377,5.807399919695862,50.813244983282715,21.777506731910126
S116-09,S116,particular,2,9,104.8597173713023,0.15030533781887495,0.5192163940507786,0.09984818506204643,1.0403991177505425,1.0561722012111503,plano,36.066463044519566,1266.294059149729,0.6021687625107096,0.6040499376455545,9.639956004733136,1.4830701545743286,sintetico,112.84637381267984,3.8255555555555554,1.4710264441066836,32.33677829544277,29.4980355595155,8.778681382515249,0.5706402907895648,13.48388033691548,0.17617192464451803,2.461064344819406,11.445955670247299,14.437476865705301,7.568945969143647,14.909126617196256,5.432224229873324,4.6453208475160634,4.490343081826659,43.51968717597774,16.450987153607052
S116-10,S116,particular,2,10,104.8597173713023,0.15030533781887495,0.5192163940507786,0.09984818506204643,1.0403991177505425,1.0689531927268126,plano,36.066463044519566,1266.294059149729,0.6021687625107096,0.6040499376455545,9.639956004733136,1.4830701545743286,sintetico,107.15020911622294,3.123611111111111,1.194584696154553,37.51976975181427,34.303312834006455,8.572698977323254,0.6273904501949008,20.711427301022677,0.16683359235657502,3.3795235165445288,12.091370806576116,15.55372930650172,6.515395800889576,16.445694535026288,5.039036219849887,4.291676416041585,4.154236320210736,44.50067026338099,17.72755384697875
S117-01,S117,particular,1,1,66.99488510667155,0.14915206375399281,0.47308219384131006,0.0918194620754253,0.9833358690320448,0.4465686549559432,plano,30.116825216087555,1264.0325184370165,0.694274180059121,0.5338187713055804,8.318027292098492,1.2796965064766912,sintetico,60.768214990895,1.8155555555555556,1.217741873956435,36.52771906138534,33.47086505006456,8.369033047735618,0.6030500503622352,17.732558139534884,0.18237825752336895,2.934002235417263,15.523482749437441,19.489277874744452,3.337165434253433,18.209530269957874,3.1447343742132996,2.7371789167249863,2.931402452881153,49.16449267426517,21.977027029377698
S117-02,S117,particular,1,2,66.99488510667155,0.14915206375399281,0.47308219384131006,0.0918194620754253,0.9833358690320448,1.5755037921622441,plano,30.116825216087555,1264.0325184370165,0.694274180059121,0.5338187713055804,8.318027292098492,1.2796965064766912,sintetico,61.12470032966734,1.8372222222222223,1.0961198932452032,36.275610778720804,33.270172541095015,8.285455095252495,0.5491113611963789,23.026912609615966,0.17178869728175722,1.9147766481378683,11.7912450553305,15.133479577111425,3.7746027374499223,16.193677740763384,2.8265265990498003,2.4254198060286782,2.650338183346419,43.640848351869856,17.209083794466114
S117-03,S117,particular,1,3,66.99488510667155,0.14915206375399281,0.47308219384131006,0.0918194620754253,0.9833358690320448,0.9971869208025975,plano,30.116825216087555,1264.0325184370165,0.694274180059121,0.5338187713055804,8.318027292098492,1.2796965064766912,sintetico,66.2945676680619,2.1191666666666666,1.2972405285242006,34.259989514065644,31.283319387209705,8.6905230043256,0.5817781557757612,14.942980731419583,0.17115540376167326,1.7112103951155124,12.924488731171444,15.986273034759456,3.8514988264814605,17.212667238075042,2.9971448462398826,2.6056139940638414,2.79838023575949,44.77757263816686,18.038658054801715
S117-04,S117,particular,1,4,66.99488510667155,0.14915206375399281,0.47308219384131006,0.0918194620754253,0.9833358690320448,1.565632045420092,plano,30.116825216087555,1264.0325184370165,0.694274180059121,0.5338187713055804,8.318027292098492,1.2796965064766912,sintetico,72.43093466138394,2.589722222222222,1.601525653953001,31.052408913791815,27.968611474952507,9.932425185026279,0.6256218942246417,12.538882334012659,0.1923952101474409,2.459097655241202,13.530310192173369,17.18528336228412,4.845655726502252,14.947602295647798,4.0773246953510025,3.4980310126713934,3.5286331571325373,51.72235502436704,19.51214282250029
S117-05,S117,particular,1,5,66.99488510667155,0.14915206375399281,0.47308219384131006,0.0918194620754253,0.9833358690320448,1.53351661050386,plano,30.116825216087555,1264.0325184370165,0.694274180059121,0.5338187713055804,8.318027292098492,1.2796965064766912,sintetico,59.86654489482,2.3108333333333335,2.08797752099463,28.514998498941303,25.90690727507537,9.14773410265657,0.6050707913392032,10.205553552109627,0.20251806399782635,3.584047770071896,14.530013391264323,18.179413224121046,4.049324625510255,14.78432835877569,3.5571641997218717,3.085376301799801,3.2039056489444753,55.920566012145095,20.522373777829035
S117-06,S117,particular,2,6,66.99488510667155,0.14915206375399281,0.47308219384131006,0.0918194620754253,0.9833358690320448,0.5257313319177457,plano,30.116825216087555,1264.0325184370165,0.694274180059121,0.5338187713055804,8.318027292098492,1.2796965064766912,sintetico,69.24093636369328,1.9313888888888888,1.0254049660314688,37.928039141134136,35.85033379969737,5.479649072342873,0.5385639570859501,20.48036818639436,0.15856643919144855,2.4583905316732335,11.625877630159973,14.628504076769003,3.9865552820504386,17.36861311705679,2.8870033887464976,2.4938505206946235,2.708920383495258,36.379000178747155,16.604070354422515
S117-07,S117,particular,2,7,66.99488510667155,0.14915206375399281,0.47308219384131006,0.0918194620754253,0.9833358690320448,1.3856618339728641,plano,30.116825216087555,1264.0325184370165,0.694274180059121,0.5338187713055804,8.318027292098492,1.2796965064766912,sintetico,73.79643455202054,1.6861111111111111,0.6639887183907096,45.52213234874468,43.76724289740922,3.85502471169687,0.5430429013247997,34.76112026359143,0.10815392794204338,4.807117710817127,6.838351882887181,9.077987455116025,4.152390003594511,17.772038389491055,2.0586583833620646,1.692239703623317,2.0044400656994945,26.323875573450533,10.726468809423329
S117-08,S117,particular,2,8,66.99488510667155,0.14915206375399281,0.47308219384131006,0.0918194620754253,0.9833358690320448,1.4273533795426765,plano,30.116825216087555,1264.0325184370165,0.694274180059121,0.5338187713055804,8.318027292098492,1.2796965064766912,sintetico,73.66052604992781,2.9844444444444442,1.9684898788493257,27.312475067799436,24.681486762820192,9.633283693224124,0.5723116663568945,7.399478778853314,0.20394158314450123,1.34220115954291,14.752330850697327,18.37238411405649,5.033596802055892,14.633775597569185,4.435807561222769,3.8580661563399663,3.8360096013134837,58.61553034332888,20.707085612757815
S117-09,S117,particular,2,9,66.99488510667155,0.14915206375399281,0.47308219384131006,0.0918194620754253,0.9833358690320448,1.2959636408444837,plano,30.116825216087555,1264.0325184370165,0.694274180059121,0.5338187713055804,8.318027292098492,1.2796965064766912,sintetico,61.90890735377238,1.6411111111111112,1.098387984969928,41.60369545851592,37.72377563872386,9.326337169939066,0.5712908185519043,23.882870683818552,0.14639516915474934,4.824131584765991,9.11910178466095,11.87179112391374,3.858410293792921,16.045185099512643,2.3755459484690777,1.9759195787408863,2.255224955851813,31.56157140467513,13.730506017903638
S117-10,S117,particular,2,10,66.99488510667155,0.14915206375399281,0.47308219384131006,0.0918194620754253,0.9833358690320448,0.5844380501237708,plano,30.116825216087555,1264.0325184370165,0.694274180059121,0.5338187713055804,8.318027292098492,1.2796965064766912,sintetico,75.94696780808522,2.325,1.3298753447961575,35.232576835858154,32.66536249810117,7.287933094384708,0.567111620430411,16.810035842293907,0.1763713254553103,2.8625666234780778,12.675386297773905,15.97854154724398,4.523251400248227,16.790348598337335,3.507409132637479,3.066629451928948,3.1948820631662875,40.472962003553135,17.987342480139304
S118-01,S118,particular,1,1,89.21936568109771,0.05746783572805651,0.6966431125976282,0.060092660280291275,0.9586318796523579,0.9543494865603791,intermedio,159.54245759084867,1217.1234512131653,0.6683998534273744,0.5127311922510058,8.09076594478512,1.244733222274634,sintetico,76.3711547108229,3.557777777777778,2.3176289617487806,24.491876204666696,21.465971030524862,12.35946283572767,0.5584390068670274,4.887570268582136,0.19524754813818712,6.794936093459501,13.569612351150141,16.493873700295108,5.162350869137421,14.793871367287322,4.131712272854513,3.630349593311543,3.6457534260737288,53.978023090980834,18.52012284136608
S118-02,S118,particular,1,2,89.21936568109771,0.05746783572805651,0.6966431125976282,0.060092660280291275,0.9586318796523579,0.5284975586628757,intermedio,159.54245759084867,1217.1234512131653,0.6683998534273744,0.5127311922510058,8.09076594478512,1.244733222274634,sintetico,87.68911220185667,4.129166666666666,2.600094746941371,24.35073500380904,21.236515568562666,12.79515640766902,0.5708496354587305,5.664312142616885,0.20193462653142863,5.777141672540394,14.100906590329622,17.26836218847509,5.743916086257791,15.26643336793363,4.816823610818128,4.204231273349124,4.048977084081104,54.28192523639458,19.52815478960711
S118-03,S118,particular,1,3,89.21936568109771,0.05746783572805651,0.6966431125976282,0.060092660280291275,0.9586318796523579,0.6973577725121799,intermedio,159.54245759084867,1217.1234512131653,0.6683998534273744,0.5127311922510058,8.09076594478512,1.244733222274634,sintetico,80.82397390050542,3.258611111111111,1.6579239244652142,27.710266506564693,24.803197173456613,10.493564061034863,0.5666128393200212,7.936237319921576,0.19257629471327453,6.110890208168053,14.878735954622938,18.33622930842949,4.961919169593099,16.288853392816026,4.373684388968754,3.850390588497579,3.819834115482432,54.29569639888731,20.53428357660033
S118-04,S118,particular,1,4,89.21936568109771,0.05746783572805651,0.6966431125976282,0.060092660280291275,0.9586318796523579,0.9089866234828847,intermedio,159.54245759084867,1217.1234512131653,0.6683998534273744,0.5127311922510058,8.09076594478512,1.244733222274634,sintetico,82.17099066607028,3.6294444444444443,2.3974397582788844,24.932810525552945,22.640101515219122,9.199448951477116,0.5759025218829229,5.931425072707791,0.1991072437876308,6.168462360698666,14.810443499750845,18.006506586337235,5.479513238690911,14.996038349877486,4.71055910475165,4.1576096602976556,3.9777920034453325,54.53452348328103,20.12434055292686
S118-05,S118,particular,1,5,89.21936568109771,0.05746783572805651,0.6966431125976282,0.060092660280291275,0.9586318796523579,1.3487051381776691,intermedio,159.54245759084867,1217.1234512131653,0.6683998534273744,0.5127311922510058,8.09076594478512,1.244733222274634,sintetico,99.45617904207342,3.703888888888889,1.8098423017422955,29.64565583085667,26.85182575007232,9.427028648567571,0.5705391281417025,11.864406779661017,0.17737473063553508,6.181195343742528,12.127651756339905,14.84033079591266,6.440740756130911,15.441729889128286,4.686747847322736,4.06570544715915,4.013714824971363,45.44784407733236,16.684578247700653
S118-06,S118,particular,2,6,89.21936568109771,0.05746783572805651,0.6966431125976282,0.060092660280291275,0.9586318796523579,0.768545600219134,intermedio,159.54245759084867,1217.1234512131653,0.6683998534273744,0.5127311922510058,8.09076594478512,1.244733222274634,sintetico,81.22824029444921,3.3452777777777776,2.1790451123695638,27.439986648345617,24.28146351075456,11.517063854521298,0.5416005820124368,9.43286556505854,0.17509511436396527,7.177018132532925,12.703466388286657,15.519732206626072,5.167414940606029,15.719318310621837,3.9146801214035323,3.4318566947200826,3.442302835986932,45.794768724976336,17.482681395162217
S118-07,S118,particular,2,7,89.21936568109771,0.05746783572805651,0.6966431125976282,0.060092660280291275,0.9586318796523579,1.0848823088946389,intermedio,159.54245759084867,1217.1234512131653,0.6683998534273744,0.5127311922510058,8.09076594478512,1.244733222274634,sintetico,102.04440617314737,4.383333333333334,2.2441210507064575,25.949552210148255,23.280092663075443,10.291508238276299,0.5727127260017191,9.771863117870723,0.18301987264225758,6.5134634197968335,12.366473576215654,15.460793775996992,6.905725110031088,14.77678368994447,5.270467133440322,4.5524692299405904,4.4252328925996665,50.347461049268674,17.517413492498466
S118-08,S118,particular,2,8,89.21936568109771,0.05746783572805651,0.6966431125976282,0.060092660280291275,0.9586318796523579,0.41136330302302226,intermedio,159.54245759084867,1217.1234512131653,0.6683998534273744,0.5127311922510058,8.09076594478512,1.244733222274634,sintetico,82.32885671263112,2.9494444444444445,1.7490829552344205,31.226324170791468,27.913343771470338,10.614051610472782,0.5796949460166447,15.26652853644754,0.1728955990879119,5.820872226067596,13.176026013318111,16.203305147500142,4.722517276958228,17.43325685949827,3.7404230809403844,3.270492772070808,3.3234102599775275,45.346899944946706,18.285783760776276
S118-09,S118,particular,2,9,89.21936568109771,0.05746783572805651,0.6966431125976282,0.060092660280291275,0.9586318796523579,1.1415362533985645,intermedio,159.54245759084867,1217.1234512131653,0.6683998534273744,0.5127311922510058,8.09076594478512,1.244733222274634,sintetico,98.86816763746907,4.590277777777778,2.3364446365288516,24.133644284795775,21.53860232949402,10.75945537065053,0.5607716606376019,5.337367624810892,0.19487772397727443,6.060530003229981,14.00625431637451,17.210191619766725,6.8082996740136785,14.521712082509373,5.6627950140936845,4.964805621744226,4.768962745947119,57.20197618096245,19.355671532139365
S118-10,S118,particular,2,10,89.21936568109771,0.05746783572805651,0.6966431125976282,0.060092660280291275,0.9586318796523579,0.8749386046626493,intermedio,159.54245759084867,1217.1234512131653,0.6683998534273744,0.5127311922510058,8.09076594478512,1.244733222274634,sintetico,104.97761441489058,3.216666666666667,1.3717210169292462,35.75286550835348,32.63552779737531,8.721934369602764,0.5441522287795525,24.03281519861831,0.15028195453966697,6.192455725619056,10.400156079646832,13.084687052003643,6.112151293313452,17.175231661842794,4.035003400144972,3.4740047097743956,3.512771158455471,36.144106711867906,15.013063017058073
S119-01,S119,particular,1,1,56.988308642207855,0.12098080929252522,0.6912562374977271,0.08730897624754325,1.0338966377635885,0.9194688841999414,plano,23.255135626671795,1261.7872621787576,0.6771581499541728,0.5071136918071965,8.273708559652714,1.2728782399465715,sintetico,49.89487815276464,1.6994444444444445,1.723623810377715,32.03523476903027,29.3595229404957,8.352402745995423,0.6129116842600563,16.77018633540373,0.18514935183221737,2.4155560213803167,13.871162305353069,17.341602733455527,3.0467703335249414,16.376317441373757,2.575138877595449,2.2336097396687022,2.490193022882024,47.988996367234385,19.67267829501757
S119-02,S119,particular,1,2,56.988308642207855,0.12098080929252522,0.6912562374977271,0.08730897624754325,1.0338966377635885,0.7475649978291261,plano,23.255135626671795,1261.7872621787576,0.6771581499541728,0.5071136918071965,8.273708559652714,1.2728782399465715,sintetico,50.89961505791084,1.2877777777777777,0.9233861581571084,42.08512039698646,39.52515405704897,6.082830025884383,0.6069399968087873,24.072476272648835,0.17517382263087178,2.3370245830385206,12.434994237071177,16.26661026042667,2.879374487834075,17.67731681758374,2.3645918976644573,1.9868192842438512,2.2937701910553683,40.19644663482188,18.812800277897008
S119-03,S119,particular,1,3,56.988308642207855,0.12098080929252522,0.6912562374977271,0.08730897624754325,1.0338966377635885,1.444392577779396,plano,23.255135626671795,1261.7872621787576,0.6771581499541728,0.5071136918071965,8.273708559652714,1.2728782399465715,sintetico,63.78304483006043,2.1230555555555557,1.442389591859703,33.69317115014198,30.043040872460754,10.83344236556326,0.5937542713471649,16.98286013345545,0.18720494522707667,3.6790945867633456,12.075573986401517,15.744810275924122,4.075328855748936,15.651017890270062,3.291342431962467,2.7226293046647787,2.8978999821667775,46.854000605545245,18.296463693116767
S119-04,S119,particular,1,4,56.988308642207855,0.12098080929252522,0.6912562374977271,0.08730897624754325,1.0338966377635885,1.0660117788501515,plano,23.255135626671795,1261.7872621787576,0.6771581499541728,0.5071136918071965,8.273708559652714,1.2728782399465715,sintetico,52.411721284982704,1.6877777777777778,1.354658810267758,33.73541867082742,31.05368608063491,7.949308755760369,0.5808375620221351,16.244239631336406,0.16583464757748284,1.5748218706785408,10.671842088027478,13.726966807778194,3.2609046656297904,16.072754851562102,2.291588600084548,1.9205207348932427,2.2326483802212356,40.16972826674592,15.859041901830091
S119-05,S119,particular,1,5,56.988308642207855,0.12098080929252522,0.6912562374977271,0.08730897624754325,1.0338966377635885,0.9983366489966197,plano,23.255135626671795,1261.7872621787576,0.6771581499541728,0.5071136918071965,8.273708559652714,1.2728782399465715,sintetico,78.162341796105,2.1225,1.049098557127497,40.56868951354931,36.825602730791516,9.22654102866117,0.5290921389736711,25.376259651878026,0.12899656880413402,2.7556677064427646,8.18080768782909,10.25251115895668,4.597561891948403,17.00082427013952,2.42153926592831,2.06840439935107,2.3544892713341423,27.400157552290192,11.762625035546515
S119-06,S119,particular,2,6,56.988308642207855,0.12098080929252522,0.6912562374977271,0.08730897624754325,1.0338966377635885,0.7751592816351573,plano,23.255135626671795,1261.7872621787576,0.6771581499541728,0.5071136918071965,8.273708559652714,1.2728782399465715,sintetico,67.21097606952159,2.696388888888889,2.2020212866260414,27.741287990171713,24.926291732798777,10.147316369630163,0.5864211158369805,9.52920572782528,0.1922672124405868,3.2913106002134978,12.74785000371313,15.68154071333765,4.635371927134466,14.499586468150065,3.516291536850224,3.0777404946893117,3.1958011712236707,43.136219199474056,17.6281851310947
S119-07,S119,particular,2,7,56.988308642207855,0.12098080929252522,0.6912562374977271,0.08730897624754325,1.0338966377635885,0.8970720257272745,plano,23.255135626671795,1261.7872621787576,0.6771581499541728,0.5071136918071965,8.273708559652714,1.2728782399465715,sintetico,50.36957609772053,1.7502777777777778,1.6081135930716248,31.66791371844113,28.778046969019826,9.125535629265196,0.5629703001183202,14.20409458816061,0.1861327817093272,1.9832438551166167,13.279768601242665,16.970087521732673,3.0811562255460996,16.34762161038852,2.638895628781547,2.2204527292372114,2.4813839919366565,49.915616207849254,19.511366970093825
S119-08,S119,particular,2,8,56.988308642207855,0.12098080929252522,0.6912562374977271,0.08730897624754325,1.0338966377635885,0.9377923844882003,plano,23.255135626671795,1261.7872621787576,0.6771581499541728,0.5071136918071965,8.273708559652714,1.2728782399465715,sintetico,51.428254065804474,1.8169444444444445,1.5361205904232407,30.846670216077317,28.304802726937183,8.24033022473628,0.5823491730152889,10.518269377770984,0.19136345784774828,1.7904644200436937,14.869497403196856,18.189039323763954,3.1259513423475624,16.452032816090572,2.7337525936132203,2.3891314496313605,2.6243936943934956,50.96920356468367,20.416046767800783
S119-09,S119,particular,2,9,56.988308642207855,0.12098080929252522,0.6912562374977271,0.08730897624754325,1.0338966377635885,1.189822179027554,plano,23.255135626671795,1261.7872621787576,0.6771581499541728,0.5071136918071965,8.273708559652714,1.2728782399465715,sintetico,75.61469726960655,2.5994444444444444,1.5869930626335285,32.58864002999923,29.08879142664924,10.739474246633895,0.6019504845362025,16.007693951699082,0.1901013342262949,2.77386021713773,12.912554482503062,16.67253557160944,4.851020044301081,15.587380917635617,4.022282256864401,3.4096072421154884,3.4890424276997507,48.09100167739646,19.21765112231708
S119-10,S119,particular,2,10,56.988308642207855,0.12098080929252522,0.6912562374977271,0.08730897624754325,1.0338966377635885,0.7946097428170504,plano,23.255135626671795,1261.7872621787576,0.6771581499541728,0.5071136918071965,8.273708559652714,1.2728782399465715,sintetico,79.08336909511988,1.6019444444444444,0.5816646474010501,52.8396675468507,49.367110931581685,6.571874458123808,0.5095575411049598,40.21154846540662,0.11723339522676522,2.0377586643142873,7.169161519296559,8.985217285462085,4.17544819497477,18.940091075803117,1.9656507677471111,1.684004294834422,1.980624973579922,22.065708348723913,10.308774603771662
S120-01,S120,particular,1,1,53.63793384633732,0.09534630409399807,0.5535470070054362,0.10170170281249323,1.053653044823423,0.47796678391169434,intermedio,102.11341912387354,1293.7601905716483,0.6201561216998577,0.5717126309933886,9.360737552486333,1.440113469613282,sintetico,64.70867843268587,1.8847222222222222,1.3908489893457459,37.71878924185058,34.33327079700356,8.975681650700073,0.6655971737945454,20.56005895357406,0.2229689194943379,4.8665436881275586,15.509237812219489,20.189991090563243,4.009452993377774,16.139029074430393,4.081297556151555,3.3822279454813424,3.431022842176521,50.578450217425825,23.313590726155542
S120-02,S120,particular,1,2,53.63793384633732,0.09534630409399807,0.5535470070054362,0.10170170281249323,1.053653044823423,1.4319851528765164,intermedio,102.11341912387354,1293.7601905716483,0.6201561216998577,0.5717126309933886,9.360737552486333,1.440113469613282,sintetico,52.662778981215524,1.4708333333333334,1.0633696337972374,38.42440298588891,35.80472225351763,6.817752596789424,0.6361741535659938,20.056657223796034,0.21069953217691137,5.809953696622268,14.768724632551455,18.93656363777362,3.401472545229634,15.48234721314214,3.1738772440090854,2.700159253321992,2.8890180384869364,49.1441395813668,21.469596385246398
S120-03,S120,particular,1,3,53.63793384633732,0.09534630409399807,0.5535470070054362,0.10170170281249323,1.053653044823423,0.5783513958840254,intermedio,102.11341912387354,1293.7601905716483,0.6201561216998577,0.5717126309933886,9.360737552486333,1.440113469613282,sintetico,55.902536754897014,2.4755555555555557,2.379140692364901,25.604215307586422,22.581814667597534,11.804308797127469,0.6371234362674904,6.25,0.24462755793143098,6.660499445351512,18.043434807719578,22.59465947903561,4.040253822166836,13.836392270254898,4.391714194013154,3.7937976767230666,3.7702154804266206,65.44307183811983,25.583907624106637
S120-04,S120,particular,1,4,53.63793384633732,0.09534630409399807,0.5535470070054362,0.10170170281249323,1.053653044823423,0.9911461679963562,intermedio,102.11341912387354,1293.7601905716483,0.6201561216998577,0.5717126309933886,9.360737552486333,1.440113469613282,sintetico,62.77424214787212,2.6147222222222224,2.1187033956810315,27.096795171743366,24.00799657201101,11.399128864336555,0.6143668380343891,9.072559226601507,0.21752347518463938,5.115352244399612,15.525370403728417,19.579563884390936,4.408195039268066,14.240350435650214,4.1491028092871405,3.595074976251085,3.6313247632871684,60.226891982829926,22.161469196206692
S120-05,S120,particular,1,5,53.63793384633732,0.09534630409399807,0.5535470070054362,0.10170170281249323,1.053653044823423,0.6122212028828491,intermedio,102.11341912387354,1293.7601905716483,0.6201561216998577,0.5717126309933886,9.360737552486333,1.440113469613282,sintetico,66.65787506122459,2.0055555555555555,1.4701938804678065,37.015016230203386,33.2366136039347,10.20775623268698,0.6194317485522005,19.50138504155125,0.19073353634100362,5.239418551047089,11.420168774184276,15.19464841080745,4.454355690094828,14.9646502656831,3.5461252165957613,2.868544748397002,2.9975501176290056,39.96689803322323,17.73587837873511
S120-06,S120,particular,2,6,53.63793384633732,0.09534630409399807,0.5535470070054362,0.10170170281249323,1.053653044823423,1.119680906697879,intermedio,102.11341912387354,1293.7601905716483,0.6201561216998577,0.5717126309933886,9.360737552486333,1.440113469613282,sintetico,61.15239093797381,2.4341666666666666,2.0277212075938587,27.75798857353495,25.122515962193965,9.494465365742325,0.6145333228485367,9.163528471984481,0.2120384867462589,5.348225813394807,15.4573741079525,19.451738129125534,4.25867367317513,14.359492093316595,3.97613538361902,3.454122601853107,3.509661828694638,59.47000577031617,21.948335199752194
S120-07,S120,particular,2,7,53.63793384633732,0.09534630409399807,0.5535470070054362,0.10170170281249323,1.053653044823423,1.388427803965516,intermedio,102.11341912387354,1293.7601905716483,0.6201561216998577,0.5717126309933886,9.360737552486333,1.440113469613282,sintetico,57.99516258495056,2.0383333333333336,1.5173679334220116,31.22682998890548,28.452246566615155,8.885254837830471,0.5851516523828214,14.02289452166803,0.1910712826364766,5.377386777326994,12.776737411481275,16.208571619557713,3.8975597125076544,14.879865059883072,3.126858399508466,2.662869017349463,2.839874814987292,50.991200267514884,18.3887794503272
S120-08,S120,particular,2,8,53.63793384633732,0.09534630409399807,0.5535470070054362,0.10170170281249323,1.053653044823423,1.1014370029142118,intermedio,102.11341912387354,1293.7601905716483,0.6201561216998577,0.5717126309933886,9.360737552486333,1.440113469613282,sintetico,59.05709398645033,1.6619444444444444,1.3546213435147125,39.06035979261826,35.53493871823854,9.02557245528999,0.5817798860281658,22.513789069028917,0.16393967080346214,7.022018524351864,10.604835780145295,14.032729777712742,3.801283237306505,15.53609407656156,2.6629092553418277,2.273982974420551,2.404681558385173,37.64003861593311,16.120766937981738
S120-09,S120,particular,2,9,53.63793384633732,0.09534630409399807,0.5535470070054362,0.10170170281249323,1.053653044823423,1.172282682546475,intermedio,102.11341912387354,1293.7601905716483,0.6201561216998577,0.5717126309933886,9.360737552486333,1.440113469613282,sintetico,57.61675549391964,1.0947222222222222,0.6074621817900452,55.74316575600933,52.6313929911471,5.582339507739152,0.5921685600094267,46.333417914234964,0.14512138409737288,5.467412296701747,8.612253949400323,11.295533577712193,3.2869578889765707,17.528899803416472,1.9203674699639863,1.633677378988758,1.95455297384144,27.44350344609957,13.031462791674175
S120-10,S120,particular,2,10,53.63793384633732,0.09534630409399807,0.5535470070054362,0.10170170281249323,1.053653044823423,1.1379897489114403,intermedio,102.11341912387354,1293.7601905716483,0.6201561216998577,0.5717126309933886,9.360737552486333,1.440113469613282,sintetico,67.12519413228911,1.4727777777777777,0.8789546274342817,50.30197728481281,45.57727251532267,9.39268200678989,0.58191841930608,36.32591474915126,0.16267582583408818,4.859117280578131,9.646613609280209,12.744302297371005,3.9691520863377803,16.911721363195117,2.586240137837874,2.1742539893638786,2.3664249350358797,31.672695390812766,14.871067769440398
