conductor,perfil,detenciones_km,vel_mov_media,vel_media,pct_detenido,acel_pos_media,pct_sobre_60,energia_cinetica_km,desnivel_pos_km,km_dia,masa_kg,cilindrada_l,y_conservador,y_base,y_optimista,ahorro_semana1,litros_dia_s2,km_dia_s2,km_declarado,horario_ord,autopista_ord,perfil_colectivo,perfil_aplicacion,perfil_particular
S001,colectivo,3.209718343096553,24.11241327544014,20.305168829080653,15.786902450305377,0.6206085568556986,6.168845788755822,0.2121040689056521,7.304873689585259,169.56681678961468,1607.409141647045,1.9120344362588677,14.895483805389365,19.368344501138505,22.11343453787321,18.772355191308442,14.715592543099778,158.6138141049678,130.0,2,0,1,0,0
S002,colectivo,2.2606885617804933,31.044151232623854,26.560592617011032,14.572899286475055,0.6711578275469259,12.834242416455464,0.2192216492836135,8.191134792334243,234.52776315489672,1373.708756922966,1.405956399545091,16.164759299993325,20.987096632686676,23.979423980914202,21.191154046916548,18.79603666246353,252.81517295927796,270.0,0,1,1,0,0
S003,colectivo,2.4961508392020555,27.961540059301047,24.102047813909056,13.890415314608799,0.6520710800730525,9.181111199248436,0.22619578860169703,7.319519228154749,158.20811196653227,1444.7315708999568,1.6271105193245383,13.708436337640947,18.00944539000031,20.706973434609722,20.776920869522538,13.19230685090675,174.28348802273968,140.0,1,1,1,0,0
S004,colectivo,2.659308442371111,25.59398288609157,22.198047238965877,13.329735887478884,0.6072347202034617,6.0634905729079,0.2077262205681747,7.969427693978483,242.535361258416,1481.2932107874644,1.7211090322200138,15.146987407169238,19.362925241025216,22.017467570643852,19.202003962695354,18.695720643638378,229.72682827927161,290.0,1,0,1,0,0
S005,colectivo,2.4511973495642465,29.405190254321298,24.90758642471752,15.326017125540954,0.6725443279526071,10.836039306414314,0.22521648122039925,1.9845782648489845,270.5583408786934,1578.1039656781732,1.804495706734621,15.287909942886278,20.38806234857601,23.581221791756523,20.51294870051558,23.04135289334842,269.2058693383663,240.0,2,0,1,0,0
S006,colectivo,3.1067181689775083,23.307403483158435,19.859705510542664,14.806236231348402,0.6045193828666037,5.456824247367616,0.20975500364428687,3.753565234830792,243.4986896007922,1346.222605728474,1.3966068616385678,14.83148600691298,18.68764831464135,21.147117699791345,18.321516142746777,17.43254143558012,238.43874874203243,270.0,2,0,1,0,0
S007,colectivo,2.9746948816185634,25.082982200280792,21.187880960432516,15.560279637086825,0.6409740832722285,6.5559750109194255,0.2266056278209081,2.3653133501641874,188.73919022174982,1490.0905629297677,1.695397541837918,14.700610821622362,19.131855739444394,21.901939456910217,20.202702321783114,14.75802413951487,190.36913784744596,150.0,2,0,1,0,0
S008,colectivo,2.874772686834984,24.06068843699703,20.733206590112083,13.844656625369037,0.6151490669690892,5.58416018343384,0.21611824701403592,2.4419899376817065,268.00210268789635,1566.7295558046726,1.8169532006940643,13.612395044478635,17.57932744944467,20.089314511349233,18.62881171709958,23.07600783612108,259.32403788553034,270.0,1,0,1,0,0
S009,colectivo,2.536418410106902,26.32229831207217,22.81301700366109,13.355689596622048,0.6109398756996548,6.768703326493328,0.20941941259739938,6.180880504081698,264.07069179700767,1610.8313789820372,2.015228406098964,14.860108554453056,19.326183007998967,22.105758362862268,19.036978461898308,23.103607308072434,258.9285131389648,210.0,1,0,1,0,0
S010,colectivo,2.518843704247272,26.510473616481782,22.928541540978596,13.524277135909823,0.6313565247201789,8.351946751026878,0.2175480186363517,2.071614207494271,234.4797856497367,1361.6307152553404,1.4308727968590944,15.024575376012283,19.227957789754857,21.870085656360967,20.013790812574314,16.065732655744,220.52723884421465,240.0,1,0,1,0,0
S011,colectivo,2.137361899620208,29.692209849112608,25.770167588962785,13.207391787420994,0.6341020375928995,10.718976940789052,0.20671640556374057,4.260979391283671,179.21753371051184,1432.637347790604,1.7784902104934055,14.621916040105035,18.957368542104444,21.675622652083437,18.767819051148308,13.127835249055138,166.75274911937845,190.0,1,1,1,0,0
S012,colectivo,2.951237865373936,23.82300631015524,20.521722084289543,13.881670566657993,0.6045938454456946,5.587673591930569,0.20438645801750416,3.373705726386583,196.65397954346795,1545.95554991959,1.951320927239388,12.808129872097583,16.51167284951701,18.876612068622276,17.37648858082536,17.440149830705288,195.7310431313768,160.0,2,1,1,0,0
S013,colectivo,2.9233384572119965,24.978614122175472,21.45659003678233,14.160661413637644,0.6478744044429374,6.814843836665157,0.23285672398757548,8.392575374644256,181.8606301775773,1446.7604149782328,1.488412300318941,16.926698750439293,21.795139085335855,24.923327529007537,22.293281905148348,14.728709189546757,181.93745145243858,210.0,2,0,1,0,0
S014,colectivo,2.530572152301949,27.324412728872325,23.418977524163328,14.310107465230129,0.6255183428492566,7.94787922988859,0.20475885678287664,2.2667614995150314,175.94324703094742,1557.7526752491058,1.782034443093785,14.133659073753428,18.45474612810475,21.10041372248513,18.333709590728404,14.509407506125395,167.3467273084185,150.0,1,0,1,0,0
S015,colectivo,3.084855710036563,24.508915391319942,20.810152864444497,15.173881551675475,0.6270017296081812,7.220556525369409,0.21471350261568278,1.8346923858144006,192.30210018683513,1404.5005292577855,1.5734727422499704,15.868631857149708,20.03627586102194,22.70607565733629,18.50480984353528,17.637381320370807,208.40116789034988,170.0,2,0,1,0,0
S016,colectivo,2.7114995984170496,26.030924961776087,22.31781400022399,14.25655189431705,0.6410712628379854,7.40775860060631,0.2234477561143376,12.671849061289166,152.18080033847963,1599.9336074729742,1.8721869454238604,16.195906260919163,21.02844036744858,24.145032595204757,21.630642407291337,14.777260141239575,155.61756505964834,180.0,2,0,1,0,0
S017,colectivo,2.8365868850667844,26.71844287158782,22.758035787445493,14.899400033405602,0.6434785400686089,9.143108615703296,0.21455174146502848,3.508254897816305,261.908885769714,1389.8882205380094,1.402031850434618,15.985144725488603,20.38221802052198,23.156208879802524,19.27004298133212,20.315581135467248,263.3639411495791,250.0,2,1,1,0,0
S018,colectivo,3.329759691123054,24.623702631656066,20.57957862474737,16.412686460899582,0.646611454301155,6.798483008480771,0.22124841284474397,8.201622706003736,192.7349703903964,1342.1047116063903,1.5736359195033145,15.639723456727685,19.643159998527082,22.221623850103114,18.862956823407902,14.627815041074985,174.53374104899797,170.0,2,0,1,0,0
S019,colectivo,2.5557832295926914,27.279247893178542,23.35606970077921,14.390261375484602,0.624990283337652,8.936032566636802,0.20713763119134102,3.4258715316019055,226.34585469914296,1339.3469528439102,1.2961206754131396,15.554881052366087,19.694202903545765,22.315020898677805,19.38191050444495,15.87961593107166,219.88257357650818,250.0,2,0,1,0,0
S020,colectivo,2.509049945820003,27.8486984106479,23.849588861257285,14.405225570780686,0.6323592318540902,9.268541610831406,0.20120872104909598,6.473406197555507,241.31779037805336,1573.2638787802423,2.0017364085325307,14.740581426094781,19.146194192489798,21.878585925315647,18.81107015688026,22.95416135613243,251.68237479615487,210.0,2,0,1,0,0
S021,colectivo,2.6272235044458903,26.187885640756768,22.471151297181528,14.246767009309277,0.621743717031651,7.75883786698442,0.20659358844022857,6.047122892935706,169.17825174900636,1410.814736013441,1.7177416810199568,13.542805804408491,17.36123323305693,19.708535266897034,18.361338232092912,13.357097627090639,175.86111378263476,150.0,1,0,1,0,0
S022,colectivo,3.1626550653088406,23.283265072803843,19.922443807990554,14.449245868372856,0.6277108175402712,4.8371802933715005,0.22489573500896493,2.244398561611801,175.93961986939888,1513.4095588541866,1.8489832215243531,14.07445542348035,18.26545214133256,20.90158144762068,19.096811180797815,16.708188098663477,193.78841794896886,190.0,2,0,1,0,0
S023,colectivo,2.323870061627943,30.36946535137825,25.73125268861305,15.317549673779292,0.6723143710961046,11.713038504385457,0.21925634493832663,1.990549322548791,197.42930083156926,1604.264122322675,2.0534960487313048,13.625537091031976,18.389213004608894,21.322658460929365,18.94917156120538,17.091175005370722,193.52906301529055,170.0,2,0,1,0,0
S024,colectivo,2.5134328079035915,27.445334395621263,23.597670688951,14.033403076514267,0.6457353358381636,7.88351494263834,0.2148977008999399,7.346484335200236,188.04641298665965,1382.7183307941098,1.4992233275535494,15.469371702966699,19.9876715302441,22.787839944985578,20.725638754281405,14.409129641310315,197.6221642178636,160.0,2,0,1,0,0
S025,colectivo,2.008794450072217,31.690339337255296,27.607220158152018,12.965914326575149,0.6458377322283287,13.340339601323155,0.20856699900695203,2.1365995441876686,207.7229123801979,1343.425630051735,1.3740397682428065,16.441927551356752,21.27664608959626,24.30642030059801,19.96776902038462,13.315265869319683,191.5776389833909,230.0,2,0,1,0,0
S026,colectivo,2.7635479523449087,26.01961985303236,22.191770275889862,14.729723016349064,0.6389570326995125,7.381125562050073,0.2268799842458308,6.471559469331527,204.22091455138502,1382.2237540143126,1.5777098093105175,15.432189049021916,19.55240426166292,22.159166768794304,20.154128654958054,17.12872858596174,215.43065600143126,200.0,2,0,1,0,0
S027,colectivo,2.827059819652116,24.792805683794352,21.370849016923053,13.870743380426584,0.6086275172603492,6.669571163652483,0.20788874728492934,2.1441738761799805,253.78909214769214,1606.7369116697284,1.925923391423183,13.947484329022364,18.104185127937143,20.711702130857923,17.449553465600676,24.44164187322231,264.1663099934873,220.0,2,1,1,0,0
S028,colectivo,2.1834629122648073,29.755679552421327,25.912633375773055,12.932462095954168,0.6513829534647849,11.543543486220482,0.2169005741677407,1.667719929665888,219.7876704960256,1530.8476341145324,1.7518832739469858,15.205707449725109,20.06050161871348,23.137789026705143,19.54400422273488,18.1208501966426,224.50737673299955,230.0,1,0,1,0,0
S029,colectivo,3.1722874933122847,24.34973339252066,20.424873590798814,16.156926613976317,0.6297676976534567,6.413902819974004,0.21554546911501463,4.817840361792428,268.9442076763176,1436.671704210141,1.3839820445408135,16.449634548926436,20.865985348959914,23.65243046518201,20.647631028710514,20.7269919307897,259.36628513900797,270.0,2,0,1,0,0
S030,colectivo,2.490004914757322,29.01100244075648,24.82357874132989,14.638791573195281,0.6378462249275594,10.52583775242154,0.21542664488015673,2.228823498036422,205.35550152744236,1599.2916235161606,1.917489397350012,14.304262082891206,18.849809032737213,21.690473588358287,18.702176382911695,18.585221920923992,204.20594076457616,200.0,2,0,1,0,0
S031,colectivo,3.0209849498324743,24.27844012552298,20.87293892351107,14.114360953685658,0.6114251994503056,6.211773878703224,0.21261566650377278,2.286433616345859,195.19308321732495,1295.2111020559455,1.275957906360787,15.352900403178815,19.20494033800155,21.69350339897819,19.796193115812656,14.890840968898122,206.76961600608078,220.0,2,1,1,0,0
S032,colectivo,2.945215364954424,25.546934134202722,21.63036624151311,15.356949997255672,0.6419876572359783,7.067495100208911,0.21987998110417303,9.33868140436894,180.24102508812896,1610.053405938606,1.9624833696397388,14.833486490418732,19.24291546532269,21.994545848546377,20.720745779564776,17.229349185340887,177.9538509542715,170.0,1,0,1,0,0
S033,colectivo,2.7336676029706872,26.73231310371356,22.808801096351345,14.741628752350561,0.6377304562739564,8.812243071287176,0.20954114156034173,5.668387151822957,256.327782839115,1292.2202579417506,1.1523475525416302,16.624119528787045,20.877644296595985,23.634352900068162,19.92016625430432,17.52186152943541,249.5331606121371,270.0,2,0,1,0,0
S034,colectivo,2.276582857933834,27.503807137095816,24.095268471767177,12.388601074314067,0.6107296474578044,8.567219567520985,0.20425719592563243,11.895309398599593,203.9890893839467,1347.269143016835,1.3579932603839058,16.387520196025058,20.71081471484828,23.503034253893052,21.250777259179717,14.74441689699355,203.3782138678395,170.0,1,1,1,0,0
S035,colectivo,2.641514826925606,27.098056907189232,23.113444296751304,14.71203614999654,0.6398849413223936,8.797807479337148,0.21542006653611262,3.5474035318158377,185.45277974440052,1515.2193094886984,1.9741185492574884,14.77528069480619,19.229585275728947,21.981551784635332,18.158801076608732,17.22657671880953,190.18534985560694,190.0,2,0,1,0,0
S036,colectivo,2.7429185548046426,27.38853915324288,23.061494404471635,15.851226628798722,0.6609652099511885,8.64589318906053,0.22312215539242755,2.8648550419894794,235.38621546561657,1440.1438439554925,1.6230525846323898,14.613829918302649,19.084321701630877,21.844548252666346,19.94429376774786,17.025301872377817,222.69575595607526,180.0,2,0,1,0,0
S037,colectivo,2.7476067173518923,24.806116617475105,21.266850919938452,14.292936744260277,0.6236023552488845,5.893838369163049,0.21617516081011895,5.131156554846628,235.1822997545557,1325.544365283324,1.3857360963455052,15.136904753467114,19.108258567228845,21.650043119693937,20.229109979520555,15.871058957568863,221.32345733978391,230.0,2,0,1,0,0
S038,colectivo,2.806681437694822,26.916820554261655,22.838430846761728,15.175805141380312,0.6608889228120487,8.547923708002635,0.2273057073086548,10.637151418464615,231.95924037979634,1513.7732473346307,1.6697644012870465,16.14851769745488,21.06638386166625,24.193895425624525,22.177646641612792,19.073978760266453,217.81922412034282,210.0,2,0,1,0,0
S039,colectivo,2.3398057881319554,29.094261588881796,25.050280796796983,14.003307261370853,0.6320634835795873,9.735823242873613,0.20278652794628993,3.827895382915583,184.29196304974715,1273.0973155872457,1.1389963960843232,14.851871575196522,18.968446391830465,21.466941537054584,19.602252206912627,11.885077734838623,190.74057730974425,160.0,1,0,1,0,0
S040,colectivo,1.9506397451388982,32.72339830582695,28.512794400143783,12.918188297240212,0.6479729767889009,14.131322053846734,0.20699627362335904,2.760633760202266,226.52703978054242,1606.782618452125,1.926332013289836,14.386253055332515,19.184836015548527,22.212442211697976,18.436252403822518,20.326426659000585,230.76777532020134,220.0,1,0,1,0,0
S041,colectivo,2.707133353669286,27.148574805973034,23.039542801897547,15.144028271023046,0.6611563535461247,7.978417920854321,0.22611975524832176,2.5934775420853713,208.35470076461374,1404.0832180442546,1.6135012862629805,14.865862631624879,19.339192357715547,22.111008862066203,20.185917826206172,16.9708491015381,214.71936261579248,180.0,2,0,1,0,0
S042,colectivo,2.4002079244502084,28.08414053179173,24.37203439212261,13.285154141321183,0.6453428382404989,9.480983388097792,0.21665198430731314,7.055505747022421,196.2476213468429,1320.9162773239368,1.3102337436262337,16.90042840986604,21.465958005156008,24.40173597027063,20.218754340253955,13.876126945102621,191.65422578968392,210.0,2,0,1,0,0
S043,colectivo,2.903248391236323,25.72454397326756,21.7084152529714,15.626730407973687,0.6454232222214188,7.385221603076272,0.21936424946383096,8.849937235599578,239.0329884632898,1559.319004626561,1.783125678046428,16.39970650500756,21.385510141665524,24.530956390891497,19.97858143620115,21.96288378461147,243.7693782948981,200.0,2,0,1,0,0
S044,colectivo,2.5225923992958075,27.03286991301146,23.329297175722544,13.703642351598347,0.6344884920125706,8.332855247552965,0.21141677564204858,1.9745731126954542,247.97169327318497,1326.428830721684,1.267254443832864,16.36172686520909,20.76296890903623,23.503215920722628,20.45226948394289,15.966624368729024,234.28621351076603,220.0,2,0,1,0,0
S045,colectivo,2.3940701285720705,27.251457348541045,23.530564181207687,13.658804561130092,0.620572291732467,8.257666530859803,0.205805584578038,3.4980322486467266,234.00392360915603,1497.3704816957977,1.779534801174167,13.976592118583277,18.001162500843318,20.475765391162508,18.283659561300528,19.759258399780446,231.06931665762568,210.0,1,0,1,0,0
S046,colectivo,2.402299821212343,28.447404359283276,24.395332000669917,14.271792402398919,0.6517252908525852,9.356934823675003,0.22257193154723667,3.5684003556760366,230.5629120505802,1473.0685471668023,1.652536549768336,14.783713520937443,19.30245848700765,22.116177119674596,20.545939493733357,17.9945970586316,227.6902939488354,190.0,2,0,1,0,0
S047,colectivo,2.2114908403906606,29.40644692058845,25.403820628209765,13.619333057759851,0.6331192567026156,10.834515631260041,0.20760460984477208,2.5585928301680476,251.3021219585856,1577.1388232698114,2.038882074340791,14.078960718303854,18.551584044215957,21.36955744704471,17.752870899030277,22.300297660296884,246.52682004731196,250.0,2,0,1,0,0
S048,colectivo,2.8093123632865566,26.24577598277752,22.18277601463148,15.493966157573913,0.6492471826383811,7.041329525162666,0.22468981655206757,6.026122883055919,218.31324060038614,1581.3052544253287,1.7639435479357626,15.300208372163294,20.17157308733777,23.19868782564854,21.017554385463875,19.128204983288274,230.57429949537556,220.0,2,0,1,0,0
S049,colectivo,2.7003872662376556,25.645494083104587,21.902398002206336,14.586406662594232,0.606106523954083,7.304311553119193,0.20132000856736135,2.764591886277945,200.21211941572886,1578.6561773060976,2.099313640498943,12.46957139645984,16.12690498319337,18.41919341456475,17.00120165932112,18.036517527950753,194.29589653086174,220.0,2,0,1,0,0
S050,colectivo,2.5061661347132436,28.92876277611557,24.483202916494832,15.433721758883332,0.6609589049141206,10.387194645993196,0.21879926801401126,2.3178283898006247,181.7073628135807,1608.104877937276,2.1212484588615768,14.287847441882397,19.09396613886512,22.096086791503687,18.526976374148056,17.072968950726302,181.59287079013012,160.0,2,0,1,0,0
S051,colectivo,2.7306613977099423,26.463259909364826,22.51023447377382,14.95343494763147,0.6272450674600342,7.715458741647238,0.20853282174271753,2.6955957477948926,239.6990575002359,1394.7521212101142,1.4653823248478095,15.35332294568619,19.52328364611822,22.11138352902867,19.248547346290618,21.057334872559217,271.51849351279037,200.0,2,0,1,0,0
S052,colectivo,2.5407422311349164,28.85581383412598,24.546095460719368,15.022553135262646,0.6499095086775657,10.043644705119828,0.21220014830356765,3.052492811632738,188.36117360911027,1269.494344397307,0.9868727680196536,17.262801001164693,22.035500987936786,24.96006399766427,21.66578744304124,12.965178967257852,208.72432016189788,210.0,2,0,1,0,0
S053,colectivo,2.996775353755015,24.160212445026236,20.51143809786692,15.089605631402502,0.6115639162973031,6.260912583496574,0.21161827152644994,5.183610522824429,254.8063374901122,1371.6786853496565,1.4030959934246208,16.499724895820282,20.880320056565736,23.6797487636645,19.27755213450534,18.23013770083391,235.99281999032837,210.0,2,1,1,0,0
S054,colectivo,2.3161707513345036,28.747367947899402,24.839484007498935,13.58409965981773,0.6407979259800684,10.232040202881075,0.2108163682563493,2.9232493485076785,245.09597368058695,1570.5416904992671,1.9589375859591232,14.168181799011409,18.5949816231693,21.346739490599226,18.83405174367271,21.953981288327697,247.94608090274596,200.0,2,0,1,0,0
S055,colectivo,2.763510985314061,27.22521541830538,22.994626015477618,15.56244994811004,0.656031751720122,9.498609662584485,0.22405500603680792,2.947575697253913,161.9121858712502,1359.4541682209465,1.3566183163952317,14.903565944445871,19.2031588340007,21.925583392582276,20.6010768854762,11.275391028288974,156.750441875527,170.0,2,0,1,0,0
S056,colectivo,2.808375431557704,26.25554809899604,22.19050609255567,15.47087303182262,0.6327111769612488,8.25613748266181,0.20696758334215692,9.53903007982257,245.13421482561094,1524.500072528566,1.799444155345856,14.802594668928572,19.039748347908912,21.724999236687193,19.277166154291308,20.127761598032713,227.7449427949263,190.0,2,0,1,0,0
S057,colectivo,2.4118333320027743,28.425187120250946,24.569189813242662,13.580860690333239,0.6080016174661939,10.600734905025272,0.18970935292971963,11.205564912756843,197.92317057659892,1549.9342665422005,1.8824852587065688,16.014721544016105,20.494026568954325,23.32835756913729,18.821769204910982,18.67320480808927,212.09038712777993,160.0,1,0,1,0,0
S058,colectivo,2.8533924905472845,25.388586932209034,21.523455656086185,15.241424045333115,0.6396779786398678,7.261616018670283,0.22590206017744557,8.936709523872535,229.10279319848286,1520.2454584858317,1.778115348755394,15.6378174710475,20.207578162735686,23.06796977596761,20.960184413097398,19.868666971144773,223.6864547394329,190.0,2,1,1,0,0
S059,colectivo,2.550577292618126,27.91543904407333,23.76073787724804,14.8892877536392,0.6534837817737229,8.977270849209729,0.21939469482963378,2.734051856850378,237.33898536783187,1328.8729003301871,1.447020065458279,14.973318027792546,19.00874303254566,21.514015098562652,20.093457595466887,17.0018823147999,227.84626630151052,240.0,2,0,1,0,0
S060,colectivo,2.6066366886064283,28.268220618162786,23.89796802981942,15.511871971566885,0.6455287830748496,9.771983111022928,0.207667263225985,10.218560528401522,210.6819909657821,1388.3266337588134,1.5375281704636057,15.557216946473726,19.88687684939782,22.593532619042406,20.46870443869681,15.62920642722268,208.23490967098533,210.0,2,0,1,0,0
S061,colectivo,2.1934025069728404,29.437887816847006,25.337232128763176,13.919637956322855,0.6347686580884775,10.337382198141288,0.20466115353831285,15.510873674938171,247.06273750591043,1527.3225351027938,1.7728488929445338,17.78898566416707,23.01085778774083,26.355676848657296,22.805539086904226,20.591947115941473,244.19112913544222,230.0,1,1,1,0,0
S062,colectivo,2.7435231515901903,26.978077187582034,22.824476275782683,15.450535301003532,0.6491449807227794,8.0504357671756,0.22177966719729653,7.994631809080306,159.09308535155952,1452.8569564828415,1.622248154809616,15.682280044381958,20.286297576065003,23.17379739477082,20.275294984223418,13.088139201115506,164.8972008928102,160.0,2,0,1,0,0
S063,colectivo,2.6378420089277843,28.165502686020023,23.870457211356744,15.28899021885908,0.6819223022019171,9.192739005980014,0.235820000750146,7.845437009998085,172.84589012061352,1608.7044132339995,1.9486024444997416,15.779906929427245,21.023459049926686,24.33590040732496,21.19688436589654,15.19826544693234,163.90422521218147,180.0,1,0,1,0,0
S064,colectivo,2.69370767003359,26.91967276873972,22.915563906509384,14.876812476069244,0.6568576138929175,8.462739806942693,0.22202099163639993,3.109503828658906,181.6103519576516,1487.7925465653625,1.7146170959845417,15.863239872705742,20.625370855443048,23.61478128413391,19.87318650793091,15.370266788067074,176.338179170729,170.0,2,0,1,0,0
S065,colectivo,3.3095250446497104,23.8196401722819,19.997184603836114,16.052555036621538,0.6451733032199811,5.852551712006898,0.2293495704953643,2.6924036872781936,212.5467854156609,1386.2166264433936,1.4893758048129144,15.331911170640266,19.662346873462447,22.33918253321688,19.698407508466424,18.955175685519233,230.5266140703866,220.0,2,0,1,0,0
S066,colectivo,3.0499459744392774,24.43205184650614,20.741538269173354,15.12619035216135,0.625370092982987,6.363108152036095,0.21582272898349125,6.7942628244686265,194.78111091444524,1324.80344188836,1.371709258487452,15.79421331372097,19.86278607576305,22.4913663988321,20.42559017389212,15.107426742385906,200.3288065247734,230.0,2,0,1,0,0
S067,colectivo,2.7703569701879,26.275892980938572,22.455296855142258,14.58550695958433,0.6342359720976867,8.552692447447459,0.2117637088328756,2.6959571799905717,174.61051976900887,1454.8771706171242,1.679841225046671,14.800203195101734,18.967989013894112,21.558105703629685,18.683419697949457,16.781261885093663,186.62572161014464,200.0,2,0,1,0,0
S068,colectivo,2.541831296756458,27.57747752623208,23.52367861440908,14.728465591143987,0.6394589006397802,7.7698397702182245,0.21343013538304384,6.870134999198811,228.3184431522418,1476.906219824463,1.651605385133608,15.376445928588955,19.82827227071146,22.56227285596314,19.735913622890447,17.16047270073299,225.44936432901414,250.0,1,0,1,0,0
S069,colectivo,2.9929874505120364,24.7735053175651,21.039780443834807,15.067205505924216,0.6387712228500024,6.697365298879165,0.2236241724565174,11.43329009594616,185.73992868444822,1370.2017676836986,1.4318855076706851,16.435807254220222,20.863542167976725,23.7408719465208,21.45428500645904,16.09685318045727,196.3278019531766,210.0,2,0,1,0,0
S070,colectivo,3.031643481228195,24.895697289971974,20.928641892975683,15.94091359361731,0.618954536636909,6.855591845524825,0.20885275352556415,9.090933443231634,276.8623905879883,1391.0084975594723,1.6181133098943168,16.18906621274195,20.378877669578877,23.028328771855456,19.04228471282835,19.606538270993536,243.56723664717674,200.0,2,1,1,0,0
S071,colectivo,2.068693850647864,29.643064492112636,25.825851439772077,12.899798848710143,0.6184516671133726,10.315890268030634,0.19679817627520949,10.295238072658085,225.67944220793225,1315.0962574570426,1.4132323743602155,16.907579027522278,21.330284908687705,24.160669047973112,19.801989799532933,17.70092908492509,242.8663118219951,220.0,2,0,1,0,0
S072,colectivo,2.390610657515079,29.691061059842202,25.172516527848337,15.277752818303252,0.674702805747742,10.795278060151881,0.22136821888573213,4.490343575635455,207.22289395802377,1609.182211865021,1.8750250396933348,15.992322976976036,21.37383531027823,24.76269431068372,20.21539010769329,20.529053818462266,232.82200334720818,190.0,1,0,1,0,0
S073,colectivo,1.8271733851673304,32.787087049694904,28.91340146327684,11.871062862508616,0.6536294019369349,14.19949558832665,0.2142520757158318,2.664048198280717,194.54602766210675,1610.861330888776,2.0193537966105457,14.092003756063438,18.84773545164772,21.914758346022833,19.34703393387638,15.735990809841145,187.0312150481273,190.0,1,1,1,0,0
S074,colectivo,2.662169497732772,27.217921320846507,23.291881427527557,14.501099538130864,0.6532956311082488,8.908215952447282,0.2252364476028114,10.935837078785834,209.28114382241657,1434.283898511058,1.383607941414152,18.2074693305333,23.54111626884882,26.94642079358603,22.76841168283744,15.637034389957089,207.65057514863747,200.0,2,1,1,0,0
S075,colectivo,1.9724717289026654,30.467518185295024,26.567233511703158,12.835373620156526,0.6115823151076508,10.481875848505402,0.19167065539424458,3.1444876456972413,161.118709830746,1549.5895888449677,1.718349409754067,14.738991952165842,19.277219377536984,22.11107195730541,18.43253168444484,13.73054914005763,170.40696303861267,150.0,1,0,1,0,0
S076,colectivo,2.7214107914938075,25.66512744272156,21.829409439824733,14.952224293278565,0.6097737832511944,7.009269769007767,0.2111850675474447,4.698712495449264,180.7205378699778,1589.0766733852954,1.8829424267099784,14.70303977921235,19.230508748358822,22.058821666574982,18.248915572569796,15.472912186029692,177.5613682688403,180.0,2,0,1,0,0
S077,colectivo,2.48472289641076,28.223605496521817,23.872660915946422,15.390924898749137,0.6577400550151393,9.128590584718415,0.2175215843085553,12.466082771175277,223.84743050394363,1352.478800138665,1.5954911290676883,16.555415084373216,21.366332862399354,24.40961408746894,21.241928029017274,16.69876695502872,212.3935780607399,200.0,1,1,1,0,0
S078,colectivo,2.835490603785006,26.003515720371166,22.001459168352547,15.417358730897533,0.6456511193870451,7.040811955537066,0.22096217066337515,5.4349821926386435,230.8015757942715,1492.1349284617563,1.626809664192958,15.216436235617369,19.868887025032475,22.70267950489555,20.46175186621632,15.994212119500983,213.95798755430496,210.0,1,0,1,0,0
S079,colectivo,2.8355649506563565,25.958088071787717,21.96047661613576,15.402916321663756,0.6270606446867848,8.048643219714677,0.20795404558681502,5.148691343750366,176.00801398294817,1508.5970520647,1.8511496864557528,14.402330107283875,18.477565273253518,21.00230497355835,17.715381993192135,16.648666506793155,178.79723458654513,170.0,2,1,1,0,0
S080,colectivo,2.563928354809171,27.121996619692275,23.32368877767477,14.093191916109566,0.6409292394981685,9.090204741741843,0.21635715808035139,11.144924266881652,176.11706552669733,1552.8250530453038,1.7248016214937678,15.890743093739664,20.63587611932171,23.705790333207386,21.182540528692318,15.245572700197204,183.81401027530885,180.0,2,1,1,0,0
S081,colectivo,2.199075765478142,28.40636100500394,24.60712236663282,13.408610997445962,0.6125329458738324,8.80568778896222,0.20087430041848808,5.238773508869777,209.0626224676674,1389.3680468292523,1.4741571867164756,14.472394381400647,18.5447738710703,21.054583087175132,19.128559103929195,15.0931384842222,213.69620916927866,180.0,0,0,1,0,0
S082,colectivo,2.61588085286946,27.95876223363401,23.64261966059948,15.425873126848336,0.671955017558121,8.695124586122605,0.22684827923162237,1.9873005364348615,224.18436832773045,1424.479675031307,1.7167946565034515,14.905345636272482,19.46718981955187,22.289703341233608,19.097701336184933,20.782154177592158,259.2871704906847,220.0,2,0,1,0,0
S083,colectivo,2.313614469279754,28.436176163903532,24.4412729400063,14.024801958896873,0.6270159846426729,8.348032240814891,0.20335370766849142,2.5715460893592423,200.8538713041807,1313.269608242466,1.360594576127661,15.845538007151047,20.015209576978563,22.540859400752037,18.795006070864073,14.02389270402919,203.3462728147967,200.0,1,0,1,0,0
S084,colectivo,2.7673183732188686,26.461955338734878,22.33451721295227,15.601571157076492,0.6416422058018026,8.319984485154478,0.215814127812577,2.678970177272466,247.34980438095135,1410.2903572475464,1.350806028343882,15.198359314335963,19.55924338906113,22.288428441074654,20.3857439611902,19.630577874084864,266.0936620253224,210.0,2,0,1,0,0
S085,colectivo,2.1467109289741826,28.929959106110992,25.14103211850968,13.10876539050065,0.618717082420997,9.809094424382474,0.19747042248979377,2.549290761325387,233.11392751463623,1352.1192561155094,1.2270828954329864,15.847755914798881,20.15388023554561,22.7889147252065,19.99897194605092,14.863391794071433,221.79691787045968,250.0,0,0,1,0,0
S086,colectivo,2.881222406842258,25.43211426763765,21.56427458243079,15.375329959966882,0.6243310032442725,7.292574444444519,0.2136454324420634,6.152436121538349,182.6426485267224,1361.4529281224509,1.335687622826509,16.400748681522742,20.83164939783875,23.56790787436518,20.091229943472523,14.457010959196214,191.88248594982028,150.0,2,1,1,0,0
S087,colectivo,3.3501387730680108,23.129544585803956,19.392618232529138,16.1698602665437,0.6192525249824876,5.241117168157765,0.2147732114417798,2.5319042165220083,188.80622706023456,1366.618212620538,1.6174085261344229,13.117788427183523,16.58263677082322,18.751580669315153,17.794653478027822,14.829374343297712,180.2932128268118,190.0,2,0,1,0,0
S088,colectivo,3.1599538517209114,23.728464527150987,20.251837346268957,14.709818511134923,0.6456952189609918,5.401872130650327,0.23748158602364242,2.42448295336977,221.24407981940627,1366.301194850745,1.4891167067247353,15.648460921250075,19.84303032519886,22.495934808363995,20.610504451733007,18.013825128101075,226.03478451076916,220.0,2,0,1,0,0
S089,colectivo,2.692946449002689,27.54406489236399,23.258883013408074,15.574284197021239,0.6654603468921388,9.409964410312192,0.2280811994315739,6.09503688892587,187.10594290266303,1267.8869110233682,1.160229315253032,16.989738178037147,21.655548995326406,24.636751664783198,22.412929933350558,12.009838839590813,175.41599692683354,180.0,1,1,1,0,0
S090,colectivo,2.7734814108270363,26.088445214285525,22.219595728913717,14.880995370489885,0.6196099615756082,7.555398000892135,0.20696878909288122,2.7734569195252456,201.0588278243712,1585.383390387332,2.034361368327228,13.451695444658764,17.52014613654847,20.038315225271397,17.517996572657932,19.284629376345414,209.19994319748676,200.0,1,0,1,0,0
S091,colectivo,2.419307043640639,30.01884204509181,25.295076565026978,15.767125682043979,0.6535430104877308,11.613759501374778,0.21362791308375723,11.454335753971659,228.93313894889874,1326.813724412146,1.4065725311339237,17.19206020874849,22.079992731174567,25.135648125955555,20.779723736153137,16.027061517312895,225.6255858756139,220.0,2,0,1,0,0
S092,colectivo,3.041794820145517,25.22543315047063,21.297316879845756,15.56683965874286,0.6502832259240382,7.2134182881878415,0.22546270659450024,7.379209636747396,223.0967370339807,1475.5666038583497,1.7246928877615488,16.182104310005712,20.902400363666228,23.891535567240236,20.03686673588973,18.525768763055666,221.18146131414514,210.0,2,0,1,0,0
S093,colectivo,2.7874192838947187,25.61239459840551,22.054252246866817,13.994125344624862,0.6416148025647935,7.379493855676773,0.2277246976007615,4.352009782732398,242.6422236512357,1510.9903662923969,1.5474158173557924,15.890541281238425,20.663935176452625,23.617678063715264,21.270454275018484,18.42352490540633,230.80292667383122,200.0,2,0,1,0,0
S094,colectivo,2.6057588605190967,27.29591013623945,23.327778727955412,14.596347396998686,0.6540828607310499,7.6608817209513544,0.22543003810151152,4.1540345219203925,171.27858281587288,1481.143140005354,1.4779827838412591,16.624619596940203,21.680983416186077,24.839966718007844,21.518682831954873,15.559774051256781,198.46114466018653,180.0,2,0,1,0,0
S095,colectivo,2.165125297123917,29.493089470374354,25.734157318907428,12.817328162304225,0.647739336391344,9.943985657180836,0.2181993510058721,3.2350821424082974,191.11858046304238,1367.739459346214,1.418672109426692,16.20294693025428,20.941568739004403,23.895131299784488,21.747370825083824,13.50402360030846,199.40734624176673,230.0,1,0,1,0,0
S096,colectivo,2.1982755176186695,30.68274694777952,26.26720779796433,14.406167405153155,0.6670779518087295,11.763155326980545,0.21235880574911073,2.436376941932708,192.26525901805863,1311.7728163089937,1.3260947871158828,15.084013365891595,19.42510455759479,22.099011077231197,20.170248841022712,13.32919785665032,193.96371211914703,170.0,2,0,1,0,0
S097,colectivo,2.8387177268061,25.048522869421273,21.50563256495077,14.176704644678598,0.6059586016355334,7.190229425214871,0.20289157459053944,3.27825434979534,191.29443477979717,1594.714643752439,1.907030753424916,13.617924671730835,17.411488631943698,19.777531987460545,17.79991345045044,19.57040142545084,206.46234086816952,170.0,2,0,1,0,0
S098,colectivo,2.7792930451836506,26.91806602399879,22.431161852564152,16.688266949752396,0.6532300113979418,8.935257557352987,0.21564378288488695,2.0438533663296976,209.43205458287065,1590.416695087473,2.027397607891249,14.750613725229522,19.427821009657674,22.407167701298587,17.993810562065473,18.548876755036297,195.3071074682759,230.0,2,0,1,0,0
S099,colectivo,2.598933772276383,27.137721737208334,23.388886593512368,13.893667073696136,0.6286442772145693,9.341233991932205,0.20897339706935658,5.060839836537095,228.30272286115195,1520.8498484607564,1.7895648688251196,14.655593592861715,18.940802240088065,21.692378706179582,18.21846489587134,20.190076770796686,224.46832245285492,250.0,2,0,1,0,0
S100,colectivo,2.44822596990203,28.42707042052542,24.443284681733793,14.020570166138885,0.6498866531524421,9.842917747159921,0.21382196718807273,8.39256562588026,169.28365392084248,1298.9302480987808,1.1368551897920116,16.11686230668927,20.36762555799859,23.12888995948152,22.06584708038093,10.515046242847262,157.99376262105073,140.0,2,0,1,0,0
S101,aplicacion,1.5031029405295937,33.29647787105759,30.157250526491197,9.450686841831772,0.5920011955548211,15.947901661101929,0.18152316546746974,1.9660691790865996,218.51945311475092,1474.6319790465957,1.7218495825237026,12.90038592534386,16.68716610137448,19.18828932084935,16.31963741696393,18.210955804634203,242.77443276581312,240.0,2,2,0,1,0
S102,aplicacion,1.4859955404787866,34.78278143588574,31.399432297668238,9.779917099504706,0.5878763166087257,18.981619709924082,0.1632006124607327,1.5889113901625505,181.2007727837293,1469.3155845747556,1.7556354891755162,12.291880842779127,15.949050869876126,18.357764695959816,14.436408363562307,13.399641647495566,179.84456831857477,190.0,2,1,0,1,0
S103,aplicacion,1.5245743009024146,34.44679730264798,31.067280582157576,9.853121785301123,0.5489413342335425,18.689671691177384,0.15429835388158203,3.4131257696289032,216.9730270238105,1409.314269517842,1.5452906338046926,10.885758259599186,13.894769055169848,15.909598358372989,13.512984614812398,16.126191103302524,229.61033910927284,240.0,2,1,0,1,0
S104,aplicacion,1.4523112371842524,35.01464362151447,31.81015663037771,9.222738548604555,0.623189598217764,17.310852635910273,0.19983648249516478,2.8496462332065335,166.57384761995306,1511.238863029271,1.71223378693989,14.43823572897489,19.121586152415368,22.167913217789508,17.777656042282718,12.866202666442508,170.5678179030568,170.0,1,1,0,1,0
S105,aplicacion,1.7081281772042598,33.98402188809304,30.400182974584986,10.728306820084123,0.5927206373715503,17.25558941827592,0.1786600764495982,2.9543158482364063,195.9027123499305,1418.7303473974662,1.6481645237788418,12.236172484015123,15.798693791623702,18.122074066120298,15.581031430707272,13.698640096729866,186.34954243024706,150.0,2,2,0,1,0
S106,aplicacion,1.2822030220911236,37.50653536932996,34.18283784375614,8.87951732510158,0.6072386395476503,21.060629096308013,0.18515871811952192,5.071232371007634,234.93369939507852,1455.97566173717,1.809454617125266,11.934363243329212,15.553625917165204,17.888439203367412,16.278642243606857,15.982246951999054,216.2050209602939,220.0,0,2,0,1,0
S107,aplicacion,1.9544152818192522,28.93569722970894,25.881383997277613,10.56244637258342,0.5606774874322331,11.827572615965103,0.1798139384213305,2.721943846136252,164.59326600420133,1510.8148144874854,1.950596805988395,11.075799048428175,14.142404107774148,16.176648326927317,14.618286804889625,13.41285223594744,170.2073339043923,180.0,2,2,0,1,0
S108,aplicacion,1.8339329449775783,31.776432829207103,28.51781663037591,10.412597712845775,0.5909465618644617,14.59373564104063,0.1878680267043406,8.785793423896882,202.0191374550128,1263.1799024477828,1.3752922333126807,13.18690450789443,16.58821145588189,18.90928455869966,16.408413528679944,13.885053677813383,207.88010868448737,170.0,2,1,0,1,0
S109,aplicacion,1.3590044199859146,36.18877033329746,32.57623385639566,9.992633272663877,0.5887849678860415,18.902971240723424,0.17582203744863115,3.098754799920242,136.0680394998932,1492.7719894172087,1.8445132267765465,10.961533532767838,14.351970131639705,16.58656746131761,15.393339279854276,11.03132464598853,145.0135296094135,120.0,1,2,0,1,0
S110,aplicacion,1.377242587744751,37.138901906801216,33.74412517116691,9.30709396354202,0.5960486564342757,20.169973744453518,0.181998258334026,1.9189379934705415,152.7452717913513,1319.052905887538,1.485613332773316,13.55427666455753,17.35085580766243,19.819576208834672,16.185347885405783,11.157420415357404,165.373643638631,180.0,1,1,0,1,0
S111,aplicacion,1.5850712596640855,31.943765986716834,29.113697482720898,8.921473424172193,0.5734221564103315,14.710040953265949,0.18118529075899895,2.26247182262916,193.51599453651627,1331.198046664033,1.3349885654413045,12.946091671460346,16.313890957681146,18.540539148237468,16.503818808274627,13.237941653769093,193.98750841366714,180.0,1,1,0,1,0
S112,aplicacion,1.4001174771549842,36.13163334136862,32.87024260580129,9.134533445294526,0.588152340139036,19.352620817650195,0.17752933811509805,3.284368799888314,143.9884494196942,1479.0435635260844,1.690411734362633,13.07275800211207,17.090801527660094,19.731939221906025,16.362059926000242,10.314612491808312,145.55234784185942,130.0,2,1,0,1,0
S113,aplicacion,1.5253382756798382,34.023931927287954,30.738495316176532,9.673964624341732,0.5917958113758391,16.933627061279243,0.17921118492149787,11.586629162355953,232.0031595228646,1295.4578996666912,1.3514566365926457,14.025886553875928,17.83244031626878,20.34087958824776,18.928553993148494,14.246422104268063,228.3968411602324,240.0,1,2,0,1,0
S114,aplicacion,1.0268900966650025,41.870690650208914,38.482598275812165,8.145611764529198,0.5830556226198647,26.359774870258985,0.16593261444383128,5.746260775539199,177.24504868270245,1546.7086950138732,2.049330123207442,11.168990234580273,14.70311981011823,17.00955376856651,14.934225931935314,13.524427027107606,183.25042171855844,170.0,0,2,0,1,0
S115,aplicacion,1.5511754020322297,32.86117515981603,29.765968795437054,9.416254542567245,0.5992580528634084,15.990632857772738,0.1964835187051307,13.419678605352797,217.31132252956695,1383.8984746936358,1.631407720168269,15.622555424149967,19.946275474209337,22.841292492883248,19.33553690425844,17.080661874015743,235.24637278219743,190.0,2,1,0,1,0
S116,aplicacion,1.1388538937093227,39.46526639039322,36.48431987234716,7.599729712046506,0.5817070183555298,23.795921538596804,0.15867937522847084,2.2905530978696396,160.6105813778583,1291.6325033617993,1.4965321726342065,11.215203751664546,14.393114241522728,16.423597370181486,14.4661517826248,9.58209025163828,163.8989461695442,150.0,0,2,0,1,0
S117,aplicacion,1.793342840565969,31.015006683561,27.833179916541333,10.327543099332285,0.5916064218552932,13.820199060151506,0.18912112330370173,2.5916219479081897,169.23133296049386,1289.2517194434251,1.4148754797338827,14.038964230356571,17.53862729705171,19.885582435428663,17.43640217484279,11.119600697067208,165.12547477526118,150.0,2,1,0,1,0
S118,aplicacion,1.4280388871977674,33.561808031394214,30.654873384313333,8.689843563390017,0.5847439887697545,15.198394715879445,0.17661296618024697,2.2071351363194642,211.95949478077637,1292.3164931656834,1.420235224149054,12.107337272239683,15.384990106888992,17.522292130171955,15.831172739917568,13.895518343318248,226.3570945931714,210.0,1,2,0,1,0
S119,aplicacion,1.5866448892374128,34.891034226407726,31.17275639184216,10.649228876671874,0.6153416951095292,18.28219431630553,0.18540018229099667,4.491438727319702,246.73805994618115,1234.574220929535,1.181669771146051,13.642809462022809,17.503618797429375,20.029039891838032,16.98486722247341,15.447855957660938,254.7732821870789,200.0,2,1,0,1,0
S120,aplicacion,2.1203894806611125,28.333124093627845,25.34666740830003,10.62382843181864,0.5894368932004383,10.822314696886465,0.18913695645139247,3.0467865369277596,176.66483044412774,1501.3787779419763,1.7568358440385825,11.795090367455256,15.213608177907247,17.453609846100694,17.15382232202517,13.75744709726131,185.0266545038026,180.0,2,1,0,1,0
S121,aplicacion,1.7272116011785428,30.285079266502002,27.35357503401847,9.731230373003974,0.585799051593127,12.16465856706063,0.19362390924977138,7.739241772889402,239.82558378844723,1280.0671898619375,1.379581114447021,14.344479942936427,18.104426106779368,20.54916731126105,17.980333480704395,14.364973505184059,231.82903274143774,250.0,1,1,0,1,0
S122,aplicacion,1.4273895466740159,34.312756997965245,31.406262042712154,8.47471763579224,0.5830853854471286,17.787124523237967,0.17734373708757364,6.228288706926695,227.63873344832936,1271.5090240060426,1.1862096929722543,13.974125481126148,17.771505585803972,20.264958165735504,16.98518007132123,14.29533504239716,228.63624270820932,220.0,1,1,0,1,0
S123,aplicacion,1.4801547012108491,34.100683503586936,30.928463299250588,9.361951366354887,0.5844380685880071,17.627390036799323,0.17738866743701237,1.992006506135158,178.8331458735007,1568.511306076919,1.990042343749028,11.773117567353271,15.489000156361294,17.975094660334015,15.444432778907736,14.98917961308573,188.78107946170468,200.0,1,2,0,1,0
S124,aplicacion,1.2945675848394487,35.201232682265136,32.29205135908135,8.280638378929671,0.5663231648452784,18.654592104515558,0.16493719927249129,10.593381918242777,246.12610263097417,1463.8736819788612,1.8288773662148143,12.701212649503647,16.264473579108834,18.605892594618716,17.048271953295885,17.999055929304888,257.8546243509539,260.0,2,1,0,1,0
S125,aplicacion,1.5941597161084964,33.239932019569345,29.982646511983443,9.855939773823762,0.5830817750601632,17.165791267526682,0.17748321134290176,6.113069908085906,155.4934117239498,1528.9138393800022,1.99561806926006,11.62349830594233,15.110941747433557,17.374253886446386,16.120385296805505,10.898009210229771,146.18320833601348,160.0,1,1,0,1,0
S126,aplicacion,1.2065200973469303,38.99728616827417,35.760637046337465,8.323955880035504,0.6091686791971126,23.367048067198738,0.17344876302674903,6.567172126502703,240.04013300075735,1252.3734006075829,1.2310386464554086,12.737942784469787,16.456414033087004,18.907254425760513,16.133826680072456,12.987891713619138,220.0007401016926,250.0,0,2,0,1,0
S127,aplicacion,1.9808981866199258,29.499520930386872,26.33995922394027,10.90924860565034,0.584681956169222,11.908920381343114,0.1868037248851238,2.2746711260185406,158.79145863154187,1495.6611848452908,1.919574491004965,12.179481877982766,15.633285776111117,17.88751557412978,15.45897191722144,12.362672049747554,146.79777551283087,150.0,1,1,0,1,0
S128,aplicacion,1.1664742221188091,38.8862286502539,35.67331240746749,8.21971149625817,0.5905142060528645,23.334334910694572,0.16815640674069884,9.323337793206576,149.03293616527577,1288.3577280503937,1.374062092457688,13.810917646593591,17.619868713588772,20.121400436806645,16.21078435827508,10.316479931037993,163.46546371066765,140.0,1,1,0,1,0
S129,aplicacion,1.4901285627486769,33.428087610402585,30.457964735227456,8.954916573396773,0.5503704055857479,17.646179699049455,0.15577754455056952,3.3627374476174006,180.31136645088014,1511.3127166570025,1.8130139456150849,11.049444663295493,14.297667114311563,16.46720141075933,13.5196322546194,12.284199803419716,166.21191134843022,190.0,2,2,0,1,0
S130,aplicacion,1.816253269023099,30.217972778382745,27.033062766623043,10.585535965891665,0.6267608108800202,11.689633831708173,0.21505957347290178,5.920912306118645,177.76965270591637,1413.28993280501,1.5906772757374323,14.03182207831028,18.2491596326898,20.96004613659816,20.389774803786118,11.293731555073865,163.411029047222,190.0,0,1,0,1,0
S131,aplicacion,1.6247417839683584,31.52550116081481,28.524106177562874,9.512029060440556,0.5660994959136648,14.505579043229554,0.16865776268420954,3.0647543491385845,254.19066739176924,1571.533117989476,1.960551620231376,11.665221653182616,15.016146793639962,17.222940562973307,15.052902763930676,21.326914179001754,255.95798513462077,240.0,2,1,0,1,0
S132,aplicacion,2.105276656755501,28.450865572677152,25.695199053401588,9.839308057046924,0.5867173723535878,11.565892546890026,0.1876393995429526,2.6688868523944285,141.37455927831184,1529.0674291085998,1.864247211145096,10.700223275355004,13.982022020409952,16.142130759705463,16.571316761303116,10.732936302214137,143.98537757031164,130.0,2,1,0,1,0
S133,aplicacion,1.7501717541600654,30.800314532134575,27.92227361080213,9.442990539908998,0.5833804675198432,13.108721457820621,0.18735765214949396,2.0109595554560835,206.9138757987708,1430.4397217661035,1.5654004505435763,13.821210283309247,17.69315064243285,20.17507102909432,17.178862249670832,14.32130852324671,200.2580419245966,190.0,2,1,0,1,0
S134,aplicacion,1.4686085556160644,33.81269278714368,30.754590070065184,9.090949397369311,0.5863930733464694,17.520276165230865,0.18142210045882068,7.634935680405526,176.8949315364219,1483.7681197241168,1.8093521681964624,12.095448220020533,15.741900886429573,18.195027798642066,16.231702085627607,13.427118068058004,178.584593567161,170.0,2,1,0,1,0
S135,aplicacion,1.2919332982204257,37.16579901561258,33.72620597837247,9.41197116106202,0.5793764256186833,20.727096441575547,0.17345192250457622,2.6956148265491535,180.29999318485295,1482.1024986173445,1.7555931418871398,12.099988054099304,15.834876510948217,18.3002703129232,14.723193180947913,13.858370853049141,188.318014005091,200.0,1,2,0,1,0
S136,aplicacion,1.530496688109959,36.28194636145436,32.32974400952595,10.979484802617808,0.584394535758722,20.43601043275556,0.1651726320145855,3.596636892054236,159.4588337386203,1364.0754076544797,1.8107576823218172,10.501759345910765,13.562437551278736,15.535274863481785,13.503028329898033,10.785496362054461,153.9321964416213,180.0,2,2,0,1,0
S137,aplicacion,1.9836065832368426,29.20502424105972,26.099926511107242,10.747270493560615,0.5678691243282744,11.506924777753186,0.17758135702867844,3.193747504540162,211.23766099555505,1272.864147413165,1.143408157296601,13.12978058167889,16.40345961539211,18.494579160339214,17.205453706722526,12.184556352328865,202.97157552743562,190.0,2,1,0,1,0
S138,aplicacion,1.5101637615716084,32.57027099483123,29.75214680055158,8.712260586213759,0.5746009609741275,14.998281062855986,0.17872804229015293,3.7924807168171,134.13602568923775,1343.542744620654,1.5609419479472793,12.81315832946011,16.09473856448014,18.24616385730528,15.69826509085353,8.890108866677815,128.61568111521217,150.0,1,1,0,1,0
S139,aplicacion,1.7504784437513403,30.74727137349971,27.69592160777456,9.97322004816163,0.5786220255808767,12.88635700479642,0.17727568037318447,3.0866422439770136,157.7299107608122,1562.9349375080408,1.978680197502556,11.582001777730023,14.872163674240412,16.992343598026906,15.673654550340933,12.318831432677207,152.43397811620235,160.0,2,1,0,1,0
S140,aplicacion,1.517998529238459,33.091455202371776,30.306119563002493,8.489719418411388,0.5798464828965342,15.62041514355224,0.17852671780323898,5.110387521577725,173.5248292418237,1469.7413807759822,1.7868492476218236,13.754879556709469,17.833156327770336,20.48771917878453,16.584314947343106,12.420466585863881,172.2877887959781,140.0,1,1,0,1,0
S141,aplicacion,1.77511284685859,31.14421982269518,27.989100600235666,10.142373947476079,0.6182091324345295,13.702093906767274,0.20113119473963073,3.0490317899271395,195.38795371640128,1532.546660036553,1.8300021947167096,12.231643136631163,16.0611333425877,18.577405094063202,18.27977514199388,17.008799936854512,218.26334438544185,230.0,1,1,0,1,0
S142,aplicacion,1.6694256911078598,31.41465399933734,28.328129574321792,9.813056549312217,0.5735041459935052,13.554927054892403,0.17894600080356143,2.1218839667790994,239.78392235715674,1407.7021212568543,1.6448094011838124,12.302445591516138,15.615869674639034,17.740152715676672,16.223371901161954,16.70267729780361,234.79141238990434,280.0,1,1,0,1,0
S143,aplicacion,1.3862356992606635,34.24609393389473,31.226968603572352,8.82180683994819,0.5794374529456959,17.904218377841353,0.17103519893700067,5.22773871275989,132.38451485876502,1423.3095216016477,1.6132518331202526,13.911048896771097,17.765252515453316,20.260082614470136,15.677925835082679,9.158569499146783,127.53987459159957,100.0,1,1,0,1,0
S144,aplicacion,1.294315865526855,34.03555033244529,31.31440882620459,8.016932209083077,0.5552511792521126,15.381250946919966,0.16268760462276094,1.8963088783710886,210.9383836626044,1438.4083983966502,1.7894782150768933,12.174342744028147,15.39525769020619,17.468500227066706,14.237086229052649,14.86109663487565,199.2310183486925,180.0,1,1,0,1,0
S145,aplicacion,1.0623348813577687,40.57491987275289,37.38058455352682,7.930115545639209,0.5988134410768249,23.783573343170353,0.17879454926236668,3.02786608170587,131.3332816301552,1382.829547078611,1.566747846432979,11.342333644705178,15.004999777397162,17.39215713484866,15.543062731447911,9.846446618872802,145.97761715183967,120.0,0,2,0,1,0
S146,aplicacion,1.5285220320477757,33.50913046771993,30.366854435785733,9.471456545020697,0.5811175650508205,16.486929893086455,0.17747424740324544,3.3868562897598222,253.61045861900894,1488.2451887204031,1.8325170483319773,12.273731793387013,15.852053215374283,18.159819477628965,16.05248086654456,19.989772344637192,269.65788843835105,270.0,1,1,0,1,0
S147,aplicacion,1.095110557522722,40.250717142819575,37.23145271852339,7.59571703975292,0.6071452347291905,24.034340191586345,0.17468447508133628,2.4707167238272794,165.7512497476419,1513.243785673356,1.933727622279908,11.874967459131605,15.766756326808212,18.3208236497102,15.766731403702698,11.699512167046642,158.18708966138928,160.0,1,2,0,1,0
S148,aplicacion,1.97848720477132,30.054684235839034,26.710846379882195,11.107032926787639,0.576055815465416,14.409014151031249,0.17471737051287303,2.299829382562162,202.57919091060768,1287.891568254178,1.332331887147892,12.493406682908624,15.766384107526216,17.891705513772198,15.223620255580707,12.295532463234583,192.14078406136812,240.0,2,1,0,1,0
S149,aplicacion,2.389453795707889,26.484379197195494,23.652493732889628,10.771593176200861,0.6098027621313136,8.816072975619893,0.2128599765728111,1.7832307893114083,137.0828265631166,1416.1554996416362,1.4690172839528892,15.176104358672264,19.292212747568616,22.029943659066053,19.37436096431504,9.167415842392645,124.60955839261501,130.0,2,0,0,1,0
S150,aplicacion,1.681069674476717,31.621363779591796,28.52152447655454,9.857216316202628,0.585791302843808,15.409852995848476,0.1828078286368075,2.262484660073305,149.85387250374367,1403.041126180618,1.5397087110941472,12.907083740695581,16.40694805419481,18.720020526261678,16.207974194278993,10.853409655264452,156.12387683596302,130.0,2,2,0,1,0
S151,aplicacion,1.3021578623988725,35.70444207100043,32.86167134969743,8.000798447374635,0.6041754999261657,17.261086534275268,0.19235532191292787,7.592983018247085,186.77937126897746,1334.6679841065672,1.2505686995240235,14.884198020694468,19.10068353596757,21.878077897056272,18.57976735041137,12.740639840423437,202.26909338411573,170.0,0,1,0,1,0
S152,aplicacion,1.423212605062521,34.18023158803254,31.160863140976602,8.938313633383732,0.5990393534119232,15.960796964569957,0.1852762240341857,2.736304461217866,195.4929769501412,1265.6766191467757,1.269199758758034,14.555718708207543,18.55893451584648,21.148019596031524,17.176707798566532,12.73186595709453,206.76744526995722,210.0,0,1,0,1,0
S153,aplicacion,1.958501763039702,28.695876527247073,25.757048581335557,10.293568861670806,0.5877047727187351,11.086630987373711,0.19231689399230845,1.5902937216681767,173.8575446225734,1504.0008746520505,1.8126354953672057,11.662025770608906,15.016398824686778,17.205279676953467,16.4876646828283,15.392855804925702,202.14624024937692,210.0,2,1,0,1,0
S154,aplicacion,1.9340548616134836,29.597596344245865,26.497007168043403,10.472778643266409,0.5876221862734557,11.92609350026461,0.18515906680536576,2.926153910814638,222.50964256601318,1425.0537369868382,1.4716221759626156,13.153499305110959,16.768618610050286,19.177720564908963,16.978364158019076,14.93777340134832,206.53210122650572,200.0,2,1,0,1,0
S155,aplicacion,1.5448680935394257,32.444756924635875,29.438488818970143,9.293774365899901,0.5794666602448104,15.378988968715287,0.17970170804312222,2.7586264578502027,208.00752063549913,1473.592078115871,1.6796171866244731,12.932443350498813,16.595389688488766,18.93940964191724,16.573552117616238,15.366910845829164,213.23457510872973,210.0,1,1,0,1,0
S156,aplicacion,1.287868503788832,37.32725350887493,34.113909237001145,8.714731114651778,0.5891534232159084,19.19333537112806,0.1798423462254127,2.1102451700370723,122.93630511006882,1407.4364438559096,1.6107675876437113,12.45980738503938,16.231235566574586,18.67724370760152,16.09076886003131,8.461080433919943,126.98993408483514,110.0,0,1,0,1,0
S157,aplicacion,1.6660645419180853,29.311527680956612,26.874643135708645,8.469760398791902,0.5662407445901246,10.133419498686104,0.18463669840643904,2.506632033894538,122.37119271482167,1545.9624429377202,2.01805149524397,12.183792039782684,15.53658376246215,17.69156252523974,16.274683293885563,10.580153795171892,135.35249121816472,140.0,1,1,0,1,0
S158,aplicacion,1.481766056745289,33.31810181286688,30.503049852585956,8.505009804603088,0.5732603592999528,16.500169379459884,0.17772203083080454,2.432317485882899,209.89107663873966,1354.927267058784,1.3920473684106016,13.695073497178491,17.447766605544345,19.9098633273991,16.76322363113551,13.777833007513612,203.74388609422095,230.0,1,1,0,1,0
S159,aplicacion,2.0955698010047072,28.119127859674144,25.214497546845486,10.36446206469967,0.5842943695208607,11.046014309764505,0.18367625576370583,5.571291323554337,155.1621015822078,1456.089171627805,1.842017889253571,12.49084724543513,15.93940349380221,18.19645909029964,16.34508451489204,12.725473366019592,161.75092110467307,150.0,2,2,0,1,0
S160,aplicacion,1.5233653361234907,33.15053134929737,30.104643676739983,9.19710301783864,0.566993675654536,16.840315630410018,0.17423359243212133,1.9324034096509781,239.8140071740645,1558.1181119462865,1.952505750133275,12.139077986799515,15.449942942311377,17.630959738370322,14.758191121556878,18.91788091244082,224.63804205371497,250.0,2,1,0,1,0
S161,aplicacion,1.415797005916012,35.93512005166178,32.67479378808288,9.069283183146513,0.5686198304862953,21.68834903596403,0.15506673743863048,9.081840948710619,198.61368328869366,1329.0966950073173,1.4300051763585986,13.14019560442349,16.62146633599592,18.93791488247033,15.053394497678388,13.93144998341349,207.32740436431604,170.0,2,2,0,1,0
S162,aplicacion,1.7990366415273549,29.706725127843306,26.760660708355708,9.933697192187504,0.571527456622255,13.02670594539436,0.18004291604794886,7.2711239433894495,207.64130695354555,1307.4572005652542,1.4123520048863156,13.074043113495204,16.42439506917114,18.628462490681084,17.013137387710817,14.176354332426424,213.21141943768242,210.0,1,2,0,1,0
S163,aplicacion,1.6365363085185038,32.72343619054754,29.34998946845796,10.271817865486325,0.5902287245425858,15.344638365243451,0.17606015277234544,2.524950619509049,138.33971635420536,1418.0904776319878,1.8237436752544207,11.698917693757194,15.118431012918231,17.356476973451304,14.7183241784879,9.769292926612044,132.03096890950957,150.0,2,1,0,1,0
S164,aplicacion,1.4819615096219283,32.888334496692366,30.044955621028596,8.652208989776069,0.5963104193163928,13.833298147316942,0.19161499239873775,15.186783979794683,159.629805264789,1266.3418718932803,1.194457014402054,17.259385787804405,21.75428176505306,24.74298444189476,21.81517874553982,10.178032323238188,164.43746131468959,160.0,1,1,0,1,0
S165,aplicacion,1.566889113801352,32.57627114840521,29.3988710832368,9.810609726397628,0.5791491719270193,15.456080969133144,0.17790395821260097,7.43414894228138,159.03891668209994,1447.0762069018008,1.615901776768681,13.245341316677079,16.982176541756818,19.40834536302835,17.165911486541063,10.915841087532282,147.6513055936417,120.0,2,1,0,1,0
S166,aplicacion,1.5514584556528714,32.70658989653987,29.66386062402343,9.41785157878667,0.5783595497624263,15.258760166451642,0.18338890041141348,2.192081444270767,223.56619939238766,1506.751321463546,1.8176903394321453,12.838273794403062,16.638800719813492,19.12054676424053,15.93227670256195,18.23053175101157,238.74226529865504,230.0,2,1,0,1,0
S167,aplicacion,1.4112704001102756,35.9349463068452,32.58273335247524,9.415510854116112,0.5724975577994378,19.792861588243206,0.15871408352007926,3.2232447130349597,121.71270950984778,1234.2034900110448,1.162276911049675,12.285612260250536,15.477177346136653,17.484156807112367,14.80943321516257,7.425953060156845,128.38202517669077,100.0,0,1,0,1,0
S168,aplicacion,1.8019395077255118,31.23145980275628,27.916280119494427,10.699967888869555,0.594846189096577,13.800347729079528,0.18726921821001022,5.475994013394816,230.2471660070727,1398.9657029579912,1.4812900369222386,13.204913244159489,16.821834886178213,19.20673956623845,18.019553627884875,14.963323246442716,219.6443996478476,210.0,1,1,0,1,0
S169,aplicacion,1.7041624211311976,30.973278077927546,28.201137013860073,8.953162165256359,0.5863933298244328,13.109092172101573,0.1930706249193192,7.970714164278545,135.16893685670456,1403.0534496156342,1.586521743835677,13.366200438838206,16.97231964145229,19.387300857166366,17.596085138883808,9.941872026157151,142.4102134078545,140.0,1,1,0,1,0
S170,aplicacion,2.366615990150901,25.417853106440266,22.61512161332841,11.100965599262187,0.5780820975496599,7.308267923182075,0.19837379247299508,5.9619705316643,155.60639266047684,1236.5063162062354,1.2322900145077624,14.21680130325984,17.510419835415107,19.710691729403827,17.731650110975686,11.127833736010537,174.39649379584728,140.0,2,0,0,1,0
S171,aplicacion,1.519812820650213,32.87858696830884,29.720241805950746,9.634954669686953,0.5887864603778532,13.675899499951191,0.1827926013839828,2.3042915552960954,140.52640455781585,1282.2847458969045,1.332310173648113,12.908316169354256,16.39311580524213,18.59804903160808,17.338403037134057,8.243500866308693,135.11436524257428,110.0,0,1,0,1,0
S172,aplicacion,1.36168928335979,37.11535000441129,33.58684206714855,9.55793576307953,0.6029500156961616,20.694735625684338,0.18296133409008003,1.6237104303380463,174.75146747813272,1463.3646581067776,1.7806240774593054,11.594472937675741,15.108760111937263,17.412361980262258,15.770913074705009,13.662231080954962,184.99790558886644,170.0,2,2,0,1,0
S173,aplicacion,1.9574503325592425,29.605966352414026,26.4040165407107,10.836521931261412,0.5701161485613028,12.38901202870392,0.17721659166231718,8.83362585527197,217.12264577142528,1282.2822434742611,1.336759843172091,14.01334661077084,17.387433974495842,19.658994334486042,17.081714124898795,14.164032852141577,212.3064172874203,180.0,2,1,0,1,0
S174,aplicacion,1.3939090315431488,34.66932897793968,31.424054570646973,9.396802709079246,0.5709977717215784,17.07108412637392,0.16801925801218515,4.726170076893479,215.35303600701036,1363.3130817447532,1.4617963489548185,12.266335450731741,15.63724219820449,17.785928934863087,15.85464678313985,13.17029691822805,207.02568688806073,250.0,0,2,0,1,0
S175,aplicacion,1.2006327027920956,37.27126826700798,34.12302112309295,8.477595670575845,0.5806888415017258,20.62456694921873,0.16930497976318826,7.185095862563472,246.36367782593402,1254.2286358067915,1.2890153790429746,13.186382590599443,16.808904590824067,19.179098496566603,16.700585722589846,14.14759085336409,240.01339348353977,240.0,1,1,0,1,0
S176,aplicacion,1.1845949325436407,38.26063889562873,34.90315767108939,8.852098956475968,0.5960486436361039,22.078860943798226,0.1759493096694059,2.5185319752383033,172.29302663416965,1374.628297999482,1.7163214655122545,11.748475354415325,15.348209523636957,17.704413629796047,15.194800969383605,11.551828388107424,167.3492967965133,140.0,1,2,0,1,0
S177,aplicacion,1.5888397846992963,35.65979453607652,32.18380129293371,10.03200676756061,0.5953419249413029,19.577676149510605,0.1817517739338527,2.097763852690993,184.74007340305107,1511.6156870279328,1.8130374417543795,12.219033036465412,16.128679341374028,18.729600679416524,16.08912690181461,13.311065019278335,178.11418163075336,200.0,1,1,0,1,0
S178,aplicacion,1.5452644723721063,33.45108078722184,30.048515397989945,10.171936131627689,0.5926606884238045,17.028956672320913,0.17757369931191366,11.047172537298758,258.21628128893474,1249.957649278744,1.3085714607994383,14.243551190600307,18.02988121654954,20.535877636142455,17.64710036822374,15.186054321853883,244.214365889888,290.0,1,1,0,1,0
S179,aplicacion,1.0434255789145397,40.334649997219884,37.321768511266654,7.493846632207459,0.5751270803259259,24.378059210254186,0.1678756746886142,1.525318796510773,192.24926279539187,1412.9991852716057,1.6355212070513183,12.314377347889906,16.1072293681047,18.59144733175402,15.49660942454898,12.244703329583809,189.92691411522702,200.0,0,2,0,1,0
S180,aplicacion,1.7617159572714591,31.708927884365345,28.31794608305073,10.752155261481589,0.5639997865050851,15.69840274378719,0.16858342859246095,2.382964249130041,144.1375671418886,1407.2499794762143,1.7062103282303631,12.040511363542391,15.317749524913573,17.463726851161844,14.025799510054922,10.505354275358453,139.1911021087708,130.0,1,1,0,1,0
S181,aplicacion,1.3702292705759391,35.84062601808363,32.57533180658644,9.105777166120735,0.6153488392563609,18.59864049880498,0.19116697101147312,7.096393843656308,192.38059633119323,1521.1908024229742,1.7322121427874195,13.463463780826455,17.734778861860306,20.529270742062728,18.24004671563396,14.662820185055107,197.92024254701712,160.0,0,1,0,1,0
S182,aplicacion,1.1987157562384003,36.9537230459769,34.08220863497742,7.753705530841481,0.5588328848347873,20.120689621212897,0.1615482179260918,4.973185572528891,127.70995811352505,1485.079545729445,1.6967929572491005,13.297953487883783,17.133308874707463,19.599465935515394,15.269860376307532,9.349146422805493,134.26875788785668,110.0,0,2,0,1,0
S183,aplicacion,1.9547257790247319,31.628444801928133,28.114934465357283,11.356567168713235,0.6067357280136202,13.12247507872404,0.2018223795460984,2.5489787743502434,166.0791926956984,1454.7901469945364,1.6969082401611577,12.967119888590075,16.826493930395138,19.37041499886791,16.812098958841297,12.879782090169076,169.93813419561428,170.0,2,1,0,1,0
S184,aplicacion,2.2066926275117504,26.87736479299924,23.87583903191132,11.228379219058809,0.5967738506173623,8.650909632562966,0.2044411593590077,3.6543407623477107,198.23715221020944,1549.4074242977636,1.923233281762734,13.403544261382159,17.188530736733252,19.635294922653948,17.490931380583934,15.331167823572775,181.06071152443155,160.0,2,0,0,1,0
S185,aplicacion,1.0710958136618858,41.61027485191166,38.21000351948585,8.23491856472177,0.5932664693697544,25.211434193033817,0.16393624261113654,1.841886397607258,188.3512395156016,1372.1346848108933,1.5031764125479476,11.910596175317846,15.706462342320274,18.20430493523062,14.635688069761818,13.01089747698017,205.5271184489145,240.0,1,2,0,1,0
S186,aplicacion,1.5163086046077785,33.52704511350579,30.29660790712952,9.630005839958846,0.6314856320679603,14.619761175612988,0.20668241635940818,1.9727201609093297,216.9895201360831,1400.123313271748,1.6960779871863805,13.166743007788202,17.232716831489448,19.872899388680313,18.066942983911794,14.724011469433702,205.7201146302629,240.0,1,1,0,1,0
S187,aplicacion,1.4338843240739088,34.79395599903367,31.706044052764945,8.886388882853236,0.5544630659226154,19.77860044496244,0.15333586907560073,2.579048295508095,165.98702530828334,1253.3624689973717,1.2055339737060815,11.677691446323687,14.679366434763551,16.658323266759766,13.711751416680682,10.080307077057569,168.0130225209511,180.0,1,2,0,1,0
S188,aplicacion,1.8056498546065591,30.365666100768216,27.34546417460536,9.981786413034786,0.5668695170759406,14.349852704313644,0.1725116488034163,4.461293073894119,119.82333682747722,1350.4540889039458,1.5494234381318528,10.983412924361588,13.833626033342044,15.689931616426646,14.5554672637094,8.551744496035052,123.9177675848584,110.0,2,1,0,1,0
S189,aplicacion,2.266081855905216,26.29543230598989,23.51596839966256,10.651205672427215,0.566976736982829,8.208420558335263,0.18733793893262218,1.9773196688480628,203.6673982234877,1560.6180128641497,1.9543490170836049,11.527602760328875,14.722887485531098,16.819466661298375,15.394612114373022,16.179149076498025,194.58110968242917,230.0,2,1,0,1,0
S190,aplicacion,1.3179493056804743,35.68365383142795,32.531206604952516,8.896937405251077,0.5818190905221603,18.37246399428156,0.1726397341959977,2.001590216361384,141.44524839124256,1502.552814490788,1.9275777199324768,12.599472112565701,16.422032548224056,18.936792401106874,14.669881990913126,10.657046898214064,134.52907722837068,150.0,2,2,0,1,0
S191,aplicacion,1.4959235992576938,33.788391461313836,30.89519128647355,8.585582432757386,0.5556679333125063,18.912668414876457,0.15842873485436954,2.207951578905305,168.09828002179464,1563.4272803348142,2.0553028623173013,11.318659791141085,14.60350836499924,16.791911340641803,13.42743407553302,13.876687226372116,166.43188400148028,130.0,2,1,0,1,0
S192,aplicacion,1.0546373222400087,39.51677758477521,36.58381810510345,7.605048573528774,0.5586439259159943,23.821832312606062,0.16386805359612258,2.283334940692822,154.6198291969138,1505.140270872344,1.8316918656126635,11.557719614490136,15.262037057387861,17.664146467409793,14.827015285446672,10.334333846273756,151.20087289488686,130.0,0,2,0,1,0
S193,aplicacion,1.531607699243148,31.891583582832272,29.051146482108653,8.93857216676225,0.5776434913977251,13.284962500921285,0.18357274125513784,7.175274226922208,227.08882625466293,1573.628781747013,2.173206677520816,12.941393296484422,16.800360373981565,19.31746035939612,16.711455085547854,16.665110925925312,210.34401150072785,240.0,0,2,0,1,0
S194,aplicacion,1.6199838114073852,32.23320976966887,29.169079822101036,9.53495017933206,0.622116418369745,14.12094941820458,0.20790485216071214,4.773807169591243,232.19556171450435,1553.7515220795324,2.120519061222572,12.605307727483524,16.75187185650512,19.477800197143168,17.947807690325426,18.70372346097538,222.40691026697468,250.0,1,1,0,1,0
S195,aplicacion,1.6262952951736271,33.89023515465057,30.55534660556076,9.97067156410059,0.609023442754195,17.10436668488465,0.18557631776214356,2.107310585564113,152.73675770506694,1548.9953461213945,1.950485919827993,10.423270936216921,13.814856882749945,16.079694849251737,15.843356662742561,11.6827948560416,151.25465557737394,160.0,1,1,0,1,0
S196,aplicacion,1.6644978577719756,31.214742302348874,28.115224878642714,9.920189160832397,0.5668450816879002,14.073244383888857,0.17554172823295855,2.2284260718000737,187.9160428626484,1417.5302640928255,1.6522264139540583,11.873377633254623,15.047494740196177,17.10884213675704,15.01041266004007,13.685184785470287,186.9614531904707,150.0,2,1,0,1,0
S197,aplicacion,1.2076257477323655,38.71310017160613,35.53081969109624,8.25096208307271,0.5887289373540503,23.00831773963489,0.16729727287842933,3.1878903954578393,235.22217277699633,1269.3638856751847,1.300471479583714,11.794971792253447,15.044505110387158,17.159144680621957,15.313668124134125,13.890747084737644,234.10539166105195,250.0,1,2,0,1,0
S198,aplicacion,1.2317192295953139,36.85698398578431,34.00588508557868,7.733597762016497,0.5528285564952201,21.13933344796623,0.15945187242786646,3.279023958863585,235.36757362189437,1381.9392518508396,1.5667667361173292,11.62003302535869,14.855607589794538,16.964065118155148,14.308975808937582,14.554369715870925,216.03667299341177,260.0,1,1,0,1,0
S199,aplicacion,2.050243329907999,28.402284477957814,25.351426742093786,10.824290674253888,0.5969000328735101,10.83360710236045,0.1997238919967121,5.127560878650257,198.72441682218985,1548.5232845335472,1.967737476726152,13.467892347263868,17.448340270158806,20.079169480978464,17.12116842341271,16.911412822867014,200.16662512473786,210.0,2,1,0,1,0
S200,aplicacion,1.0915546476262843,40.51060278063824,37.33196764914511,7.864798489623229,0.5976108066188635,23.44958305190773,0.1704307175737051,6.002367260612099,172.2845718201043,1466.6126709236514,1.5928189069157923,12.017239701099877,15.935374596354404,18.593168075443046,16.059265248018097,13.17802395489738,195.5092653707914,150.0,0,2,0,1,0
S201,particular,0.9447680115373421,43.36582973923727,40.28462599911286,7.1843462199484875,0.5867067211818876,28.027827982156424,0.17276293115043312,3.539078195864959,95.25563658802463,1185.87803497265,1.1820306732957806,13.067231154890655,16.663835724861862,19.061816583331183,15.550865041057138,5.882069742925811,100.36829186085006,100.0,0,2,0,0,1
S202,particular,0.982404487567521,41.88992804407147,38.63396610777527,7.826782333131314,0.5890644978545763,25.023714205976596,0.17144918812204396,3.0200328574901576,113.34059455047922,1354.9934212739736,1.646720757808508,12.851343629068916,16.75449655626498,19.27175384162279,14.742173657150893,7.579942969289283,112.9026445825389,120.0,1,2,0,0,1
S203,particular,1.4939926632084612,34.035640741403704,30.955357075241288,9.158191238483882,0.5994023183761923,16.13470430993556,0.19003901947477947,5.311877327503974,111.59640036759993,1483.4137751859091,2.015841758790763,12.259511560877533,15.82440099977609,18.152637189757602,16.47101231052497,9.163358374870239,115.13544602609673,100.0,1,1,0,0,1
S204,particular,1.2802500754636361,36.25655792811791,33.42049322575025,7.899784579756236,0.5744649534455821,19.407855891585008,0.16918921398977266,2.6900563035129648,102.6418659742096,1287.7259908600336,1.500751595537569,10.468841119739915,13.27714481949419,15.102348215791698,15.572425836424319,5.44067500833809,89.9242689431446,90.0,1,2,0,0,1
S205,particular,1.100663697503244,38.22950875993722,35.67439281458372,6.721084184446161,0.597046847618386,20.40082939413772,0.18463548330522778,6.2320588600420095,116.2721974102868,1478.570742326278,1.8069095889077709,13.151326209195116,17.236295214025674,19.959572611920713,17.437859207945948,8.266823005981488,114.53835864115577,120.0,1,1,0,0,1
S206,particular,1.735973442484024,28.528573912279274,25.99955322415629,8.961735801160845,0.5500192690350312,10.170106950067613,0.18016865093809759,5.16215599973404,62.705904271482964,1475.6500572633172,1.9280640945411904,11.311971800865605,14.310778465181459,16.2390114871771,15.051350795324657,4.72051650965769,60.90703328830131,60.0,1,1,0,0,1
S207,particular,1.7827915384555282,30.26058902557633,27.318363358184047,9.768802018057954,0.5705439886723443,13.48999835910411,0.18170147273858384,4.682412176140618,75.99566485537092,1501.2360457101204,2.0364732823076594,10.281132410478033,13.245983555933428,15.1606835204436,14.164482954016087,5.913796898595196,80.53973693432164,70.0,2,1,0,0,1
S208,particular,1.115543720057799,39.310344603172226,36.12744137868161,8.106613857572222,0.5419069278390265,22.591983897961626,0.1496918143526687,10.581899882542263,52.22995103305838,1530.6341349131194,2.1266511691517525,11.242544301482063,14.249357201199691,16.174205188384533,12.858561431231115,4.84885380533502,57.83880411391916,60.0,0,2,0,0,1
S209,particular,1.7758409768493912,31.849209070979708,28.674685766341405,10.2374026857187,0.576743245045151,15.250885579095216,0.1757905700216435,4.616479629875414,121.25701313815595,1296.541436172063,1.4210535972860272,13.155603462626816,16.348933500990004,18.474236558400133,15.702077571722377,8.42061183651484,127.31067158786603,110.0,2,1,0,0,1
S210,particular,2.278305514826301,28.121913372712033,24.872414312315023,11.7272767374637,0.6269953735103251,10.5513973775331,0.2194402637536348,3.9389357500240267,102.62003850373924,1342.232017615861,1.5372110581093357,12.470940906256903,15.908059533714006,18.23923720499095,18.5591271853737,7.930162849764497,109.3678718206589,100.0,2,1,0,0,1
S211,particular,1.3776739639039757,34.56894165468755,31.556019585159596,8.824239910861149,0.545757460169349,18.870938662930513,0.15817924156665522,2.380459794062117,123.88287049082962,1431.2335483335478,1.8521417262088924,10.456603104986485,13.43544112978192,15.390620816755119,13.34303023772774,8.827484593303305,119.07003103843601,130.0,1,2,0,0,1
S212,particular,0.88529689381573,39.99040162701175,37.400427054113386,6.612448147258273,0.5502499810613517,22.714119538482873,0.15741838447362283,4.587835440943501,79.63004125465514,1453.1748848355537,1.8551558308131904,11.857487346491165,15.493609900864783,17.86372756316666,14.127863039698953,5.433092741269851,78.30494261335545,70.0,0,2,0,0,1
S213,particular,1.4515045193424545,34.09939984337807,31.207689260583983,8.645842625706837,0.5631829798116774,17.76862971132198,0.1658559871761948,5.981226660719628,90.04182679951904,1487.9480834119104,2.0073829273559944,12.829461889499697,16.428563748411673,18.799105366015226,14.377494232970793,7.67896771067056,89.59322202858286,90.0,1,1,0,0,1
S214,particular,1.8152940722078585,30.768724500459466,27.818455523007362,9.658334283222212,0.6068888785481161,13.479192277825664,0.2020732255229166,2.8463384399247444,124.10400337567937,1215.044906158295,1.284794113760963,12.654439580392898,16.148583202915233,18.405286848662985,17.39046917709513,6.987357451978305,115.64685197461365,130.0,1,1,0,0,1
S215,particular,1.1011129990719144,39.54592880097591,36.660292461779996,7.415039468680571,0.5418573224675596,23.932603117465813,0.15588796339486732,3.59754912729437,89.65181285481837,1435.2331193298735,1.8017806571155668,9.938153120935283,12.781680465003305,14.709277204992532,13.272002156916086,5.875106216261096,84.97117174975638,70.0,1,1,0,0,1
S216,particular,1.1876081293271539,39.07898175061455,36.09242501215664,7.803062077646564,0.5905790947340013,21.742201248658013,0.1752055766634874,1.7477795980496986,79.86770846322973,1465.0396199989575,1.956256945802056,11.399182978816214,15.3222027939065,17.96561355103434,14.945730921182216,5.30954835917138,74.56521609874618,70.0,0,2,0,0,1
S217,particular,1.2053019546400152,39.01013709180003,36.045928687124004,8.027237874728032,0.5520486544737121,23.732746550389926,0.15772239051371081,12.582080714167416,70.64222657809421,1240.211499918439,1.4696768379322924,13.128119624851337,16.595784054110048,18.91388622989498,14.267107633708088,4.695812437900902,69.09933913968385,50.0,1,2,0,0,1
S218,particular,1.4962556512092393,32.148328432828386,29.3063867068288,8.886365765217302,0.5729518372814615,15.16397157355863,0.17741921009094122,2.1137795333527998,77.03028930280558,1249.4385051892673,1.4690620126883285,10.884331595272757,13.676684903055243,15.499699960821042,15.88057253119262,4.298667157816051,70.30831922388657,70.0,2,1,0,0,1
S219,particular,1.05408065192978,40.61701647539728,37.713836402939414,7.432930789192843,0.5513072771831494,26.01180412907247,0.15131958882175064,2.279338035945769,104.61037072631,1327.0609081145642,1.5185605578382946,12.063421131607251,15.365567536373623,17.430253529906768,13.050005027575493,6.595293003691677,103.63442099914687,90.0,1,2,0,0,1
S220,particular,1.8821569205069217,30.08060803977442,27.087285593812986,9.981316328629854,0.5870634713798867,12.84831113459938,0.18824166496656233,3.301523457937517,103.93113177800599,1188.162872638623,1.1480449033726563,14.103232194613167,17.64021796854079,19.948099395498208,16.77778212740311,5.829318822602254,100.91904465907696,100.0,2,1,0,0,1
S221,particular,1.6859020806222236,29.609039248071248,26.758719810262164,9.639538196694756,0.5636853006436006,10.273744146659642,0.17929659827677008,3.2762247893583236,105.8330409381924,1396.9682969327887,1.8037555146693125,12.972136140996467,16.44428547909878,18.643414086295,15.72334552203824,7.3921082042589195,103.92855920540953,90.0,1,1,0,0,1
S222,particular,1.4382340392028161,33.839752279341496,30.688292927016356,9.398575455129762,0.5689612853785921,17.077561453772837,0.17398356573798476,2.6205148870631705,117.2336793224697,1435.3962264381869,1.6937750148812036,11.501181392093516,14.826074289508217,17.002955384391505,15.581824923219486,7.007934805647894,102.87977553011869,100.0,1,2,0,0,1
S223,particular,1.3098316873703129,34.644545086030725,32.045155831599814,7.511962125358201,0.5726793342900505,16.69671288497782,0.17358081490398725,2.6499492262488595,66.0633863943023,1377.885867260998,1.8435705682294337,12.289038915776032,15.705231274120605,17.837525577281692,14.668671042034143,4.132754262983367,60.198070180426704,50.0,0,1,0,0,1
S224,particular,1.244433600241985,36.078395810969205,33.41689074880821,7.422456239819539,0.5947900170058462,19.002833780990596,0.17888109774744554,3.8424570350708094,111.64437089043895,1347.842035950908,1.5492457414069818,13.258362762591876,17.345490098620314,20.06457257449335,16.47454387222903,6.921347636249789,102.50203155295426,120.0,1,1,0,0,1
S225,particular,1.1784227656877238,38.241774147848645,35.11701502926952,8.354883104225895,0.5876737519244981,23.452787290598444,0.17030988336132408,4.710066277877917,79.69803954332176,1260.2072372434675,1.4952387152221531,11.345271126839313,14.363160438986272,16.297624160006382,14.997886326109883,5.141655007301557,84.28935217549102,80.0,2,2,0,0,1
S226,particular,1.2039371130333962,38.341101094569936,35.2707077501004,8.144641962054461,0.5990245230102259,21.720123402289662,0.1865048290099233,4.542348344023429,111.04740279779278,1480.6553757401946,1.8272683752937176,11.35878882546589,15.067382177976105,17.52044732885106,14.90346528851811,8.743229993441243,114.4468836973384,100.0,1,2,0,0,1
S227,particular,1.1244141544044315,37.24684933442952,34.28578679892598,8.003097164278946,0.5380073340984106,19.933839399042636,0.15010037068619936,2.3916110048908856,105.45419106389743,1307.4465655857452,1.4637810071476431,11.464044047140348,14.460383092602168,16.41617610074598,13.507328030532785,6.463718475319297,107.94373440294252,100.0,1,1,0,0,1
S228,particular,1.0573861331366414,36.623458316855434,34.4886192216265,5.861554959232313,0.5803872014109317,19.12233758354288,0.17449346595595233,4.08267416192231,80.17931065670845,1369.9020468906742,1.592281437952325,12.563689408964176,16.210875502471303,18.55940261965448,16.19690051237725,5.4672307970261596,84.33743437936451,90.0,0,2,0,0,1
S229,particular,1.185992167950697,36.33985663738117,33.847788218321526,6.898905844643345,0.5629049890286283,20.31310425892522,0.16460189707773656,4.861598432395768,100.78918961211508,1477.908353103899,1.9196561291107053,11.285898013999747,14.926478885200932,17.33872404352616,14.86127395051441,7.313448617330839,106.5117281513769,110.0,0,1,0,0,1
S230,particular,1.2455080015129538,35.90932004708023,32.86068645899156,8.478392637925317,0.563237659401693,19.635932539646156,0.16467185352918606,1.838580835078362,49.529942389394186,1489.5150131185817,1.7634720645889836,11.749475222806396,15.211041151338174,17.412443550560035,14.935702902547044,3.7071519697252073,52.42888979817495,50.0,0,1,0,0,1
S231,particular,1.50357473702127,33.57682314474395,30.647871911048554,8.807995602692682,0.6043339904434516,16.236112877497014,0.19448192274328707,3.483563834686192,85.52313599008848,1277.0631543720378,1.4378245271293546,12.012992423317275,15.561198398203755,17.929540109243995,17.577830409988675,5.987254884221182,93.72519726255315,90.0,1,2,0,0,1
S232,particular,1.462492950543746,36.04416550074815,32.52642813534391,9.903300179041642,0.59824147691844,19.877168848371838,0.17237586587456408,2.76111711009134,78.28219313013928,1276.5800148196022,1.5017318538556903,11.33733254344333,14.778020794615731,16.936563665736383,14.656889790648533,4.911618634831452,79.30276688619595,60.0,1,2,0,0,1
S233,particular,1.1353058437608,37.75187642584865,35.04666368405534,7.219705063302326,0.559626652373633,22.18568671605153,0.16538040850658517,8.764022269016692,105.37924201628637,1185.5796908938937,1.2293220708285648,11.37395948206675,14.269319728067849,16.220750792810332,15.593256701015008,6.091630172623523,106.80624086505739,110.0,1,2,0,0,1
S234,particular,1.2367074461188414,39.85652768079422,36.5175940396816,8.506998352856609,0.6057901344797425,23.940200074009237,0.1799693920755192,2.176827274281482,82.15172630625823,1383.070467165599,1.8053959150733232,10.805993628498062,14.181892962406462,16.361398557027574,15.231267377596415,5.853095467441223,86.36543643699831,70.0,1,1,0,0,1
S235,particular,1.0573098753663446,41.552372259401125,38.27649181973552,7.906003533696992,0.5702278251027963,27.484594928737124,0.149366764834338,2.3495827174170674,69.50800425878234,1350.1804344821217,1.6157041781844936,9.695049436975221,12.55612216487627,14.408281722749045,12.572208074900738,3.9619919936202828,62.40152031498421,70.0,2,2,0,0,1
S236,particular,1.129786759878085,39.027784987824376,35.9932700916246,7.980160594595551,0.6163251729733904,22.3900736941609,0.19354619106501733,2.5475114734848416,71.64684427329927,1344.3798059598976,1.6710774653101097,12.979400436951142,16.931888691396992,19.449968676047092,16.828628596082105,4.4167193788392565,66.05258576362846,80.0,0,2,0,0,1
S237,particular,1.2723111832777811,35.01097846102408,32.27088885209709,7.846973656592293,0.5896925066555356,17.797266674470745,0.1894589022076208,2.5870470719687093,74.36520719336463,1349.6010207531478,1.72033138714471,12.353083486253064,15.982709747714976,18.355488663159107,16.226304776743614,5.299098067268824,75.99085197141989,80.0,1,1,0,0,1
S238,particular,1.4955695847889916,33.39417122141263,30.414178714615826,8.96346409641489,0.5639313897683723,17.385429962620222,0.1762505697244763,2.6944143052085634,69.41155418143433,1314.0151417481284,1.4474341880776955,12.265139464622614,15.579798660927443,17.7283277576732,15.830003184540368,3.994171337623225,63.475679436012776,60.0,1,2,0,0,1
S239,particular,1.8460791261266702,31.08951545258077,28.040770189423604,10.072006404343188,0.5863000778842731,13.364090531227353,0.1860364240882048,3.186518091457637,79.94059582111666,1223.860237293361,1.2323601349798885,12.067249211110141,15.032399950336703,17.01979854850863,15.991459694337752,4.744168049663366,77.96829596948908,80.0,2,1,0,0,1
S240,particular,1.2105046918328477,35.99531297653382,33.36904060319883,7.410582298850042,0.5861434796894645,18.530222752693668,0.1732136194889763,3.598019450198938,52.13961222627563,1514.333629880124,2.0060226463190625,10.932735705674101,14.189409965956525,16.29410744192211,15.494097615319022,4.186185644179366,57.68980252556493,60.0,0,1,0,0,1
S241,particular,1.166162424752533,40.575725521012835,37.32173956217033,8.108269026216897,0.5586494986872574,24.810522851167683,0.15154925102911668,13.69658800370748,70.57621386005727,1458.2419899993315,1.8686436979910035,13.260757329441885,17.077942349106436,19.591392637609985,15.996864021135535,5.0348667949419665,68.34757194779722,50.0,0,1,0,0,1
S242,particular,1.2319524379870646,37.400384136811155,34.44220496278278,8.088355767931615,0.5634846707453004,21.773275669476327,0.1586770372574824,2.8499703046630436,110.30041442715844,1222.0842746058715,1.2925447219118236,9.973048604908184,12.443211990693962,14.1335391819447,13.468180658109686,5.796548939068876,93.57634586557947,100.0,2,2,0,0,1
S243,particular,1.6992066853935672,31.12218058941795,27.82953599085827,10.671895587972182,0.5705429345122199,12.66830237362814,0.18129291298051553,4.014620250215569,75.73630145961684,1243.1609793889418,1.285086715281899,11.544855052035652,14.568823449230235,16.55925491876482,16.221940550642802,4.755141004472202,77.62937648822609,80.0,1,1,0,0,1
S244,particular,1.1209550689351044,41.08061573005238,37.52251929707748,8.774401789630051,0.5789228264636078,25.63217220630774,0.1608714459602182,7.464192178049546,87.9956450375332,1502.078070976169,1.8317881210801252,11.833276539911013,15.679018574939704,18.304951847330763,13.888478491977013,6.640655461375076,92.35950767892479,80.0,2,2,0,0,1
S245,particular,1.438531767124433,35.63273664435256,32.32962332809101,9.197670282071822,0.5874663621530916,18.98859855196245,0.17214900279949624,2.694318322244856,85.1466054301088,1430.6348760934725,1.769875831688854,11.17787260714576,14.387296495978621,16.505216074890097,14.402192282612791,6.826699514786215,88.31872575018812,100.0,2,1,0,0,1
S246,particular,1.3894146574583293,34.37907781567164,31.315525000700642,9.038396816455272,0.5505180924463104,19.79963967799986,0.15956329348262677,7.7122441478724655,89.60328112758211,1264.1077739016766,1.3991204785789235,11.767767826202364,14.677676821509968,16.64246804285806,15.118780724145127,5.78201848003996,90.00937213505672,80.0,2,2,0,0,1
S247,particular,1.2731157415626315,36.384741646893026,33.30195637637979,8.505600311637334,0.5842743537491076,19.99832864870249,0.18178847113450997,2.5420672515785827,55.72288773892184,1217.3939892816056,1.2695410513933645,12.973568736261335,16.296292756780346,18.435035870807674,16.620648559264488,3.936315324255456,61.703841557302404,50.0,0,2,0,0,1
S248,particular,1.8164263986357383,30.554682809384737,27.834634716107303,9.006745119671564,0.5447664821369103,13.493455470871282,0.16212357951881626,2.105112209287749,58.79009676599136,1282.39752385876,1.3457209581453948,12.79619507035685,15.952809428461634,18.102884581565828,13.712413017470686,3.9615819635867076,55.51870455712607,40.0,2,1,0,0,1
S249,particular,1.4219815200223782,34.052423198235985,31.179935399932862,8.461192100522545,0.5886832604169764,16.547717305052846,0.18875487487563478,14.444240507979861,82.88618357959452,1320.6064167199484,1.551537907700622,12.8031368099533,16.48984399831604,18.98543709433452,17.971116662557005,5.567466037643615,82.1041549812529,80.0,1,1,0,0,1
S250,particular,0.9042608214369267,42.17787861102446,39.52019122301149,6.343654249686804,0.5326840372025887,27.929997847774473,0.14374104174115737,4.804730250180238,118.70201616253553,1219.3068000267915,1.2383372162568582,12.505164043314446,15.815200984497151,17.97359305475041,12.477468438374002,6.597062234436441,117.28054522218356,130.0,0,2,0,0,1
S251,particular,0.9114101086304931,42.442316900579925,39.288012116483195,7.553863597618772,0.5610435145177258,27.898834366933045,0.15153571838870586,2.043277323246668,90.95618116246744,1512.0782307303557,1.9688491667145485,10.435308883832892,13.693310248116326,15.899873665300266,12.91656085047335,6.603523419224392,91.07722099141128,80.0,0,2,0,0,1
S252,particular,1.1321779272981998,41.279093969399206,38.34335282068782,7.848613556818654,0.5648876213717516,27.31382588386605,0.165824381463557,4.499069034693804,63.76472393295823,1258.0551588883068,1.3391555354615623,11.712638981886235,15.18375284704897,17.488462909754787,13.80604127014406,3.926855478301955,63.834701997957026,60.0,1,2,0,0,1
S253,particular,1.9692733779794218,28.857289312863735,26.0919334155294,9.599687896510904,0.5603229647211051,12.103112135637499,0.1790576508413312,2.381938166307937,77.01823924077343,1309.89738065867,1.5179075457317983,12.703054981969888,15.90403979368486,18.007473077578712,15.06400574999582,4.9414529508794125,73.25560069228831,80.0,2,1,0,0,1
S254,particular,1.32113757422228,37.506556124232006,34.4489358445132,8.512348038582124,0.557582522749954,22.567950879732585,0.16330549307136782,2.1159171664884364,114.63405040506782,1289.953705755296,1.4803784193191307,12.06328122381186,15.481689805030879,17.766618589442448,14.059109905296655,6.535680903247294,102.17705363386077,120.0,2,2,0,0,1
S255,particular,1.1094069975455993,39.53411867999837,36.220863496282604,8.463416322763878,0.5919595119496506,22.810748351659992,0.1772850727347784,5.933252940169362,99.65819509663353,1367.8803983605471,1.2797571798115597,11.85117937451256,15.572822643858707,18.018191009217514,17.73913833784753,6.687372075856564,111.6655738809252,80.0,0,2,0,0,1
S256,particular,1.0956640236918656,39.88358290159132,36.751923688565235,7.929631109964279,0.5567663315571826,24.618809953529016,0.1502217660367376,9.643574231058128,69.5362181896773,1481.5961216709386,1.912402875153847,11.375313576345325,14.72723610671884,17.002180620096333,14.134850053944705,5.096443885357657,68.44486594937075,60.0,1,2,0,0,1
S257,particular,0.9784670145049926,40.794561001593145,37.886308655963816,7.210903143101329,0.5598482512842623,25.118596525307225,0.15490079319316918,8.41751449853103,104.15488810279581,1325.120051443491,1.665041698786934,9.473630993631069,12.073439732312416,13.774747600654752,13.4142976507678,6.020287599610982,95.58442019059495,100.0,0,2,0,0,1
S258,particular,1.7893384241010124,33.361796673134265,30.423571827312333,9.23214912992643,0.6050352292133532,16.1469262438032,0.18849048755561768,1.8772727730063306,61.96334208553354,1457.9618895363733,1.8713266632502907,12.961947324051678,16.73446421052677,19.209845120771252,15.574672567310577,4.7656042913024805,61.42275653800215,60.0,2,1,0,0,1
S259,particular,1.4406857017392403,34.51766468882247,31.48612801584083,8.963025631231384,0.5466227593926266,19.517147769666593,0.1556375456649413,13.780822876274451,103.14032180552599,1439.2383021733167,1.581263861016654,13.701270997322935,17.433637421400938,19.958385064932788,17.466465248933222,6.755198475298258,96.35277598912504,110.0,1,2,0,0,1
S260,particular,1.4749231038759882,35.24513189726895,31.95276327716175,9.404950525604502,0.5914591903537056,19.900500969059134,0.18114965554706183,14.995039367039652,89.34764805988162,1324.9348766571975,1.3930157561462304,15.523858861489414,19.590315820510188,22.27761499559834,18.585987987736363,7.7255461308650695,108.79974292030866,80.0,2,1,0,0,1
S261,particular,1.1151308958085258,39.37741099718565,36.26810354357266,7.928842593736126,0.586987093573896,24.129937072840402,0.16706796781887395,2.6339472998182325,117.34881074153975,1492.350567934371,1.845094693309264,11.757125828422707,15.558984471699409,18.05593858289715,13.802623834415918,8.935179403145108,120.25502800696252,100.0,2,2,0,0,1
S262,particular,1.9592045008229733,28.391670734472505,25.536326157647064,10.212241629374471,0.5725366953515991,10.8384731590649,0.16957291004972597,2.7709490741462526,56.22855909895115,1221.9074093230277,1.1441179032978008,13.70525974714943,16.85374255183786,18.98177895543958,15.16092595510063,3.2159971528698734,53.744026108732456,50.0,2,1,0,0,1
S263,particular,1.6236017202874344,34.05457119652537,30.96273752157537,9.036250532536162,0.5706260746828554,17.814157024071598,0.17093445313432593,1.9699652899902198,58.14129383157232,1290.2551375033302,1.4110556849316414,11.212876018527004,14.20041442027345,16.15429828919271,14.815658595982477,3.6135856430806563,57.396162567425975,50.0,1,2,0,0,1
S264,particular,1.0740621158552408,39.42210967155985,36.606045528750066,7.252833743659272,0.5802281848305421,24.156253600862303,0.16679289082516052,3.7910332235371618,76.58897681129744,1221.4390322737502,1.2009297511216523,10.826734175140702,14.05674170648896,16.068062536149146,14.600070112180777,4.387971347244397,80.19275470896785,90.0,1,1,0,0,1
S265,particular,1.419339912848827,33.96540843916892,31.025420731970677,8.716546282896477,0.5680093797247622,17.115069636427375,0.17131745983231833,1.8014857172902563,118.08792125575182,1255.0072065128277,1.462713787356872,11.34491120885637,14.307226404457927,16.2844981593527,15.604739449985209,6.746197281001406,108.4350630518718,90.0,1,1,0,0,1
S266,particular,1.922535015520592,28.35850179111738,25.419186630739823,10.461322518187492,0.5677198114586384,11.179548785319579,0.18654252882840094,15.310909236314952,51.62866586469073,1506.59806351391,2.008129507799281,11.342239961550357,14.248219397670463,16.182362898770155,16.511628888115073,4.334320090014127,53.607011761297784,50.0,2,1,0,0,1
S267,particular,1.2943067306615754,36.18958861376359,33.370641684405044,7.862720753820426,0.5897551524858767,19.903061249356977,0.1720702227860805,2.6846828479675247,102.01981859052701,1421.3704226999612,1.8310755039059008,12.322172639572274,15.901835942992438,18.292988459446352,14.899303347325715,8.069390569472079,108.07675341755312,100.0,1,1,0,0,1
S268,particular,0.9429627918245991,41.81813006504026,39.428275666615455,5.902920895495657,0.5486762160260741,26.660365851337833,0.14715352044291166,18.678767766347324,60.82467810670546,1478.5266513058086,1.7806435521620574,12.648466511905518,16.359569072513136,18.891017308966916,17.43001709639794,4.389453061018129,56.22819827970263,60.0,2,1,0,0,1
S269,particular,1.1818655133062712,39.9707083385318,36.42381588714686,9.024691136590263,0.5941701340458276,25.507684737742334,0.1666491058737888,2.6402487922287667,95.19972097045267,1316.3431925500463,1.4725874541833317,11.370338786678706,14.633562129043659,16.808840805135524,14.359799629813905,6.782415090869437,97.48262768629527,80.0,2,2,0,0,1
S270,particular,1.1206916434800622,36.82244001297347,34.309477640426536,7.000261235544168,0.5679989519871895,19.642222627443868,0.16972199601273572,2.493631338194498,99.181378214667,1278.6777495382978,1.3323993337188422,12.346407933624395,15.647964085876366,17.828912215805175,15.969067916067637,5.954641125591664,103.73630580052966,110.0,0,2,0,0,1
S271,particular,1.4484336870359407,35.84592187292771,32.67258218555154,9.005694921109804,0.5888898803794023,19.581374381754515,0.17290464557085022,3.73060568188587,109.55467341732258,1228.221957767013,1.2791782659465218,12.24726917510475,15.548851110159227,17.770983437556122,15.034978247431384,6.221077433198545,102.66239436884189,100.0,2,2,0,0,1
S272,particular,1.678342455670021,32.04879410457649,29.143992108345156,9.267757048756604,0.5528191466628483,15.304204381033497,0.16993051957461972,3.378144891315423,89.6583663674375,1233.731462353176,1.3729403150929476,11.287122878558199,14.070753710489338,15.902480022868076,14.417955673350685,5.827954156914137,91.88399060589066,90.0,1,2,0,0,1
S273,particular,1.500946176719831,32.99990087250136,29.685192623792524,10.058600052609137,0.5785067231355338,16.003746374458636,0.17568948097730336,11.255598357720018,59.87015252336562,1206.6148443652637,1.3276743915048468,11.197004840218803,14.014195137353077,15.793446824795465,16.578495286657354,3.282155296599344,55.54371434604949,60.0,1,2,0,0,1
S274,particular,1.6328365154387334,31.025855385874753,28.53095648422779,8.110790181376712,0.5726355777133258,13.949058784281538,0.17892796066795635,2.051717800802454,83.43058634631223,1360.3576602531425,1.6183966862733934,13.176495565593504,16.337357620486284,18.41840247354073,16.022760730581766,5.647064744224091,78.72160773889993,70.0,1,1,0,0,1
S275,particular,1.1459296461564004,39.977032123026426,36.77948957864114,7.899981229345249,0.5821337456934608,22.411931318075,0.16452298944042526,5.263485740090697,90.59812342450007,1528.6895140670988,1.9961527141588264,12.487575267779663,16.28142673083653,18.77040522350241,13.085576680870224,7.897770354819445,102.48053204934163,80.0,2,2,0,0,1
S276,particular,1.3368671306277506,34.46798229860532,31.88145538482441,7.619357563049881,0.594608961517978,16.61026149691522,0.18777714376368332,6.492097031410674,72.47936692553111,1362.409003288686,1.516041824587464,12.304163034636503,15.855264494386692,18.21376745033636,16.861683268313254,4.5931307565964,70.14970308256608,70.0,0,1,0,0,1
S277,particular,0.7830047147394747,45.038168679503954,42.14328961106732,6.4082350798841645,0.5617264950509525,31.677667026021414,0.14126257090645675,2.758651757859886,101.39510626660551,1188.303040594795,1.1550286112142198,10.168201219352381,12.98078940737045,14.744716520819644,12.444855332436784,5.042679127172275,91.13334874726407,80.0,0,2,0,0,1
S278,particular,1.4940366514076446,31.304382000261096,28.802583757060667,7.989196133815786,0.576054742851654,11.999038281761019,0.1822767762666357,2.849608859815979,84.04813627408205,1397.076221960751,1.749195792169164,12.077658972958266,15.553383618270125,17.839046301742545,16.23380286260317,5.826293573716056,82.25741634245274,90.0,1,1,0,0,1
S279,particular,1.1842866251054196,35.81125878077835,33.07984880335201,7.912321114183082,0.5435619320895824,17.54845402691799,0.15322581538663513,5.7684731831727065,67.17969335753074,1262.8430122327995,1.5468523709227695,11.92611588180227,14.777361481692079,16.63100972201897,13.582420943123982,4.127537398738258,63.42313972508903,50.0,1,1,0,0,1
S280,particular,1.9314122840535757,28.933105141362535,26.39962927441321,9.046681899305934,0.5750802958938148,12.610619103817479,0.18908670054904542,2.6886435314823536,62.52498250728695,1226.21840138197,1.41242209312944,12.738897554670826,15.796111529149504,17.868106750875945,15.889964990577498,4.141543154330878,65.91631006387357,60.0,1,1,0,0,1
S281,particular,0.9186868125773853,43.831640372309565,41.09116308454976,6.3950620746983,0.5308598880102944,30.363627145253037,0.137420594871108,3.993174730590956,57.545790810326366,1240.4496843865984,1.2896031334258675,10.11926412383865,12.902873326314982,14.723720666855007,11.685114439441213,2.828796563266017,49.49424645356029,60.0,1,2,0,0,1
S282,particular,1.3831378947101831,35.89327354180822,32.322391509895226,9.930674231711478,0.5439977445866521,20.355864298299984,0.1617266369786418,5.397664480057418,56.60130974584403,1190.1486679553236,1.0551696663034158,12.533150125061203,15.939472540760384,18.20867530111182,14.057397253281431,3.243652871496713,55.91776132435397,60.0,2,2,0,0,1
S283,particular,1.347794269599724,36.110615754601774,32.95982809140328,9.054935074399166,0.5843776970803675,19.23788163837527,0.17811359780663621,2.986099149871845,98.81430201008692,1318.955920969398,1.7119254480278316,11.899017283821998,15.18169973790333,17.327964639016038,15.214016351154164,7.346790764359659,103.67701098320033,100.0,1,1,0,0,1
S284,particular,1.303303767628387,36.55146236382793,33.42056804533367,8.614274586991318,0.5702865282497714,20.63964272147384,0.16879820079058003,6.219246633496239,64.04833354590941,1521.6395694502314,1.9198415722474809,10.679139223297243,14.0081927525552,16.209541467489004,14.288026660250894,4.738759295079463,65.02928289332824,70.0,2,2,0,0,1
S285,particular,1.5374405247994383,32.83806469104007,29.76726066817942,9.35485520901311,0.5615555543011194,16.019716276871197,0.1681647531348948,5.959424936769907,60.25592040136208,1340.805444885765,1.5807148282128831,11.50679433595311,14.290881133014118,16.146491953178632,12.931450452171768,4.491903013592873,60.760930617373404,50.0,1,1,0,0,1
S286,particular,1.239036676081898,36.53689323685553,33.2476528635364,9.06356295816712,0.5547787750212347,20.96961962513428,0.1543993084593496,14.885149819776789,118.60127394798812,1428.365094379929,1.85014010435046,13.888666132631315,17.598997056644397,20.05025320277276,16.288304647917744,9.498948533295287,119.10314846952122,110.0,1,2,0,0,1
S287,particular,1.2297862418623546,38.06250222079718,34.75295374279413,8.740525294057443,0.5578928535756087,23.249833187372133,0.1506769570963084,2.47596080193244,124.22930001863749,1324.8326038912348,1.4812022149672277,10.752741307970748,13.847544660924328,15.855831182051745,13.18560554689857,7.55036117898446,126.72594432019307,130.0,1,2,0,0,1
S288,particular,1.5831785401930565,33.28920360816389,30.52471280824267,8.425018309927918,0.585453684173666,16.90544552653414,0.1818330986220908,4.119292920608516,111.55641090623551,1439.2859477993036,1.648178541684151,12.319853152957606,15.830991718055904,18.142874496748956,17.261412405231273,7.797883989949535,108.5425190636848,110.0,2,1,0,0,1
S289,particular,1.2833622576627666,37.51326662497846,34.25321532857875,8.910528309077216,0.5982875993803936,19.781752040193407,0.17468023197459215,3.3804066073858587,85.97526356063092,1219.2440142982896,1.2750566144865163,13.150373363760385,16.8372829018124,19.2362178574681,16.075439098047806,4.801910064637011,83.46631822157407,80.0,1,1,0,0,1
S290,particular,1.5780647972050548,31.479629629745034,28.800609684788988,8.634392883023251,0.5480717051081404,13.86446689201326,0.16039493702055693,3.619236925768438,73.61109637204082,1438.114332581394,1.806775771273173,11.180178187142197,14.160815745821415,16.088477590533177,13.492249248223251,5.31119953818882,66.95346271108785,70.0,2,1,0,0,1
S291,particular,1.1122532563120535,38.30146966263942,35.01186662227699,8.550367156924331,0.5984178379372457,20.25296582330536,0.1814589660429217,5.516848544961333,99.05436774825617,1342.9242810046971,1.4231470659056824,12.580803262279224,16.397989819824744,18.931226097560813,17.77078285140895,6.626918392621671,100.55170633384378,80.0,0,1,0,0,1
S292,particular,1.1891350524636863,39.11917742184398,35.91120920886423,8.188674000408707,0.5878259004922592,24.041975327275505,0.1629845727339059,6.125504472530072,117.17337309611585,1520.457410731708,2.2212647628669187,10.581531446198303,14.015676563776672,16.337758630237428,13.886276276435352,8.964448862934287,113.1073801784539,120.0,1,2,0,0,1
S293,particular,0.9321743555598625,41.72549589953087,38.89690089704945,6.754608013473701,0.5746487292100831,27.335673759195686,0.1633627730067062,2.5149146709140004,81.22913776390365,1374.878812888369,1.8306522243980536,9.57750137962758,12.52406374182978,14.442563139824326,13.525762264656578,5.117971830900583,77.75738427395947,80.0,0,2,0,0,1
S294,particular,0.9589424037900208,43.00221411767664,39.91088485508915,7.246030322716727,0.5863236005936349,27.64264296854344,0.1664518578365176,2.0887435609980125,79.4255444816592,1518.3744174740334,1.8428604228981795,11.629241411816968,15.226650048489923,17.5617148833252,14.445661583271214,5.8560805573765835,74.1274479479636,80.0,2,2,0,0,1
S295,particular,0.7698366168144013,46.08105824890224,43.55849355518525,5.492501885103969,0.5698827153922859,30.260794147831177,0.15772855529554966,8.481610138335691,78.62725382564489,1441.94610779845,1.818267859846148,10.812121241778163,14.237654763435366,16.506031368343976,15.240220009188477,6.248793790523401,91.8518569734238,80.0,0,2,0,0,1
S296,particular,1.3170931844835199,35.06909773612034,32.36079999795785,7.839760296074466,0.5645309945956896,17.606343643642777,0.17382098773138205,2.3899628864201277,88.96194844460418,1274.2239995316208,1.2055916783010303,13.480541394314509,16.80212930189325,19.023179324076118,16.44371149290993,5.3128634225603975,88.11881906019836,90.0,0,1,0,0,1
S297,particular,1.1133703023130919,43.60645093690344,39.82397932855967,8.91630934208424,0.6232089246354966,28.84972034181236,0.15630645064290846,12.79719136793364,57.262543766909914,1196.0809400373068,1.16623442532716,11.987792528511013,15.200371203483506,17.42791411425804,13.978736696331087,3.212014579514089,54.141328278584936,60.0,2,2,0,0,1
S298,particular,1.2402549478769056,36.14555530742215,33.580542665506854,7.357581616043744,0.5450588751734756,21.022304594224888,0.15799277110305268,4.016619243772537,84.68347580703961,1321.527873974359,1.4057611235757272,12.998403131847626,16.351873717287596,18.524201412492893,14.46655511021011,5.268805972666136,84.632852645971,90.0,1,1,0,0,1
S299,particular,1.4298219469013298,36.547517597966205,33.371132999202366,8.858685236991047,0.5807450715912518,21.159652472561742,0.17009733811694425,12.956770849451198,117.91681877850638,1266.875311100642,1.534710633238075,12.079527306119768,15.328462381642073,17.505108351994654,16.232221685250273,6.8608240080073655,105.30879740356326,100.0,1,2,0,0,1
S300,particular,1.511143160293727,35.018648297127825,31.486122223572842,10.059402642035057,0.5915077656560926,17.917503007878594,0.1846161128433736,3.281160761888742,98.97405137355773,1324.7899821205897,1.6345557764032963,11.88130822408152,15.210144539335655,17.35438713870185,15.609814132021105,6.652255663705011,97.1035718682547,80.0,1,1,0,0,1
